Date,PASSENGERS,Number of available seats Domestic and international level,Number of domestic flights,Number of International  flights,Revenue Passenger-miles/Domestic,Revenue Passenger-miles/International,TSI/Passengers,TSI/Freight,"Trade, Transportation, and Utilities",All employees Information,Employees In financial activities,Employees in Government ,Employees in Leisure and Hospitality,"All Employees,Education and Health Services","All Employee,Mining and Logging: Oil and Gas Extraction",Employees in Other Services,Unemployement Rate in Houston Area,Texas Business CyclesIndex,"PCE on Durable goods(Billions of Dollars, Monthly, Seasonally Adjusted Annual Rate)",PCE on Recreational activities,Recession,WTO Oil Price,post_covid,post_vaccine,post_delta
1/1/2001,1158092,81196157,718557.9639,64255.44712,47938167.18,18682646.35,100.3,99.4,494.59,48.91,87.28,314.64,186.97,226.05,35.8,95.7,4.1,188.5,916.5,19089,0,29.58,0,0,0
2/1/2001,1091003,73704583,718557.9639,64255.44712,47938167.18,18682646.35,100.3,99.3,495.1,49.02,87.38,315.2,187.54,226.86,36.16,95.57,3.9,188.8,938.9,19089,0,29.61,0,0,0
3/1/2001,1317215,82211844,718557.9639,64255.44712,47938167.18,18682646.35,100.8,99.5,494.98,48.9,87.51,316.16,187.92,227.46,36.14,95.9,4.1,188.9,925.1,19089,0,27.24,0,0,0
4/1/2001,1273746,80938470,718557.9639,64255.44712,47938167.18,18682646.35,101.4,98,494.75,48.78,87.46,318.02,187.74,228.18,36.07,96.19,4,188.9,908.3,19089,1,27.41,0,0,0
5/1/2001,1335349,83754265,718557.9639,64255.44712,47938167.18,18682646.35,101.9,99.5,495.32,48.2,87.45,318.62,187.92,229.79,36.8,95.97,4.2,188.7,916,19089,1,28.64,0,0,0
6/1/2001,1331688,82865877,718557.9639,64255.44712,47938167.18,18682646.35,102.2,98.7,495.42,47.68,87.29,316.73,188.95,230.63,37.18,95.71,5,188.5,934.1,19089,1,27.6,0,0,0
7/1/2001,1413441,87079555,718557.9639,64255.44712,47938167.18,18682646.35,101.9,97.9,495.37,46.12,86.94,321.15,189.67,231.58,37.04,95.04,4.9,188.1,925,19089,1,26.45,0,0,0
8/1/2001,1402240,87717155,718557.9639,64255.44712,47938167.18,18682646.35,103,99.3,494.99,45.93,86.8,324.22,190.26,233.29,37.26,95.26,5.1,187.8,942.5,19089,1,27.47,0,0,0
9/1/2001,804314,65361009,718557.9639,64255.44712,47938167.18,18682646.35,83,98.1,493.94,45.3,86.52,326.77,189.23,234.14,37.37,95.19,5,187.4,904.1,19089,1,25.88,0,0,0
10/1/2001,1094164,69552136,718557.9639,64255.44712,47938167.18,18682646.35,86,98.9,494.59,45.08,86.21,324.8,188.66,235.51,36.98,95.38,5,186.9,1035.1,19089,1,22.21,0,0,0
11/1/2001,1133274,66632329,718557.9639,64255.44712,47938167.18,18682646.35,88.3,98.1,491.68,44.74,86.16,326.17,188.59,236.79,36.97,95.34,5.1,186.4,997,19089,1,19.67,0,0,0
12/1/2001,1135604,69510768,718557.9639,64255.44712,47938167.18,18682646.35,90.4,97.6,487.17,44.12,86.16,326.5,189.2,237.72,36.95,95.44,5.2,186.2,955.6,19089,0,19.33,0,0,0
1/1/2002,1065195,70105149,718557.9639,64255.44712,47938167.18,18682646.35,92.2,98.8,491.15,43.42,86.92,328.03,189.16,239.21,37.33,95.39,5.9,186,970.7,20119,0,19.67,0,0,0
2/1/2002,1031653,64517654,798860.418,53565.55859,38163039.74,13096268.92,94.9,99.9,491.85,42.86,86.62,329.43,189.67,240.01,37.29,95.65,5.7,186,983.2,20119,0,20.74,0,0,0
3/1/2002,1242417,73503746,798670.1641,53563.88281,38152425.52,13090831.16,94.1,99.1,491.68,42.5,86.52,330.2,189.21,240.28,37.32,95.74,5.7,186.2,974.9,20119,0,24.42,0,0,0
4/1/2002,1185794,72803818,799050.6719,53567.23438,38173653.95,13101706.67,95.1,99.8,490.54,41.75,86.47,330.43,191.26,241.41,36.89,95.59,5.8,186.4,1001.5,20119,0,26.27,0,0,0
5/1/2002,1250383,75809674,798289.6563,53560.53125,38131197.09,13079955.66,95.8,101.1,490.53,41.68,86.69,331.99,192.88,241.76,37.11,95.97,5.8,186.5,962.7,20119,0,27.02,0,0,0
6/1/2002,1248629,76879798,799811.6875,53573.9375,38216110.81,13123457.69,96,101.6,488.82,41.46,86.81,331.99,192.69,243.1,37.59,96,6.6,186.6,968,20119,0,25.52,0,0,0
7/1/2002,1307109,80595218,796767.625,53547.125,38046283.38,13036453.63,95.8,102.9,487.21,41.11,86.75,334.25,193.19,243.54,37.94,96.16,6.4,186.8,1001.6,20119,0,26.94,0,0,0
8/1/2002,1258675,80868442,802855.75,53600.75,38385938.25,13210461.75,96.3,102.6,486.01,40.82,86.58,333.9,193.98,244.5,38.06,96.55,6.3,187,1019.7,20119,0,28.38,0,0,0
9/1/2002,1011321,73849591,790679.5,53493.5,37706628.5,12862445.5,95.3,103.1,485.81,40.69,86.52,336.09,195.17,244.14,38.29,96.59,6.1,187.2,983.9,20119,0,29.67,0,0,0
10/1/2002,1134115,77124746,815032,53708,39065248,13558478,96.8,104.6,484.17,40.55,86.77,339.65,194.75,243.1,38.24,96.88,5.9,187.4,969.9,20119,0,28.85,0,0,0
11/1/2002,1097920,72812742,766327,53279,36348009,12166413,97,104.8,483.92,40.12,86.94,338.92,195.79,244.51,38.45,97.02,6.1,187.4,978.5,20119,0,26.27,0,0,0
12/1/2002,1212390,75616059,781653,57219,41361303,13388093,96.4,105,482.78,39.9,87.06,339.68,196.53,244.78,38.55,97.38,6,187.3,1009.9,20119,0,29.42,0,0,0
1/1/2003,1054325,75100667,785160,57667,36211422,12885980,96.5,104.2,481.01,40.04,86.84,339.49,196.35,245.66,38.46,99.78,6.8,187.4,982.6,20810,0,32.94,0,0,0
2/1/2003,1004508,66514415,690351,51259,34148439,10715468,96.6,103.4,478.76,39.8,86.96,340.29,197.01,247.01,38.48,99.54,6.7,187.3,956.4,20810,0,35.87,0,0,0
3/1/2003,1194334,76228184,797194,58926,41774564,12567068,94.9,103.8,477.1,39.71,87.01,340.36,197.17,247.96,38.59,99.99,6.6,187.3,984.6,20810,0,33.55,0,0,0
4/1/2003,1114618,70959285,766260,55005,39465980,10370592,92.5,104,476.81,39.55,87.9,340.61,196.86,248.22,38.5,98.94,6.5,187.4,1003.9,20810,0,28.25,0,0,0
5/1/2003,1206285,71761853,789397,55265,41001934,11575026,93.8,103.1,474.09,39.33,88.36,340.93,198.19,249.06,38.63,98.81,6.8,187.5,1005.7,20810,0,28.14,0,0,0
6/1/2003,1275799,74465181,798351,58225,44492972,13918185,94.6,103,474.53,38.92,88.47,341.94,198.34,248.85,38.5,98.9,7.6,187.6,1013.9,20810,0,30.72,0,0,0
7/1/2003,1410444,79108160,831619,62957,48321924,15516794,96.8,104.3,474.27,39.2,88.35,339.67,197.63,249.34,38.63,98.55,7.3,188,1024.9,20810,0,30.76,0,0,0
8/1/2003,1244241,79595941,830737,63760,46982527,15906430,97.2,103.8,474.19,38.91,88.97,340.78,198.62,249.9,38.81,98.9,7,188.5,1059.3,20810,0,31.59,0,0,0
9/1/2003,1049969,73605919,781804,54017,36819820,13570889,98.4,105.1,474.79,38.78,88.99,339.86,198.54,250.74,39.04,98.84,6.9,189.1,1041.1,20810,0,28.29,0,0,0
10/1/2003,1196460,76529369,818308,54272,41480412,13447446,97.5,106.8,474.25,38.51,89.32,340.46,200.11,251.28,38.78,97.84,6.5,189.7,1036.2,20810,0,30.33,0,0,0
11/1/2003,1166771,73395323,765842,53817,39333528,12817176,98.8,106.3,473.97,38.38,89.43,340.36,200.39,251.21,38.72,97.43,6.5,190.4,1053.5,20810,0,31.09,0,0,0
12/1/2003,1267799,77335110,798392,57578,42699596,13929565,100.6,108.8,474.04,38.27,89.54,340.23,200.07,251.78,38.88,98.1,6,191.2,1051.5,20810,0,32.15,0,0,0
1/1/2004,1091764,77146785,787237,58293,38114607,13515639,99.4,107.8,474.53,38.38,89.67,342.95,203.27,252.46,38.56,98.37,6.7,192,1048.1,21941.8,0,34.27,0,0,0
2/1/2004,1107746,73880259,761618,55822,38575084,12153432,101.7,108,475.55,38.25,89.67,341.67,203.36,252.83,38.54,98.53,6.3,192.7,1065.2,21941.8,0,34.74,0,0,0
3/1/2004,1275688,81026015,834476,60649,46507739,14735428,102.8,110.4,475.85,38.12,89.57,341.67,203.09,253,38.97,99.37,6.5,193.5,1079.4,21941.8,0,36.76,0,0,0
4/1/2004,1249595,79318899,817899,60455,45795662,14338191,103.2,110.8,479.38,38.16,89.85,341.35,202.82,252.41,39.12,97.76,6,194.2,1062.8,21941.8,0,36.69,0,0,0
5/1/2004,1262662,81588952,833350,62596,45350262,15388457,103,110.5,478.1,38.08,89.95,341.52,202.94,252.76,38.93,97.13,6.1,194.9,1091.5,21941.8,0,40.28,0,0,0
6/1/2004,1341907,82779262,836916,64256,49774219,17006831,104.7,111.1,477.82,38.11,89.97,344.31,202.79,253.23,38.59,96.68,6.7,195.8,1043.6,21941.8,0,38.02,0,0,0
7/1/2004,1440590,86649009,871049,69890,52730292,18182782,104.3,111.3,478.58,37.69,90.05,342.87,205.22,254.05,38.55,96.7,6.5,196.5,1076.9,21941.8,0,40.69,0,0,0
8/1/2004,1298700,86942038,882979,68332,50816430,17760431,104.6,110.2,479.18,37.61,89.95,342.38,205.13,254.6,38.37,95.9,6.1,197.2,1079,21941.8,0,44.94,0,0,0
9/1/2004,1118463,77986620,819294,56541,40644161,15247819,104.3,110.8,478.03,37.49,90.16,342.94,205.59,255.1,38.3,95.82,6,197.8,1099.3,21941.8,0,45.95,0,0,0
10/1/2004,1268831,82291114,861291,58659,45765588,15384002,106.3,111.4,479.52,37.26,90.38,341.66,206.81,257.91,38.71,95.32,5.9,198.4,1098.6,21941.8,0,53.13,0,0,0
11/1/2004,1251442,79135732,820048,58312,43561708,14118725,105.7,112.2,480.3,37.11,90.21,341.01,206.15,258.1,38.78,94.72,6,199.1,1099.9,21941.8,0,48.46,0,0,0
12/1/2004,1308888,83231929,836232,63469,45181080,15523403,106.4,111.9,481.56,37.01,90.46,342.26,205.96,259.22,38.51,95.19,5.8,199.8,1122.6,21941.8,0,43.33,0,0,0
1/1/2005,1218405,81084792,807338,64803,41609095,15580719,107.7,114.2,482.16,37.54,90.57,342.91,206.51,258.81,39.65,95.8,6,200.5,1096.4,22847.6,0,46.84,0,0,0
2/1/2005,1145220,75440323,760955,59351,40114944,13470430,108.4,113.3,482.23,37.41,90.65,342.91,205.24,258.75,39.6,95.61,6,201.3,1113.2,22847.6,0,47.97,0,0,0
3/1/2005,1454992,85747280,866593,68802,50789921,17293704,108.4,112.5,481.56,37.63,90.8,343.67,206.24,259.95,39.67,96.08,5.5,202.1,1120.2,22847.6,0,54.31,0,0,0
4/1/2005,1331312,83050137,838122,66430,47002623,16218686,109,113.2,486.42,36.88,91,345.21,208.39,260.69,38.42,96.53,5.2,203.1,1142.8,22847.6,0,53.04,0,0,0
5/1/2005,1426116,85980392,872961,68225,49016422,17394296,109,112.5,487.42,36.64,90.91,345.47,208.71,261.17,38.64,95.98,5.3,204.1,1116.4,22847.6,0,49.83,0,0,0
6/1/2005,1487977,86609755,863422,69814,52181786,18750411,108.8,112,488.06,36.62,90.71,342.93,208.86,261.68,38.86,95.93,5.6,205.1,1154.6,22847.6,0,56.26,0,0,0
7/1/2005,1545060,90483563,887084,74818,55290372,20037449,109.1,111.9,490.13,36.39,91.86,349.61,209.1,262.68,38.85,95.32,5.6,205.9,1202.2,22847.6,0,58.7,0,0,0
8/1/2005,1431219,89608961,890938,73164,52510003,19205090,108.6,112.8,491.57,36.41,92.15,350.13,209.67,263.78,38.62,94.96,5.4,206.8,1139.5,22847.6,0,64.97,0,0,0
9/1/2005,1146999,80964733,814935,61812,43524915,16631990,110.3,111.7,492.45,36.4,92.54,347.9,210.57,264.35,39.08,94.74,6.2,207.8,1113.8,22847.6,0,65.57,0,0,0
10/1/2005,1383127,82318032,831265,61017,45895538,16089364,107.9,111.2,493.57,36.08,92.47,348.2,211.55,264.75,39.26,94.48,5.7,208.7,1099.6,22847.6,0,62.37,0,0,0
11/1/2005,1364523,79151133,797460,59265,45109831,14771787,109.7,114,497.67,36.21,92.8,349.88,211.78,266.02,39.25,94.3,6,209.9,1116.4,22847.6,0,58.3,0,0,0
12/1/2005,1436926,82918301,802067,65240,46190194,16339078,109.1,112.6,500.71,36.1,92.67,350.37,211.56,266.88,38.83,94.27,5.4,211.1,1128.2,22847.6,0,59.43,0,0,0
1/1/2006,1362870,81348009,785364,66236,42966268,16157877,110.3,112.7,499.83,35.94,92.58,351.14,214.3,267.25,39.32,94.02,5.7,212.4,1167.9,24748.8,0,65.51,0,0,0
2/1/2006,1274161,73757850,715843,60661,40927215,13913445,110.7,111.9,501.03,35.98,92.41,351.32,215,267.93,39.56,94.07,5.7,213.6,1143.5,24748.8,0,61.63,0,0,0
3/1/2006,1525558,85480121,823793,70264,50693391,18095206,110.6,112.2,502.79,36.03,92.53,351.36,216.5,268.58,39.49,94.31,5.2,214.7,1151,24748.8,0,62.9,0,0,0
4/1/2006,1459569,82991119,794390,68537,48800883,17685346,111.5,111.5,503.56,36.59,92.21,349.11,216.66,269.87,39.85,95.96,5.1,215.6,1151,24748.8,0,69.69,0,0,0
5/1/2006,1549895,85233860,824051,68676,49302219,18465819,111.8,113.8,503.71,36.63,92.34,350.14,217.17,270.54,39.98,95.87,5.1,216.4,1147.2,24748.8,0,70.94,0,0,0
6/1/2006,1581015,86336051,820310,71424,52200272,20275368,110.8,113.3,504.65,36.65,92.25,350.05,216.46,271.11,40.22,96.4,5.6,217.3,1149.5,24748.8,0,70.96,0,0,0
7/1/2006,1616666,90151121,852114,76301,54506446,21510904,111.2,112,505.5,36.8,92.16,350.84,220.06,271.76,40.54,97,5.5,218.2,1168.7,24748.8,0,74.41,0,0,0
8/1/2006,1510843,90024823,866551,74735,52074386,20342613,109.8,109.8,507.03,36.81,92.35,353.8,220.85,272.38,40.82,97.38,5.1,219.5,1146,24748.8,0,73.05,0,0,0
9/1/2006,1332407,81730332,799777,62710,43108587,17537122,111.2,113,509.09,36.82,92.55,354.48,222.28,273.18,41.33,97.67,4.9,220.8,1166.9,24748.8,0,63.87,0,0,0
10/1/2006,1452980,84229901,828218,63105,47137132,17365868,112,111,509.97,37.06,92.59,354.84,221.53,273.58,41.73,98.24,4.4,222.1,1168.3,24748.8,0,58.88,0,0,0
11/1/2006,1450699,80421711,792523,61823,45966808,16115237,113.1,108.7,510.77,37.07,92.39,355.03,223.06,273.9,42.12,98.44,4.5,223.4,1164.4,24748.8,0,59.37,0,0,0
12/1/2006,1478809,84639954,805058,68978,46835639,17704637,113.9,110.8,512.62,37.06,92.68,355.01,223.96,275.47,42.24,99.07,4.1,224.6,1175.5,24748.8,0,62.03,0,0,0
1/1/2007,1384759,84354435,803924,69634,43823680,17450335,114.3,110.1,515.11,37.26,93.09,354.32,223.6,277.31,42.7,95.65,4.7,225.9,1183.5,26616.7,0,54.57,0,0,0
2/1/2007,1318713,75799074,724657,62711,41270274,15087982,114.1,110.8,516.73,37.29,93.46,355.95,224.74,278.31,42.84,96.14,4.5,227.1,1175.1,26616.7,0,59.26,0,0,0
3/1/2007,1533796,87561518,830373,72367,51518429,19346351,116.4,111.9,519.18,37.34,93.67,356.61,225.89,279.35,42.82,96.67,4.1,228.5,1178.5,26616.7,0,60.56,0,0,0
4/1/2007,1499192,85179094,809663,70037,49772604,18462964,116,110.4,520.9,37.2,93.21,358.43,226.76,280.13,42.68,95.51,4,229.7,1181.2,26616.7,0,63.97,0,0,0
5/1/2007,1563563,87873082,844074,70437,51031835,19341759,119,110.5,523.19,37.33,93.51,359.2,226.98,280.99,43.04,95.43,4,230.8,1197.7,26616.7,0,63.46,0,0,0
6/1/2007,1547933,88605372,832163,72797,54018698,21325672,117,109.8,526.13,37.38,93.79,358.83,228.91,281.49,43.38,95.52,4.6,231.8,1178.2,26616.7,0,67.48,0,0,0
7/1/2007,1570955,92900558,863658,77533,56572990,22709269,116.7,108.9,527.45,37.41,93.88,359.08,229,281.89,43.5,94.96,4.6,232.6,1180.7,26616.7,0,74.18,0,0,0
8/1/2007,1553116,92794576,872349,76818,55682567,22060730,117.6,109.7,528.56,37.52,93.78,359.66,230.54,282.18,43.59,95.35,4.3,233.3,1192.4,26616.7,0,72.39,0,0,0
9/1/2007,1329242,84375737,805066,64283,45240419,18994703,118,109.5,530.8,37.55,93.59,360.94,230.26,282.33,43.54,95.2,4.4,233.9,1202.6,26616.7,0,79.93,0,0,0
10/1/2007,1486419,86936676,841179,64536,49069269,18762030,117,111,532.2,37.4,93.62,362.88,230.82,283.19,43.84,95.05,4,234.6,1209,26616.7,0,86.2,0,0,0
11/1/2007,1447874,83926904,804635,64236,47256388,17508412,117,110.8,533.83,37.33,93.57,364.92,231.94,283.72,44.02,95.05,4.1,235.4,1197.7,26616.7,0,94.62,0,0,0
12/1/2007,1467071,87368019,803981,70325,47070645,19121625,116.8,110.8,534.51,37.32,93.48,366.15,233.19,283.95,44.34,95.34,4.2,236.3,1180,26616.7,0,91.73,0,0,0
1/1/2008,1379227,85823989,793275,70805,44233383,18682398,117,113.6,535.77,37.26,93.49,369.46,232.99,283.33,43.67,94.52,4.6,237.4,1168.4,28205.5,1,92.95,0,0,0
2/1/2008,1340529,80678778,746679,66402,43429251,16602844,116.6,111.3,538.64,37.31,93.93,367.77,232.97,283.97,43.92,94.33,4.2,238.3,1148.4,28205.5,1,95.35,0,0,0
3/1/2008,1528255,89259053,817511,74449,52016986,20818061,117.1,109.9,538.54,37.25,93.55,368.37,232.96,282.94,44.42,94.22,4.2,239.1,1143.7,28205.5,1,105.56,0,0,0
4/1/2008,1456664,85702945,799664,70840,48189445,19238317,117.1,111.7,538.55,37.2,93.16,367.06,233.61,284.48,45.03,94.81,3.8,239.8,1139.1,28205.5,1,112.57,0,0,0
5/1/2008,1526815,88697897,820114,71787,50259912,20972031,117.1,111.6,539.12,37.16,93.16,367.4,234.02,284.92,45.29,94.97,4.3,240.2,1143.7,28205.5,1,125.39,0,0,0
6/1/2008,1547180,89783653,815914,72783,52521309,22207049,116.5,110.1,540.07,36.92,92.92,368.06,233.97,286.3,45.87,95.16,4.9,240.5,1130.4,28205.5,1,133.93,0,0,0
7/1/2008,1569789,93730363,844737,77244,54621353,23555952,116.6,111.2,541.53,37.12,92.79,372.81,234.61,286.94,45.68,95.79,5,240.6,1100,28205.5,1,133.44,0,0,0
8/1/2008,1513593,91768764,823517,75242,52643145,23162473,116,109.1,542.75,36.84,92.8,371.47,234.44,288.33,45.74,96.52,5.1,240.6,1114.3,28205.5,1,116.61,0,0,0
9/1/2008,1062880,78680600,728377,59708,41015589,18737440,112.9,107.5,538.18,36.56,92.57,372.23,228.39,285.09,45.71,94.26,5.1,240.5,1073.2,28205.5,1,103.9,0,0,0
10/1/2008,1354095,80860346,758538,60997,44913078,18507570,112.4,107.5,537.66,36.45,92.04,368.39,231.3,288.09,45.97,95.93,5.2,240.4,1026.6,28205.5,1,76.65,0,0,0
11/1/2008,1257354,76460085,707246,60687,40578576,16552513,110.8,104.4,539.3,36.29,92.05,371.56,232.47,289.73,46.05,95.88,5.3,239.9,1002.4,28205.5,1,57.44,0,0,0
12/1/2008,1367704,79880143,720062,65422,43824845,18277979,110.6,100.5,538.85,36.29,91.88,372.41,233.44,290.65,46.44,95.76,5.4,238.9,995,28205.5,1,41.02,0,0,0
1/1/2009,1207068,78697077,709933,66971,39299677,17528664,109.8,98.8,535.67,35.85,91.28,374.99,234.97,291.46,46.37,96.02,6.2,237.6,1023,29177.9,1,41.74,0,0,0
2/1/2009,1120466,71903819,659899,61219,37640543,14607464,111.2,101.4,534.09,35.74,91.01,374.08,235.51,292.68,46.33,95.88,6.3,236.5,1006.2,29177.9,1,39.16,0,0,0
3/1/2009,1380428,82111842,747363,69764,46517762,18128641,108.8,96,531.34,35.68,90.67,374.31,235.61,293.32,46.41,95.56,6.3,235.5,984.2,29177.9,1,47.98,0,0,0
4/1/2009,1336041,79844963,728856,67069,45419272,18450057,110.2,95,528.75,35.29,90.51,376.9,235.1,294.57,46.05,95.7,6,233.6,978.8,29177.9,1,49.79,0,0,0
5/1/2009,1373844,81580179,748984,63841,45980480,18545191,107.7,95.3,526.87,34.98,90.3,376.57,235.95,295.97,45.79,95.27,7.2,231.5,998.9,29177.9,1,59.16,0,0,0
6/1/2009,1478622,83761399,760136,66341,49290277,20784769,109.2,96.3,524.57,34.74,89.95,377.75,236,297.72,45.49,95.1,8.3,230,1006.4,29177.9,1,69.68,0,0,0
7/1/2009,1554871,88185197,793994,71164,52704797,22969194,109.8,98.4,522.25,34.42,89.7,376.64,235.64,299.21,45.98,94.88,8.6,229.1,1020.8,29177.9,0,64.09,0,0,0
8/1/2009,1446976,86680535,781315,70022,50467288,22619720,110.5,99.2,521.63,34.14,89.22,374.09,235.55,299.85,45.81,94.35,8.5,228.6,1089.1,29177.9,0,71.06,0,0,0
9/1/2009,1227004,75867784,709793,57696,41656736,18400287,110,99.7,522.43,33.96,89.14,377.66,234.43,299.72,45.86,93.93,8.5,228.4,995.4,29177.9,0,69.46,0,0,0
10/1/2009,1348060,77095147,726573,58273,44781574,18053025,109.9,98.7,519.89,34.12,88.92,382.12,233.66,301.23,45.51,94.18,8.3,228.6,1003.6,29177.9,0,75.82,0,0,0
11/1/2009,1271232,73745383,694749,58724,41573015,16087062,108.9,101.4,516.58,33.96,88.93,382.62,233.46,301.95,45.48,94.3,8.2,228.9,1017.4,29177.9,0,78.08,0,0,0
12/1/2009,1378151,77629338,704840,64801,43650676,18175003,110.7,101.9,517.35,33.87,88.96,382.96,233.04,302.11,45.64,94.21,8.2,229.5,1021.6,29177.9,0,74.3,0,0,0
1/1/2010,1212132,77531488,694852,66583,40301481,17841075,110.6,103.3,518.93,33.34,88.86,381.47,232.16,305.13,46.17,94.27,8.7,230.3,1006.1,30959.5,0,78.22,0,0,0
2/1/2010,1132841,68557029,622999,59833,36997641,14973899,109,105.5,519.12,32.98,88.82,383.58,232.06,305.73,46.12,94.3,8.5,231.3,1005.2,30959.5,0,76.42,0,0,0
3/1/2010,1342616,81417138,739894,69737,47619591,19146484,111.1,105.6,520.35,32.8,88.75,384.47,232.64,307.04,46.27,94.3,8.4,232.5,1052,30959.5,0,81.24,0,0,0
4/1/2010,1307035,78459014,722566,66054,45662025,17935164,109.9,106.5,521.24,32.78,88.87,385.94,234.97,308.07,46.37,93.61,8.1,233.7,1046,30959.5,0,84.48,0,0,0
5/1/2010,1379209,82596331,741574,68031,46953589,20542809,111.4,106.5,521.72,32.51,88.77,395.12,233.78,308.93,46.61,93.71,8.1,234.9,1041.7,30959.5,0,73.84,0,0,0
6/1/2010,1469084,85383747,751326,70427,50387611,22717510,112.3,106.7,522.58,32.84,88.86,391.25,233.82,308.97,46.73,93.48,8.5,235.8,1044.1,30959.5,0,75.35,0,0,0
7/1/2010,1506076,90033029,782439,76123,53095873,24587686,112.2,107.1,523.75,32.31,88.88,388.56,234.35,310.13,46.68,94.03,8.5,236.6,1047.5,30959.5,0,76.37,0,0,0
8/1/2010,1415092,88740810,781423,72823,51439492,23775852,113,106.9,524.61,32.33,89.03,387.53,235.18,310.15,46.76,93.84,8.4,237.2,1053.7,30959.5,0,76.82,0,0,0
9/1/2010,1232789,79616525,718643,60368,43694603,20411172,113.2,107.4,525.8,32.26,89.08,385.49,236.39,310.77,47.03,93.83,8.2,237.8,1056.1,30959.5,0,75.31,0,0,0
10/1/2010,1357133,82105210,737224,62454,47283497,20434096,114.7,108,527.21,32.31,89.3,385.23,238.44,311.57,47.12,94.04,8.1,238.6,1079.2,30959.5,0,81.9,0,0,0
11/1/2010,1292910,77714960,704372,60704,44351331,17630685,114,107.5,527.54,32.34,89.59,385.36,238.4,312.11,47.29,94.12,8.3,239.4,1077.5,30959.5,0,84.14,0,0,0
12/1/2010,1353398,80443268,702581,66014,45067192,19358086,113,109,529.69,32.35,89.76,383.86,238.54,312.23,47.32,94.28,8.1,240.2,1078.7,30959.5,0,89.04,0,0,0
1/1/2011,1203352,79340800,681152,68426,41187426,19013720,113.8,110.3,530.77,32.64,90.23,387.61,238.87,312.52,47.49,94.09,8.6,241.1,1085,32110.1,0,89.42,0,0,0
2/1/2011,1050538,71889049,625530,61615,38285134,15742124,113.3,109.7,531.02,32.53,90.15,384.39,238.04,312.1,47.72,94.13,8.3,242.3,1083.8,32110.1,0,89.58,0,0,0
3/1/2011,1347272,85571961,754669,71925,48992221,19689006,113.8,111.1,533.81,32.33,90.34,384.16,240.36,313,47.97,94.36,8.2,243.4,1095,32110.1,0,102.94,0,0,0
4/1/2011,1225475,82712741,720073,68663,46567364,19768711,113.8,110.5,537.92,32.36,90.35,383.55,242.79,314.16,48.41,95.1,7.8,244.3,1090.9,32110.1,0,110.04,0,0,0
5/1/2011,1390869,84747977,743778,67680,49026667,21312827,115.1,108.7,537.66,32.43,90.45,381.19,242.39,314.54,47.61,95.45,8.1,244.9,1081.2,32110.1,0,101.33,0,0,0
6/1/2011,1458885,87793502,756675,69903,51552204,23096822,114.3,110.6,539.1,32.22,90.36,381.31,242.58,315.13,49.26,95.79,8.8,245.5,1076.6,32110.1,0,96.29,0,0,0
7/1/2011,1530205,92505514,783811,76305,54459007,25415397,115.3,110.4,540.18,32.07,90.45,379.83,241.97,315.92,49.66,95.9,8.7,246.1,1085.7,32110.1,0,97.19,0,0,0
8/1/2011,1413920,89054159,767948,71574,51570688,24132052,112.8,110.9,541.79,32.01,90.4,376.44,244.05,316.06,50.21,96,8.4,246.9,1085.2,32110.1,0,86.33,0,0,0
9/1/2011,1228685,80009494,706395,61645,44580290,20488322,114.9,111.4,543.02,32.17,91.21,375.28,246.03,317.62,50.73,96.2,8.2,247.7,1101.3,32110.1,0,85.61,0,0,0
10/1/2011,1304326,81575563,723222,62821,46972407,19893658,115.4,111.7,544.33,31.93,90.89,372.84,246.12,316.84,51.11,96.13,7.6,248.7,1114.4,32110.1,0,86.41,0,0,0
11/1/2011,1276661,76327628,682660,60778,44780150,17325552,115.4,112,546.44,31.75,90.76,371.22,247.15,318.92,51.46,96.22,7.2,249.8,1107.9,32110.1,0,97.21,0,0,0
12/1/2011,1324590,81142502,701348,67821,45673434,19339617,115.9,115.1,549.15,31.75,90.77,370.85,247.26,319.89,51.88,96.62,7,251.2,1114.9,32110.1,0,98.57,0,0,0
1/1/2012,1186991,78692868,677704,68013,41673200,18915701,115.8,111.5,549.26,31.84,91.02,370.94,250.13,320.77,52.22,96.94,7.3,252.8,1130.4,34503.5,0,100.24,0,0,0
2/1/2012,1144557,74994689,647027,64878,40440608,16583021,116.6,112,549.63,31.87,91.09,370.83,251,321.9,52.54,97.13,7,254.6,1145.9,34503.5,0,102.25,0,0,0
3/1/2012,1339191,85281469,728636,73363,49693743,20638910,116,111.9,551.91,31.85,91.22,370.83,252.88,323.37,53.1,96.92,6.5,256.1,1138,34503.5,0,106.19,0,0,0
4/1/2012,1312357,82144193,706994,68925,47240808,20120006,115.5,112.1,553.56,31.84,91.46,370.39,253.44,323.64,53.09,97.98,6.2,257.3,1137.4,34503.5,0,103.33,0,0,0
5/1/2012,1375074,85193744,725712,69813,49075103,21625365,115.2,113,555.46,31.91,91.55,370.98,254.34,325.07,52.14,98.44,6.5,258.3,1133.4,34503.5,0,94.7,0,0,0
6/1/2012,1420462,87828881,735084,72160,51958863,23588863,115.3,113.9,557.11,32.09,91.85,369.44,256.77,326.65,52.65,98.88,7.2,259.4,1129.9,34503.5,0,82.41,0,0,0
7/1/2012,1427367,91937381,757484,76163,54239648,24933954,115.2,113.5,558.24,32.43,91.6,371.27,255.9,326.85,53.03,99.37,7.1,260.7,1134.7,34503.5,0,87.93,0,0,0
8/1/2012,1381230,89856820,753441,74196,52870434,24375248,115.6,112.9,559.8,32.69,91.56,372.67,258.33,328.56,53.25,100.08,6.7,262.2,1138.4,34503.5,0,94.16,0,0,0
9/1/2012,1167887,79960227,677990,62528,43861215,20931047,115.9,112.2,561.11,32.99,91.63,373.01,260.43,330.19,53.55,100.36,6.2,263.7,1151.9,34503.5,0,94.72,0,0,0
10/1/2012,1272517,80300875,694712,62790,46661129,19851567,113.9,110.6,562.93,32.48,91.99,372.57,261.1,330.76,53.68,100.37,6,265.2,1141.2,34503.5,0,89.57,0,0,0
11/1/2012,1249440,77419583,669260,61817,45148868,17774579,115.4,112.2,567.07,32.58,92.05,372.67,262.6,331.69,54.04,100.27,5.9,266.6,1169.4,34503.5,0,86.66,0,0,0
12/1/2012,1253865,80934358,670793,67858,45818778,19607025,116.4,112.3,565.56,32.57,92.49,373.74,263.34,332.93,54.35,100.77,6.1,267.7,1180.1,34503.5,0,88.25,0,0,0
1/1/2013,1185955,79165398,662014,68653,42716886,19226952,117.5,114.5,566.67,32.35,92,372.05,264.86,333.21,54.95,101.1,6.7,268.6,1192.6,36363.7,0,94.69,0,0,0
2/1/2013,1110292,72648062,607564,62950,40360477,16726427,118.3,116,568.58,32.6,92.31,373.83,267.5,335.15,55.36,101.24,6.3,269.7,1193.2,36363.7,0,95.32,0,0,0
3/1/2013,1328503,85647079,710137,73801,50591912,21085987,116.3,116,570,32.86,92.26,373.78,267.49,335.85,55.8,101.46,6.1,270.9,1180.5,36363.7,0,93.05,0,0,0
4/1/2013,1249067,83149109,693876,69117,47323331,20045084,117.3,114.9,572.18,32.79,92.36,374.69,268.48,336.45,56.36,101.53,5.8,272.2,1182.3,36363.7,0,92.07,0,0,0
5/1/2013,1338319,86666443,721429,70699,50124875,22377482,116.7,116,573.19,32.88,92.55,375.31,269.59,337.55,56.65,101.97,6.1,273.4,1187.1,36363.7,0,94.8,0,0,0
6/1/2013,1400083,89546169,719340,72922,52826886,24553427,117.8,116.5,574.9,33.05,92.83,374.49,269.5,338.04,57.01,102.76,6.6,274.6,1186.9,36363.7,0,95.8,0,0,0
7/1/2013,1406454,93813172,751473,77429,54754440,26042187,117.2,116.1,576.88,33.06,93.04,375.79,272.15,338.96,57.5,103.62,6.4,275.7,1190.8,36363.7,0,104.61,0,0,0
8/1/2013,1351717,92159953,747070,75176,53123226,25714167,117.6,116.7,578.88,33.17,93.22,373.83,273.37,341.02,57.48,103.19,6.2,276.8,1187.7,36363.7,0,106.57,0,0,0
9/1/2013,1174662,81546815,683379,62011,44654213,21483923,117.5,116.8,579.88,33.22,93.46,379.63,273.48,341.42,57.42,103.73,6.1,277.9,1188.3,36363.7,0,106.29,0,0,0
10/1/2013,1274085,83998713,708414,64554,47859063,20748717,117.7,116.7,579.86,33.75,93.33,379.97,274.87,343.18,57.56,103.73,5.8,278.9,1191.4,36363.7,0,100.54,0,0,0
11/1/2013,1225659,79452114,655776,63286,44420301,18154243,119.4,119,581.97,33.65,93.35,380.22,276.55,344.61,57.53,104.4,5.6,280.2,1201.7,36363.7,0,93.86,0,0,0
12/1/2013,1330396,83373980,662288,69136,49132863,20735571,117.7,117.8,582.86,33.58,93.19,380.43,277.89,344.2,57.44,104.41,5.2,281.4,1190.4,36363.7,0,97.63,0,0,0
1/1/2014,1178393,79779042,624812,68624,43564242,20028742,117.7,116.3,586.45,33.17,93.19,380.05,278.32,344.66,56.95,105.03,5.6,282.7,1173.9,38347.2,0,94.62,0,0,0
2/1/2014,1133096,72508207,577191,63469,40543404,16936813,119,118.2,587.09,33.11,93.11,381.28,279.73,345.16,56.77,105.57,5.5,284,1204.7,38347.2,0,100.82,0,0,0
3/1/2014,1350942,88159265,696376,76064,51862069,21310134,120.3,120.1,588.25,33.04,93.16,381.11,282.09,345.87,56.56,105.91,5.3,285.5,1231.9,38347.2,0,100.8,0,0,0
4/1/2014,1234457,84811525,676337,71580,49245719,21103585,120.1,120.5,589.25,32.93,93.49,381.29,283.23,347.85,56.4,106.78,4.7,287.1,1230.3,38347.2,0,102.07,0,0,0
5/1/2014,1354280,88468426,695855,72994,51524009,23291494,120.4,121.1,590.84,32.73,93.56,381.79,284.58,348.78,56.33,107.04,5,288.7,1238.6,38347.2,0,102.18,0,0,0
6/1/2014,1365748,91975247,701992,76431,53979753,25120695,119.4,119.8,592.7,32.62,93.82,383.73,285.86,348.26,55.66,107.52,5.4,290.1,1249.4,38347.2,0,105.79,0,0,0
7/1/2014,1441959,96520210,735424,80457,56874287,26435210,120,120.5,594.83,32.41,93.99,383.46,286.77,351.02,56.15,108,5.5,291.4,1248.4,38347.2,0,103.59,0,0,0
8/1/2014,1373174,93962667,723997,76481,54640338,26231520,120.4,120.8,597.25,32.27,94.2,382.82,286.46,352.31,55.8,107.99,5.3,292.9,1258.6,38347.2,0,96.54,0,0,0
9/1/2014,1225273,83490060,665490,62408,46336496,21739193,120.7,122,598.68,32.18,94.18,385.09,288.03,353.38,55.47,107.85,4.9,294.4,1259.8,38347.2,0,93.21,0,0,0
10/1/2014,1367566,86100071,693925,63369,50112975,20835706,120.1,122.6,600.48,32.23,94.38,385.94,290.04,356.47,55.47,108.47,4.5,296.1,1263.7,38347.2,0,84.4,0,0,0
11/1/2014,1292767,81651877,648891,64800,46352174,18524898,120.2,123.4,601.81,32.11,94.66,386.59,290.16,357.53,55.36,108.45,4.5,297.9,1272.8,38347.2,0,75.79,0,0,0
12/1/2014,1368676,86849506,666264,71191,50303173,21132922,121.1,123.2,604.84,32.09,94.88,386.33,291.54,358.56,54.98,108.64,4.2,299.4,1272.7,38347.2,0,59.29,0,0,0
1/1/2015,1232680,83421189,634734,69893,45137552,20498038,120.4,123,605.14,32.17,95.09,387.11,292.15,360.95,54.43,108.39,4.7,300.7,1273.3,40452.2,0,47.22,0,0,0
2/1/2015,1150017,74547659,569972,62648,42248126,17238321,120.2,122.3,606.33,32.2,95.17,387.17,293.65,362.13,53.02,108.21,4.5,301.5,1276.7,40452.2,0,50.58,0,0,0
3/1/2015,1356672,90323907,683892,72926,53924945,21511252,122,123.1,606.9,32.11,95.52,387.34,293.97,363.52,52.76,107.95,4.4,302.1,1301.4,40452.2,0,47.82,0,0,0
4/1/2015,1306233,88617951,669783,70846,51883045,20959421,121.5,122,608.24,32.28,95.72,387.15,296.89,363.92,53.1,106.71,4.1,302.9,1307.8,40452.2,0,54.45,0,0,0
5/1/2015,1400779,92777625,690116,71597,54255235,23490547,121.7,122.1,610.18,32.19,96.09,387.4,297,364.44,52.78,107.04,4.4,303.9,1311.3,40452.2,0,59.27,0,0,0
6/1/2015,1447188,95699034,697378,74020,56994796,25448026,122.4,121.8,609.82,32.08,96.11,388.26,298.39,363.84,52.32,108.16,4.8,304.8,1309.8,40452.2,0,59.82,0,0,0
7/1/2015,1515810,100991322,732753,78536,60430804,27573804,124.2,122.9,610.63,32.17,96.38,389.12,299.78,366.74,51.74,108.76,5,305.6,1316.5,40452.2,0,50.9,0,0,0
8/1/2015,1371694,98605906,723998,75991,57819107,27156489,123.1,123.4,610.82,32.2,96.61,389.94,301.48,366.97,51.19,108.69,4.9,306.3,1322.5,40452.2,0,42.87,0,0,0
9/1/2015,1248898,87311778,658392,62367,49857937,22404240,123.8,123.7,612.13,32.14,96.82,391.36,303.91,368.32,50.61,108.22,4.8,307,1316.6,40452.2,0,45.48,0,0,0
10/1/2015,1402365,89525077,687710,63662,54074370,21786470,124.5,122.9,611.57,31.9,97,393.2,305.16,369.57,49.7,108.42,4.7,307.6,1308.8,40452.2,0,46.22,0,0,0
11/1/2015,1358981,84942542,651176,63492,50913042,18876704,123.6,121.1,609.2,31.86,97.16,393.15,304.54,370.19,48.68,108.42,4.8,308.2,1323,40452.2,0,42.44,0,0,0
12/1/2015,1397123,90268214,659785,70945,53118963,21432815,125,120.6,609.2,31.99,97.55,393.53,306.75,370.81,48.05,108.74,4.6,308.8,1323.7,40452.2,0,37.19,0,0,0
1/1/2016,1258130,86324710,636761,70476,48074919,20930267,124.3,122.5,609.83,32.36,98.69,396.45,309.64,372.47,47.17,108.81,4.9,309.6,1320.2,42758.8,0,31.68,0,0,0
2/1/2016,1174589,81955424,612176,65905,46460173,17857305,124.7,121.8,610.39,32.36,98.73,395.71,309.77,372.95,46.36,108.51,4.9,310.1,1342.7,42758.8,0,30.32,0,0,0
3/1/2016,1304802,94156648,697830,74166,56704006,21722335,123.5,120.7,610.26,32.18,99.06,395.78,309.66,373.36,45.57,108.18,5,310.7,1323.3,42758.8,0,37.55,0,0,0
4/1/2016,1229416,91606913,675633,71002,53623641,21272344,124.2,123.1,610.16,32.44,99.45,398.86,310.86,374.27,44.39,107.67,4.9,311.1,1329.1,42758.8,0,40.75,0,0,0
5/1/2016,1341370,96381341,702944,72121,57131517,23417723,124.7,122.4,608.54,32.55,99.53,399.76,311.37,374.91,43.49,107.95,4.9,311.5,1330.7,42758.8,0,46.71,0,0,0
6/1/2016,1389216,99866149,713634,75070,60278319,26042153,125.1,123.4,609.01,32.67,99.32,401.12,311.17,375.09,42.75,107.76,5.6,312.2,1347.9,42758.8,0,48.76,0,0,0
7/1/2016,1382725,104401229,731044,78726,62349210,28079998,124.4,125.7,610.41,32.66,100.2,402.46,311.48,378.02,41.78,107.91,5.8,313.1,1354.5,42758.8,0,44.65,0,0,0
8/1/2016,1287874,101837319,731988,74906,59282098,26662752,123.8,123.8,609.65,32.66,100.34,402.51,312.88,379.46,41.14,108.39,5.8,313.8,1351.6,42758.8,0,44.72,0,0,0
9/1/2016,1206037,90445645,673171,62762,52660625,22480586,126.1,122.6,609.44,32.69,100.43,402.84,314.35,380.8,40.37,109.33,5.8,314.6,1358,42758.8,0,45.18,0,0,0
10/1/2016,1304495,92169699,688347,63260,55320059,21775573,124.1,123.3,610.5,32.64,100.48,402.8,312.4,380.64,40.33,109.09,5.3,315.4,1362.6,42758.8,0,49.78,0,0,0
11/1/2016,1250473,86896657,658162,61188,53280610,18805494,125.3,123.5,609.9,32.49,100.76,403.27,313.43,381.14,39.21,109.17,5.3,316.2,1344.7,42758.8,0,45.66,0,0,0
12/1/2016,1306926,92983411,662154,72280,54812269,22001650,125.9,124.7,610.9,32.58,101.02,405.23,313.5,382.24,38.83,108.81,5.4,317,1377,42758.8,0,51.97,0,0,0
1/1/2017,1218332,89957347,645169,71242,50136641,21167951,127.2,124,611.78,32.43,101.29,403.33,316.03,382.49,38.9,108.52,5.9,318.2,1370.5,44881.1,0,52.5,0,0,0
2/1/2017,1119025,81365955,592048,63807,46484888,17661922,126.1,124.9,611.55,32.31,101.38,404.75,314.43,383.31,38.59,109.24,5.7,319.5,1375,44881.1,0,53.47,0,0,0
3/1/2017,1326162,96763000,696983,73651,58791439,21913330,126,125.1,612.54,32.54,101.4,406.18,315.59,384.21,37.99,109.81,5.3,320.9,1366.5,44881.1,0,49.33,0,0,0
4/1/2017,1233070,94777063,673380,72137,56302475,23057928,127.1,125.5,613.91,32.45,101.28,406.97,314.83,385.19,37.97,111.07,4.9,322.2,1374.4,44881.1,0,51.06,0,0,0
5/1/2017,1363368,99451590,706747,72895,59016272,24399847,126.8,126.2,615.3,32.33,101.58,407.06,315.87,386.23,37.84,109.79,4.8,323.4,1372.3,44881.1,0,48.48,0,0,0
6/1/2017,1401174,103710325,718817,76507,62468942,27079807,126.5,126.3,616.25,32.15,101.74,407.59,316.69,387.09,37.71,109.67,5.2,324.6,1384.3,44881.1,0,45.18,0,0,0
7/1/2017,1418008,108632534,739541,81408,65035199,28958608,127.2,128.7,615.13,32.19,101.85,406.09,317.03,385.92,37.35,108.5,5.1,325.6,1391.1,44881.1,0,46.63,0,0,0
8/1/2017,1112493,105782526,735233,75662,62520253,27802659,127,129.3,615.9,32.13,101.87,406.44,318.28,385.75,37.25,109.54,5.2,326.7,1384.8,44881.1,0,48.04,0,0,0
9/1/2017,1023025,91409247,652003,60039,51871547,22667597,125.4,129.2,612.4,31.72,102.14,406.71,314.1,384.04,37.07,110.1,5,327.9,1417.3,44881.1,0,49.82,0,0,0
10/1/2017,1298780,96446815,691971,64389,58257900,22261064,128.1,130.2,617.51,31.66,102.62,407.61,317.48,385.87,37.05,110.31,4.4,329.3,1425.5,44881.1,0,51.58,0,0,0
11/1/2017,1310910,90290523,656939,62616,55883966,19680722,128.4,132.1,618.41,31.66,102.35,408.21,319.31,386.48,37.22,111.48,4.6,330.6,1443.8,44881.1,0,56.64,0,0,0
12/1/2017,1371367,96283221,667216,71441,56980320,22548282,128.4,133.7,618.9,31.86,102.38,408.77,319.72,387.72,37.37,111.23,4.5,331.9,1454.1,44881.1,0,57.88,0,0,0
1/1/2018,1186117,93056109,653344,69767,51716868,21549127,128.7,131.6,619.39,31.8,102.28,407.13,320.34,388.01,36.65,110.18,5,333.5,1442.4,47107.9,0,63.7,0,0,0
2/1/2018,1154994,85156278,600492,63466,49452398,18674644,130.5,134.1,620.94,31.77,102.56,409.37,321.54,389.93,36.55,110.5,4.8,335,1453,47107.9,0,62.23,0,0,0
3/1/2018,1374882,100683549,698464,74602,61707206,23793520,129.6,135.5,622.91,31.71,102.54,409.57,322.16,391.49,36.66,111.1,4.5,336.5,1452.7,47107.9,0,62.73,0,0,0
4/1/2018,1359171,99520372,695306,72042,59340837,23106823,129.7,135.5,623.87,31.47,102.61,408.96,322.8,391.56,36.36,111.87,4.2,338,1466.7,47107.9,0,66.25,0,0,0
5/1/2018,1432452,104550878,724065,73277,62580568,25356444,130.4,136.6,625.4,31.54,102.62,410.17,322.93,391.99,36.52,112.03,4.1,339.5,1475.8,47107.9,0,69.98,0,0,0
6/1/2018,1511298,107912286,732292,77394,66095829,28194872,131.2,137.4,625.47,31.55,103.07,410.52,322.81,393.66,36.67,112.95,4.7,341.1,1471.2,47107.9,0,67.87,0,0,0
7/1/2018,1557029,112677219,759879,81620,69091745,29716690,131.1,136.2,626.01,31.75,102.52,410.24,326.08,394.62,36.81,111.9,4.5,342.6,1477.1,47107.9,0,70.98,0,0,0
8/1/2018,1458131,110046265,756345,77086,66132022,28638849,130.9,136.6,626.19,31.69,102.6,410.4,327.4,395.69,36.84,113.49,4.5,344,1482.6,47107.9,0,68.06,0,0,0
9/1/2018,1270202,98096193,686422,65032,55431352,23604682,130.2,138.5,627.26,31.96,102.51,410.46,326.89,396.57,36.88,113.89,4.2,345.2,1475,47107.9,0,70.23,0,0,0
10/1/2018,1417738,101209471,722634,66557,61011629,23294709,132.3,139.2,627.77,31.95,102.87,409.75,329.68,397.78,36.95,114.89,3.9,346.4,1480.8,47107.9,0,70.75,0,0,0
11/1/2018,1397043,94867555,678121,64528,58779361,20613643,131.3,139.7,629.31,32,102.73,410.99,328.73,398.15,37.01,114.98,3.9,347.5,1505,47107.9,0,56.96,0,0,0
12/1/2018,1404491,100428417,691040,73025,59477976,23210813,132,137.6,629.19,31.81,102.66,411.16,329.54,399.24,37.07,114.72,4,348.7,1447.6,47107.9,0,49.52,0,0,0
1/1/2019,1314022,96987157,667538,72265,54357953,22507073,131.8,138.7,630.91,31.87,102.68,411.09,329.88,399.4,37.12,114.83,4.5,350.1,1463.4,49177.2,0,51.38,0,0,0
2/1/2019,1220092,87915449,607916,65171,51406118,19291164,132.7,137.9,629.13,32.02,102.66,412.14,331.8,400.87,37.12,115.08,4,351.5,1462.2,49177.2,0,54.95,0,0,0
3/1/2019,1492492,105309484,729115,77118,65407750,24488323,135.4,138,628.38,32.19,102.41,412.21,330.87,401.49,37.02,115.36,3.7,352.8,1494.3,49177.2,0,58.15,0,0,0
4/1/2019,1415841,101856842,708988,72813,61953253,24174894,133.8,139.1,627.74,32.51,103.02,411.95,331.15,403.08,37.38,115.54,3.3,354.1,1496.9,49177.2,0,63.86,0,0,0
5/1/2019,1514742,107425049,740482,74788,65811129,26667148,134.6,139.8,627.83,32.56,103.26,413.53,331.32,403.82,37.42,116.34,3.4,355.4,1510.3,49177.2,0,60.83,0,0,0
6/1/2019,1519625,110097457,741462,79201,68413114,29322269,134.2,139.3,629.03,32.75,103.59,414.67,332.25,403.43,37.43,116.36,4,356.5,1520.6,49177.2,0,54.66,0,0,0
7/1/2019,1555592,114924902,768645,82681,71276327,30447264,134.4,140.2,631.29,32.42,103.99,416.17,333.26,404.28,37.44,116.43,4.1,357.8,1523.4,49177.2,0,57.35,0,0,0
8/1/2019,1463393,113124199,769675,78975,68147755,29802655,135.3,142,631.16,32.74,104.02,417.66,334.32,406.18,37.53,116.87,4,359,1528.4,49177.2,0,54.81,0,0,0
9/1/2019,1261890,101087368,705071,64280,58213654,25083576,135.7,138.5,631.06,32.77,104.28,418.22,338.25,407.36,37.4,116.64,3.7,360.2,1542.5,49177.2,0,56.95,0,0,0
10/1/2019,1467633,104422300,740180,65807,63323789,24290255,135.5,138.2,631.09,32.92,104.12,419.47,338.71,407.23,37.04,116.58,3.6,361.5,1529.9,49177.2,0,53.96,0,0,0
11/1/2019,1370563,98506078,694377,64025,59158778,21330058,136.6,138.5,634.24,32.83,104.2,420.06,339.88,407.89,36.79,116.94,3.7,363.2,1547.1,49177.2,0,57.03,0,0,0
12/1/2019,1504928,105336301,721420,71724,65288156,24636021,137.4,136.8,633.58,32.77,104.44,419.55,340.41,407.47,36.45,117.02,3.6,365.5,1540.6,49177.2,0,59.88,0,0,0
1/1/2020,1364156,101195135,700623,70112,57630793,23379227,138.1,136.7,633.87,32.74,104.36,421.38,340.26,414.38,36.5,118.05,4.1,369.1,1550.8,32116.71053,0,57.52,0,0,0
2/1/2020,1285706,92853045,660350,64419,55336180,18527496,136.3,136.3,631.83,32.69,104.89,421.23,340.62,414.94,36.32,119.23,3.8,365,1550,32116.71053,0,50.54,1,0,0
3/1/2020,772175,82524687,616107,51120,32526583,10229636,70,134.9,630.42,32.1,104.5,421.98,329.92,412.69,36.21,118.12,5.5,340.2,1353.9,32116.71053,1,29.21,1,0,0
4/1/2020,77286,21032453,217262,5018,2551127,356762,12.9,125.2,581.34,28.24,103.72,413.49,205.75,368.96,35.39,88.35,14,321.1,1195.4,32116.71053,1,16.55,1,0,0
5/1/2020,166444,18989982,209754,4996,6658185,479069,16.3,127.2,592.38,28.29,103.97,409.94,243.41,382.97,34.5,91.9,13,315.7,1532.5,32116.71053,0,28.56,1,0,0
6/1/2020,264643,27347184,272329,7178,13912064,894089,21.4,129.4,602.67,28.07,103.82,407.83,266.09,390.86,34.18,99.57,11.6,317.2,1676.9,32116.71053,0,38.31,1,0,0
7/1/2020,428883,45800946,410013,16692,20061944,1982897,27.6,133.8,604.18,27.69,103.54,407.06,259.31,391.26,34.08,100.39,11.1,324.6,1730.9,32116.71053,0,40.71,1,0,0
8/1/2020,483007,49771485,435302,18142,20942793,2622253,34.9,132.3,609.05,27.57,103.83,411.82,264.8,392.08,33.69,101.28,8.1,328.8,1754.4,32116.71053,0,42.34,1,0,0
9/1/2020,519640,43187717,379506,18285,20474546,2589214,43.2,132.7,612.13,28.67,103.64,413.12,274.87,392.69,33.48,101.13,9.4,332.6,1774.6,32116.71053,0,39.63,1,0,0
10/1/2020,649593,49296527,410189,23724,24425708,3433101,41.9,133.2,615.73,28.6,104.01,409.42,283.89,393.5,34.14,103.64,8,336,1794,32116.71053,0,39.4,1,0,0
11/1/2020,658643,53690474,421049,29652,23711619,4238353,49.2,133.1,615.53,28.79,103.98,410.44,287.57,394.59,34.19,103.98,7.9,339.2,1763.7,32116.71053,0,40.94,1,0,0
12/1/2020,672566,57400881,428768,38852,25075790,5750942,49.2,134.9,616.13,28.75,104.03,411.9,291.11,395.69,34.44,105.43,7.6,341.8,1719.9,32116.71053,0,47.02,1,0,0
1/1/2021,600143,55267184,408795,40455,22357660,5434809,53.9,136.8,619.45,28.71,104.65,411.06,291.56,396.81,33.28,106.23,8.2,343.5,1912.6,32116.71053,0,52,1,1,0
2/1/2021,535741,48911433,361524,34903,22477641,3840749,57.8,133.4,624.2,28.66,104.2,411.06,288.55,395.64,33.42,102.97,8.4,345,1836.9,32116.71053,0,59.04,1,1,0
3/1/2021,922854,67259515,499359,42273,36811555,5867011,53.5,135.7,628.93,28.61,104.69,408.54,292.3,397.8,33.91,108.02,8,347.2,2124,32116.71053,0,62.33,1,1,0
4/1/2021,1014469,68916725,514268,40981,40971446,6667109,59.1,137.5,629.3,28.56,105.01,410.91,303.85,397.18,34.43,108.89,7.2,349.5,2150.3,32116.71053,0,61.72,1,1,0
5/1/2021,1124904,76718359,565788,44613,49648995,8165943,67,137,631.55,28.51,105.37,410.74,305.88,400.18,34.8,109.62,6.7,351.8,2065.7,32116.71053,0,65.17,1,1,0
6/1/2021,1290654,84557731,617719,48831,57716864,10815231,72.6,136.5,634.93,28.38,105.15,410.72,315.96,401.46,34.11,109.81,7.4,354.4,2060.5,32116.71053,0,71.38,1,1,0
7/1/2021,1506711,92683345,666737,52663,64665506,13494801,79,134.6,633.25,28.83,106.47,412.03,320.34,407.71,34,114.94,6.8,357.5,1979.8,32116.71053,0,72.49,1,1,0
8/1/2021,1327579,91101493,659776,50582,58385336,13314028,77.7,134.1,633.37,29.08,105.94,410.98,317.77,407.21,34.73,116.89,6.1,360.8,1997.1,32116.71053,0,67.73,1,1,1
9/1/2021,1208889,83850089,607579,43702,50082472,10421281,79.2,135,635.73,29.36,107.12,410.6,315.15,407.15,35.4,118.65,5.6,364.3,2008.5,32116.71053,0,71.65,1,1,1
