V1,V2,V3,V4,V5,V6,V7,V8,V9,V10,V11,V12,V13,V14
W1,35511.21045371518,35577.07421181271,35674.31384347583,35764.21872439015,35850.850964203884,35772.00468248261,35860.829050908396,36295.19981510293,36546.54120549556,36579.37490177847,36539.968309351745,35769.83262701195,35759.679393999395
W2,3536.090363826079,3541.7649030575376,3531.08135059151,3514.4407374894695,3552.960442639225,3547.071636067867,3533.2489142453965,3538.2977339657914,3564.5528979175674,3575.593540485422,3494.0814124857334,3423.5357994872807,3382.838152044555
W3,9621.03966306035,9857.646736918477,9841.084272881235,9680.123536959085,9650.884340296752,9930.32376869447,9956.401930776865,9818.650043275626,9690.304229678879,9928.940571167699,10047.80182326492,9942.977928664981,9758.55836954246
W4,2306.785372354415,2332.6021876155296,2380.9353663964916,2554.5028868110335,2581.6138301268415,2593.652162262349,2620.2637305541175,2834.436956715035,3010.8263361186255,2856.183726980431,2987.9553245303578,3241.3059787709585,3722.8888058224384
W5,1928.6719976565316,1960.762496375748,1948.2711917663557,1956.8252978489345,1815.0607476511032,1884.4674051419468,1797.4414471820464,1897.2897294571223,2150.728524985272,1995.745049664907,1918.6562505490854,1653.5709381271874,1573.928858643495
W6,521.6867788015011,523.9187120462317,546.5617729970272,654.0432032104654,679.1342319569375,722.9684978067547,744.4321897347639,826.4489531296558,1074.6756714878532,1579.7396560660748,1361.7962918840944,984.0983403418046,856.8651681038541
W7,3088.9129870794864,3049.8876274915874,3203.806596254148,2222.2417167104436,3714.531688289624,3365.8779901580347,2909.2513486949797,2450.2622292174983,4419.06531184304,5680.778772317063,3640.2337456465225,3158.930976247771,2938.980254478634
W8,3676.6737097135247,3873.168516545256,4476.955809604846,4065.1170941793985,5491.023283293533,5103.4793299774965,5098.184817836442,4777.144358986284,4465.361488422995,5378.790789737838,4638.11273976945,3964.102672852862,3580.42395732737
W9,8225.707849359695,7788.404175417406,8089.942859703214,8321.324172311684,9516.301152195345,8123.103170151881,8014.344707756677,9177.195450241734,8415.605240649313,10171.60197826646,7690.790324244755,7088.293237214019,7026.191863200821
W10,5111.550458143717,5102.14829355685,5084.322933157313,5141.051843410657,5230.078037341152,5328.202186317271,5427.660068187483,5409.693248647705,5396.780361683967,5367.215786140473,5336.882860624256,5317.478861534074,5299.927007410767
W11,329.00100113228183,320.3892346906964,304.3677939183165,306.90910727920186,312.5552432458949,313.890294001299,295.1889087425908,298.7507919206644,298.35474648348594,309.27518873590424,287.9804422146655,282.75811474615466,270.3393959399221
W12,1032.7238108848633,1031.2511647362342,1023.1015246794932,1033.7585279991379,1063.4340632251658,1063.0909036269704,1057.563662225385,1050.2141749837504,1064.0274321749075,1055.7866649612054,1046.1276901535211,1041.536188741562,1039.8407613140455
W13,2458.2115174689225,2476.6560977404542,2504.4771267569645,2514.280178377396,2482.3446782387073,2487.803915124296,2510.8937539043195,2469.501732834801,2442.5330798498003,2415.4232952519355,2482.7165333171333,2509.2542374134728,2529.4235431847064
W14,2425.857289291475,2423.3641080321213,2437.1948752350027,2439.9159219219323,2425.9335836700984,2495.004275686522,2539.3812020410883,2514.6432449226154,2454.1196930846877,2449.3567248875584,2478.869189011164,2571.6103039512086,2512.0366834526076
W15,4544.260901255484,4318.013870750448,4526.453683299594,4549.918131945606,4433.952148023108,4589.9302723472765,4681.309915961507,4732.2045038422575,4266.543172344774,3872.135138756081,4533.46636145782,5845.894043466315,5530.112142152269
W16,4745.230643293378,4651.607401280852,4723.6378730346505,4702.978852215211,4669.408114546469,4754.866055880716,4845.72354455857,5048.375660355525,4715.974264796509,4658.744209016371,5463.687933211255,6126.9108255040255,5887.462987000631
W17,12016.165124790665,12012.031590740453,11989.762415245563,11977.945018168117,11969.867066980485,12055.750427113127,12065.210051276097,12076.829372625418,12085.503580586068,12090.543822551126,12093.579280053746,12103.841262732944,12088.363191897179
W18,4374.300057787806,4374.7063715877675,4373.421158392103,4373.18752549748,4383.750057671475,4170.798539454176,4125.0947533549015,4151.366384810335,4132.288433723115,4124.515846799454,4123.471473302186,4102.5097312279495,4119.7633215205615
W19,2581.4626596766425,3227.024225556148,2997.3900966832953,2784.318246588549,2491.06459928932,3234.2975024951083,3573.147337016338,3105.228061962143,2841.804814739129,4397.760505911344,6712.0546325317655,4653.675084463154,3427.6208978192553
W20,3899.6194707568798,3770.3149096181264,3696.493060100201,3687.6965243992195,3739.121401398355,3832.532357226231,3940.3646282133886,4032.067018464521,4081.221305734119,4071.7907843465287,4011.0634643205253,3902.100996292429,3770.4443687342896
W21,2366.357341436509,2458.1627494060363,2389.264834664871,2741.360173707681,3232.703254529579,3017.9251980235,2609.0514558331665,2660.1555563362713,3240.3743084445146,3401.0759931597713,3741.3560346359086,3183.3700321593856,2710.170782301884
W22,3790.3214193102262,3882.009066617537,4052.6319403909165,4311.001644020197,4241.1884233795345,4523.132770088262,4464.3964327377025,4519.766072250325,4321.789948465364,4123.004799463906,4535.3281360282,4531.8776358823625,4213.978108281664
W23,735.66160059812,810.6363099216819,816.1318863952973,783.5923137721226,747.4345468548926,806.6331476958412,882.0354797134081,867.7351272819675,762.1490252549393,831.6341596902479,889.6666948703165,840.3779167310994,741.9988968650363
W24,6516.525899460164,6805.703435139505,7340.082004982619,7706.799359818779,7417.871373212849,8274.78248052835,8199.050195749187,7762.232247415947,6951.434016391784,7365.386035042582,8644.822089004838,9123.429112223974,8816.512868499181
W25,1650.9257367631137,1807.1336642366439,1937.1856477245346,2157.8350588912976,2359.18695763778,2479.602539433014,2431.2829123146626,2394.190142492381,2380.9267288746546,2364.3576749724634,2300.459316425806,2161.0003786369657,2018.6543098495888
W26,3124.512636821298,3296.252195474863,3381.0161067749846,3743.6979968128035,3666.685071638067,4798.889603163354,4420.493368701951,4978.597413871482,4888.125987781426,5412.550543659115,8332.511892965644,5420.18652449795,3874.4452383663943
W27,2420.6769394630396,1727.796605245551,1957.1739680851806,2246.8550505635344,2627.615401274144,2877.145244540528,3119.6818453131655,3059.058161063109,3194.495220556299,3041.514110547379,3652.1711250643075,2982.0475010743958,2703.78492876085
W28,3508.5264921445555,2924.4937727241013,3020.2955036776707,3822.1446839942005,4273.643180046186,3823.874521060962,3291.4134731884355,4233.394048849797,6413.301739333593,7057.32139774839,6621.146110661426,5504.172837429119,4667.257849013877
W29,831.5509448483166,998.2851647375564,993.599832896536,1031.0541312042487,1055.311020407003,1394.3957444573862,1420.822208698776,1366.7462634290994,1266.8084830519108,1505.067548866453,1787.5068017500628,1493.9343575747937,1296.8854993886175
W30,3745.6274565819604,4144.321222454032,3922.556178716297,4079.8579504166023,4098.101305932094,4715.726026989066,4395.2433946639985,4610.898777109544,6352.770112676001,6247.6489459839295,6186.220354390869,5439.070553629877,5067.155378929951
W31,1068.0566421758292,1079.3838075610654,1148.6513719267707,1472.988985566133,1788.3816742263878,2069.561641068392,1682.3391785524966,1783.9702831755392,1812.8292678925036,1785.6266802016187,1617.8652719039871,1298.4707951892663,1200.8390717467048
W32,4490.2906534662225,4651.695719811573,4892.404208084267,4993.568587322732,5194.50595190587,5640.759514802824,5650.27473123018,5693.933922185398,5827.8614514581495,5774.25613557596,5773.218016822536,5276.533130819772,4926.738206386588
W33,1742.9317083323767,1854.79791667655,1879.4459190271182,1992.8452590300924,2869.3543657513765,2444.247758074864,2202.0727506601775,2496.1193794293713,3330.1655351644145,3728.5611614112368,2755.7904306379496,2123.069578166166,2283.825078808122
W34,1424.1255859682258,1591.1140542903802,1696.886172091003,1638.974951813424,2008.4268009087561,1936.6396993933247,2174.6857121386297,1881.719966981931,1802.7763640507171,2408.016696832421,1912.7817293860853,1723.091307827727,1554.1191615181096
W35,1443.1235516399984,1673.640473053926,1557.4840080888798,1309.9035846367788,2243.9888675076877,2511.986625226657,2119.069165768706,1737.3996853628307,1847.1907008143028,2886.272043516555,2661.2515101976123,2202.845953531023,2174.06098909376
W36,17276.43244410325,14279.961644619741,14061.400937113744,16357.113416317261,17885.45609422356,16495.77800366857,14870.263578358315,16641.21481069498,18510.21656862958,18007.21276835547,15087.023229514845,15436.056161652361,17380.592017055118
W37,2905.5243371242486,2911.38150996689,2917.8015382430217,2921.469872615126,2942.0190478935347,2961.719179560119,2968.7231743250372,2984.2329363519098,2995.72036679206,3003.0709134738117,3004.435157069994,3005.2776840456404,3013.8774476129206
W38,3090.1427918420923,3088.523332211002,3098.409920897491,3087.5222864544116,3079.687792830338,3092.1814715870078,3095.308641317264,3103.39959011528,3113.3394682261373,3129.486091562461,3128.3045815291057,3126.1029986157973,3127.1117879273297
W39,5815.4175434650415,5815.8709001253965,5792.813767043943,5799.316236988816,5790.36949143255,5742.219947924624,5722.238476334576,5716.261194258746,5701.792118137125,5703.25420291289,5687.934670240461,5663.491310926781,5645.059113085571
W40,5809.44876020271,5809.156309934145,5787.672400720261,5794.063536024644,5783.567870649928,5735.14618155991,5716.658522285482,5711.128617482208,5696.402589854138,5698.284008623047,5685.360500875569,5672.571551929101,5656.079786560525
W41,6192.299875896521,6204.534035386729,6211.715545348692,6213.017283256714,6210.590929821149,6219.223683321972,6226.626769828479,6228.9159158880675,6230.422249795803,6243.033981452594,6244.528364438304,6238.72314178693,6228.577851542918
W42,6187.246842505468,6186.277994752551,6181.974257680761,6181.198161431014,6178.240071883356,6186.284959602849,6204.7235093221125,6202.165015573523,6217.6429621501475,6239.049875855318,6240.94158084931,6239.198884705201,6227.688823827157
W43,6202.030477755991,6212.623193097602,6219.927685434343,6223.738450791359,6221.787911407538,6231.656231688067,6241.757300311972,6241.852784877655,6244.018804203209,6258.332598186132,6261.1216864881935,6257.217386324934,6249.753724073467
W44,5833.900061233184,5825.216422751742,5831.667751004318,5831.031185212119,5810.066515212909,5766.791652476444,5766.94620196051,5779.309176155809,5772.19023831902,5771.335153656774,5777.36683516151,5779.8595658164495,5776.505381062631
W45,2887.7206551065024,2880.251756972952,2872.5016235781236,2864.7980419775686,2858.206648928526,2860.501848310403,2855.2368389630296,2849.4168251177875,2843.5245980673612,2839.620329705182,2833.794020699444,2828.0103813641567,2821.9991313201426
W46,3332.458144422186,3297.808719328894,3328.108123042896,3311.675066557933,3325.726898419789,3339.7742778869983,3316.600934996604,3334.3044443839644,3316.139404174533,3351.8325829059704,3294.732498686717,3344.710886623486,3292.557211806488
W47,2888.035172964668,2881.350503941075,2874.168751292669,2867.1463971278627,2861.2657290919215,2863.762741272578,2859.271328006691,2854.0311440134024,2848.713091386677,2845.131657968672,2839.835193022731,2834.4817979945024,2829.0005021886986
W48,3058.6515556148083,3051.9873763445717,3050.9725629756795,3047.81729911532,3058.211089578245,3046.5721625709716,3070.5201975983086,3052.608749759646,3057.2474087566784,3084.9189385420746,3088.294766344852,3084.1843081593674,3069.9535698622312
W49,3221.1661642148956,3223.846465652586,3219.0392411397793,3193.937227465278,3187.2482105298373,3213.9043739295175,3174.8680519435115,3174.8068437320994,3173.6080695406713,3165.2207356352214,3144.616450537121,3143.0075494310436,3158.509464062549
W50,3227.011859804778,3255.1642793424057,3249.2145107495485,3246.8971875305056,3177.574669395443,3215.2065650291593,3248.411471310725,3239.446202080589,3228.193840414004,3238.9031049191904,3242.6165365116117,3239.854051910239,3225.794737783466
W51,6564.222859162441,6580.866005970747,6580.365253468634,6528.942003073786,6516.044882157347,6474.151659674023,6458.39716177178,6455.96150473394,6489.544989187972,6497.455441085202,6521.45868899658,6536.564815649111,6540.738131053516
W52,7085.364452599376,7077.062578234348,7060.8600133998125,7075.4239755473745,7052.161768920673,7106.091656080477,7106.897263452549,7134.695109330092,7158.57967153136,7174.316578788969,7188.407758432396,7146.680542257339,7174.4782202736105
W53,1935.4625205845462,1959.0858044507067,1982.3275698185744,2005.3144183334405,2028.0588833168204,2050.564381703528,2072.833577638182,2094.869049231993,2116.6733419782454,2138.24897328935,2159.598433135869,2180.724184371898,2201.628663032459
W54,2485.3497987470178,2479.4745225764623,2473.382667668614,2468.351830016685,2465.6272661429657,2466.1251680651335,2470.208782702852,2477.5888539615817,2487.3714180636653,2498.242255868412,2508.7460259217155,2517.902348006284,2524.4381241863225
W55,5062.002411063684,5076.508935623072,5085.086037809592,5091.546278810051,5097.186101359574,5102.430215763933,5107.421030104017,5112.207331534067,5116.807096413385,5121.228112040574,5125.474780639985,5129.550360769126,5133.457706442759
W56,3016.429527408092,3043.156496796199,3059.939704029089,3068.394855819692,3066.2577532868377,3054.5161752889767,3033.7709601221645,3004.706989507604,2967.9209810051416,2924.21385736406,2874.421392891487,2819.441350204557,2760.1976036641777
W57,2102.4745628145934,2031.298880506638,1962.0250261867197,1895.5395303058779,1833.5216282901627,1777.2287936394434,1727.4116494303435,1684.5891115427776,1649.300642591076,1622.1589180405742,1603.0123195587082,1593.2519934076552,1592.4482061016154
W58,3411.3018978995983,3429.1437513939854,3433.55500847311,3432.5454084622847,3427.7181982156894,3419.201901409308,3405.9977546904825,3388.810828508567,3368.3414910043975,3345.1411081342267,3320.9324407549284,3297.1819062997606,3275.4807029789413
W59,2527.834687661037,2526.1757063621853,2523.9881441653865,2521.3991342340537,2518.5591404147267,2515.6332128252266,2512.7913957417436,2510.198845243582,2508.0062309421596,2506.340979610846,2505.2998696040736,2504.9434064511565,2505.2923064948504
W60,9039.385525956568,9045.324716696048,9051.874216072434,9058.932122510043,9066.389419429937,9074.131505555513,9082.039803615073,9089.993424858805,9097.870866023908,9105.551714926285,9112.918340735936,9119.857545208397,9125.641995400028
W61,10124.218109368912,11287.892014179854,11269.586938803413,10535.99384426552,10575.828010545003,11000.579702555195,10994.850066669453,10917.014743923997,10990.995247242452,10787.767776913226,10799.598394373643,11295.132463264372,11418.5717235361
W62,7236.714768953483,7220.567815316605,7242.821729408315,7251.866967281028,7275.239252610962,7224.141340491707,7246.356699852993,7201.108271122753,7233.646353450258,7316.769974606039,7342.6710569602155,7474.485244833133,7478.663857515868
W63,6062.000794212851,6146.390057513032,6137.774486723073,6078.259488079081,6079.752991400417,6052.18063956176,6056.182840003327,6175.881959518477,6192.110778770775,6082.841850122007,6095.992238059287,6419.593587757244,6421.320432626395
W64,14147.421427965826,12221.287671697846,12434.345845901189,13269.434883700333,14090.414587018899,12313.575513231626,12521.781087877895,13427.633933461933,14497.545049601958,13035.424134723567,12256.951678633579,13500.005481062963,15035.965135974137
W65,19427.538367976194,17757.936755184102,18195.53945544338,19305.7081494109,19978.562661211916,18128.933857683296,18140.548787987493,19245.111454704038,20537.966506708504,19363.27728785315,18360.6815980619,19132.623457772374,20388.809579269895
W66,7387.657025445654,7621.993965379471,7589.172937160972,7420.637446702725,7363.2452013720285,7632.019523163692,7653.035151203273,7512.532395233693,7368.317541873876,7602.3583430849885,7735.495685218729,7637.965837781413,7455.3151693662185
W67,13426.981089406487,13437.465711066145,13442.245380553963,13512.293049031978,13610.426953460268,13628.067155360339,13635.472835207713,13681.18285242367,13736.59758630171,13777.464707822257,13820.372622510036,13826.796555291387,13807.26705630713
W68,6884.6113077327855,6854.5133655330965,6827.4538707319125,6798.04742627716,6758.013915885404,6705.690358017918,6652.822029476466,6610.5563878252,6570.446690296151,6530.566004037256,6494.150340762974,6465.137502293196,6444.374584180471
W69,6881.568267220278,6878.491701439697,6856.885793783389,6841.14409697165,6804.8664124811985,6778.803655375086,6754.677906255206,6736.396539979498,6711.872716880797,6691.800920491239,6675.654602989962,6668.154938808927,6655.718588455012
W70,2609.38464896376,2613.8317875843245,2613.28060038567,2622.519135407326,2622.6420542505293,2623.700427076262,2619.8083151341884,2620.1663088224,2619.0246377112076,2618.3404081317553,2612.226640972533,2611.834497878941,2611.6425015431837
W71,1875.130773650999,1855.3392686828704,1845.2260055459117,1847.3576801776787,1841.9946474254778,1814.4701569767706,1818.8274273472591,1834.4357389404734,1838.2671511562046,1818.9707375067157,1822.4977162647529,1844.082221052836,1846.9933373354627
W72,1877.7184830141894,1855.215050993259,1841.747775031422,1845.568717554209,1843.3269265008246,1825.1836046077435,1830.688796019784,1845.143511547932,1849.7356844601372,1831.422139201343,1830.0306788886346,1849.6898555894531,1840.489219779088
W73,1860.7313349575982,1833.8222110773524,1817.5453639829868,1820.077446883779,1818.8943745831627,1802.4517511316456,1809.6689241066194,1824.4498564379976,1827.994978599422,1806.8559879129907,1800.2670083259602,1813.3113635950158,1797.6135567175354
W74,5351.763564664779,4996.532722455207,4887.138235429443,4963.668562140863,4800.318052184028,4622.026926716855,4784.504989318021,4930.564020730692,4913.248991753813,4563.178743787428,4804.541665256337,5404.387358295317,6008.405136561301
W75,23642.794235226036,23714.831795014048,23763.92508262855,23860.40980035686,23930.450336423928,24076.709024971653,23993.905302837833,23990.386969464536,24003.232556035386,24054.876209774568,23894.771494461344,23956.892199345562,23922.983191670264
W76,563.8080040290342,605.0792121442161,637.8848619562626,664.02778202612,688.0770146405998,701.9338157431735,713.2811827476689,722.6533629423388,731.294828477247,737.8162993596379,743.2000137523286,747.6108720083744,751.1173507515447
W77,3841.615791877535,4192.597817760267,4248.426188378372,4179.026018295112,3707.542141262875,3767.251619589732,3690.352767587529,3567.4597746703935,3418.8676358962352,3473.070511457672,3663.8958243630645,3671.4891980921498,3533.8783806640463
W78,3842.737279768809,4004.4137916205204,3890.138263444946,3563.0942759614095,3341.0719679556146,3496.847738312741,3624.618834379928,3564.5885758224686,3598.2953399792254,3826.467652657199,4132.211567265801,4033.7732021598786,3909.339281952496
W79,1493.9960094785386,1616.432681246407,1678.1253172690404,1741.2414570427438,1757.6173358615388,1782.384015656604,1795.5013064873037,1837.2839546448477,1824.7888202398644,1842.820705126495,1863.945146066045,1973.1159917819766,2041.1236409766989
W80,1662.0366400157125,1755.5867096886975,1864.1325478312754,1904.6614822506326,1995.418659426193,2059.548026985382,2145.1975019464453,2163.1322792411916,2212.8001180569786,2256.922466419327,2408.318832609158,2539.5407544090444,2677.821124205122
W81,24583.601592989497,24734.443329222635,24655.81789395574,24788.232544011516,24643.60361271268,24941.82622449689,24874.825375641172,24750.93913685498,24628.513298886468,24449.49657354222,24689.790896173487,24826.506144708714,25036.4479200932
W82,4421.831836125097,4427.419514806911,4421.926032210514,4414.528521884173,4415.895185430002,4426.039715383853,4414.493494874429,4404.6833126583,4405.97770490097,4415.103853475165,4418.736958054878,4412.932787210934,4409.085012997354
W83,5986.547176815017,6004.061200440523,6023.195800557132,5977.295550524422,5969.149688518614,5969.1466722582945,5991.883365432514,5993.515398426102,6007.5391226232505,5999.095470366617,5994.952405096882,5969.157706687146,6016.1987281466745
W84,5344.449448530292,5344.324509584882,5346.084151648442,5349.093875813059,5352.561654788181,5355.840637910532,5358.684062369109,5361.387771055558,5364.782690639053,5370.075491414103,5378.572129343053,5391.347604893918,5408.9393981771345
W85,17303.674052494112,17353.388550793632,17411.18416709836,17476.698928588958,17547.935469911587,17621.395494751192,17692.569421184853,17756.687158225814,17809.574426977113,17848.432195301735,17872.370944547354,17882.583590451915,17882.119237632094
W86,17333.712722655513,17399.831526752703,17469.59525730669,17541.0303914706,17612.065735803448,17680.65279977775,17744.884849856306,17803.107725148056,17854.015974439983,17896.7287274704,17930.840891081065,17956.44669491398,17974.134218262727
W87,1094.185794736699,1094.9076790531756,1094.5560813361649,1092.8643007902244,1096.1519805999199,1096.8014304675287,1095.3788758754547,1094.284808165274,1089.6425242948733,1094.3762277882179,1093.3166097745514,1092.147517784884,1088.4096556684046
W88,12009.435544123255,12023.039416791667,12007.844267606508,12020.953736546448,12026.829459072127,12043.082937430194,12052.750216271197,12065.564608148952,12077.238739974217,12087.619050741116,12093.026976261903,12095.007619457489,12094.06218500979
W89,1231.3859082350468,1228.9477382037942,1235.3362400605952,1196.0133366503403,1181.358522515107,1200.6188359877685,1196.8168410794933,1181.6634327124561,1171.3328928230812,1178.730130531426,1194.3256121366833,1188.6366149504468,1169.5976855009742
W90,1865.3713986406085,1880.2336858303509,1879.4911370257807,1877.6905176286446,1884.9790052878916,1875.3774273174342,1867.2454722437158,1882.6153300975614,1883.6023834841378,1889.1811226478048,1879.1386590851819,1880.7121257078854,1863.8140032070703
W91,19841.321299367028,19882.066186786615,19928.462546869818,19971.54992376119,20003.125909776965,20017.625218155667,20013.394623186206,19993.07169429476,19962.98056067537,19931.68312950562,19908.017656194446,19899.074006580428,19908.56945411032
W92,23198.190836545356,23427.076094355896,23216.465157554412,23008.18258370084,23219.443302441807,23466.29756898464,23412.954166857362,23308.79981976911,23366.38270128769,23757.978647324064,23420.7910692556,22605.56929315468,22277.880058052757
W93,1743.0816999672004,1739.1355087815436,1735.1248460027525,1738.7595565065815,1744.6673801281786,1745.133418656762,1742.7940594334807,1744.793082617204,1747.9280379833488,1749.2346606433714,1748.1456116657682,1748.9372888510325,1749.7515636211238
W94,1817.1262118759284,1819.5407450281107,1820.1834200270914,1819.230712157032,1816.9361105283012,1813.6159782318666,1809.6317361664696,1805.369406791332,1801.2177074569738,1797.5459672294055,1794.6831513515208,1792.8992130853733,1792.3898573929027
W95,1648.2200060855475,1649.0426075747525,1652.6291136882319,1648.8047008643089,1640.6711281342134,1640.702256575111,1645.7703229825493,1643.5129077428028,1653.3513174749614,1656.9448636832878,1634.0439665235574,1634.984758156933,1635.0310280495262
W96,11376.10560531303,11401.85605370332,11331.93847827684,11319.692937233138,11441.902116273652,11455.136219566453,11466.564727233308,11413.16672925956,11446.398181275525,11494.807167455621,11525.255030503242,11493.69054306499,11527.624222402714
W97,437.3184405726149,474.4518114841923,499.5494351747591,486.16235124307997,485.0129637988344,503.43258052065045,520.7951587066797,503.6181361808115,475.5728939206445,476.023911238095,489.5962375950737,481.08254403231496,460.3015697656985
W98,565.3950311516385,592.0552344365716,622.731834573057,613.0920671155634,601.8186034838832,607.3011885602888,625.0405217668754,610.348745954764,582.1553989353371,585.8415336465201,617.6367024345433,612.704739356731,579.7769587943116
W99,15101.073939093143,15039.462269902016,15035.753462412518,14977.92585279885,15006.644767745742,14975.62870040355,14987.505407911165,14975.029153704876,15012.899252304442,15033.577529258842,15046.019386789761,15100.803729705634,15086.430560968152
W100,11402.13542476911,11488.88401709758,11388.68880960932,11358.389351252665,11369.350577644125,11432.224779077165,11441.77339699561,11341.09710760326,11385.769059468226,11419.875039086282,11507.876545833757,11401.777454022884,11393.987935332869
W101,9847.997562012697,9863.997224250312,9796.7505050493,9802.353717908209,9899.307688854537,9943.658251747112,9947.99519461906,9914.406434389812,10010.07360362198,10069.211802230113,10092.939204677858,10016.84442398639,10070.39526139398
W102,15950.983038904114,15907.008458131852,15948.42596407687,16021.943386812743,16244.898195189988,16056.449950209231,16071.395132327409,16185.26434305983,16352.70174890264,16309.055957814388,16310.519027568094,16398.513010692455,16427.17848111343
W103,4079.994775954856,4135.389617761258,4049.499974309971,4113.016517382032,4118.5184209958925,4154.565521843805,4138.611068904523,4082.374241949003,4149.363428692007,4126.4597052464605,4109.4214009617,4027.14139078992,4131.697481005171
W104,1039.188185421662,1033.5364619705367,1026.2404473776512,1020.1890346579157,1018.341109174561,1014.8563498846329,1008.136285818987,1001.3484398650122,997.4366666926962,996.2171642571516,988.9465718440175,980.6691500465245,976.6231207465656
W105,9176.682971370814,9194.58596195335,9191.409764634978,9194.005828922787,9192.155751160963,9198.01018595938,9195.367984041732,9192.706586225568,9191.718824830708,9189.731323925984,9191.284920489026,9185.852489809911,9190.613350701511
W106,2160.126226795554,2161.13554182715,2158.9314003862205,2162.204700896658,2166.877672386377,2167.841668595883,2165.047364011973,2163.9467317085423,2163.076714007146,2162.270612726618,2160.936837935187,2160.6432924134424,2160.5379538362117
W107,23920.984604943376,23944.298315652908,23968.49111125008,23979.822894908633,24026.45760175078,24019.842292775207,24062.27565138299,24093.38225633407,24145.521475771082,24179.77033163459,24211.62745893601,24233.414807390986,24294.120569914965
W108,16043.040535530748,16086.266552840389,16018.214698469972,16007.527248251452,16055.037366320084,16103.06700068934,16063.45908436318,16026.458757767605,16047.971032968273,16116.021018224592,16095.357366169495,16029.946678889875,16017.826010690942
W109,14273.408045275595,14299.269864949612,14238.990627351024,14232.28203056255,14309.839761725543,14344.644098290913,14311.438193472432,14277.44589328516,14329.737668104437,14380.388133548642,14364.182153497617,14284.221594569393,14275.029152281322
W110,7367.406471369901,7377.764327955709,7384.421470374687,7405.99778447528,7414.684755149935,7445.4699486761665,7486.135403652424,7524.746049795528,7544.1699505683855,7555.568203854687,7593.965877476177,7613.886312515909,7641.479141677093
W111,1080.3302268248979,1080.9300215201151,1080.502400343674,1077.6583341980515,1081.6431851288055,1082.511979804443,1080.1882072556862,1078.4148950588883,1071.5127965584832,1078.6094413861515,1077.3342254089462,1076.0706879445036,1070.6578106687132
W112,9507.471975980723,9520.89450322077,9523.770105289535,9543.199936061845,9598.61444929562,9551.083886824917,9556.777073263427,9561.65193628585,9674.153180224639,9599.524044865284,9617.751207687119,9589.503957867193,9646.85202969701
W113,723.4722702183495,721.4691154828478,718.4208365199866,709.0644803898613,701.323023881146,696.9681960451503,704.1119172602012,696.0696678392752,694.7381491626323,696.5558353119432,702.6104170598484,711.9497120387251,712.7848679895716
W114,10503.893120425406,10524.595852631237,10498.824989943521,10555.370008814254,10541.759063557673,10542.231579531735,10517.518672372598,10537.623371327803,10521.72315679762,10524.29649051358,10547.82322251388,10615.797006904018,10594.4344832324
W115,11288.941436612144,11358.592247418046,11424.01606569058,11430.194639230898,11404.737627681328,11407.20676297624,11412.499292266939,11381.320109667431,11350.633411021803,11334.043249559756,11342.914899631049,11349.610437377545,11335.405505968016
W116,14870.670617674448,14906.867442201594,14514.888364088787,14606.69671749792,15037.273476917422,15398.261898891906,15193.006081717082,14818.822927332123,14833.650257324114,15445.74916726914,15311.36290425253,14642.3456631102,14494.716848489255
W117,7065.173672462683,7065.11639834454,7069.277639910232,7080.448961816095,7084.058581335422,7084.407613546276,7086.118264931778,7096.952031964317,7108.351905862352,7110.2273425858875,7113.507471830372,7123.467227835589,7136.375733926742
W118,1742.375050618536,1738.4396792733112,1734.4469100543256,1738.1515671321447,1744.1540549143535,1744.6698405090913,1742.3096679847188,1744.3040638161704,1747.4999798886201,1748.8366887896525,1747.6934029070017,1748.4391091526195,1749.276178407348
W119,1027.6189199922796,1026.0450320528657,1026.17868742458,1024.6932702570973,1022.5522983744974,1019.8923168821103,1017.0368579036194,1014.2723610433009,1011.8737684703577,1010.080813464561,1009.0863981445642,1009.0256297159613,1009.9685965793677
W120,885.8573888112409,891.9924289811014,897.2927232074686,901.9676346097398,905.8778662320091,909.071976629566,911.6045181531614,913.5354304715747,915.480820995284,916.9369808045025,917.9763901810949,918.6737462761583,919.7136766500771
W121,10427.986158075544,10458.782462838322,10389.529582077455,10384.804789131402,10483.724799392663,10495.16205964694,10515.275038594156,10474.592127155369,10536.273525303539,10553.82340553118,10595.326147474614,10544.534742157512,10570.175197264061
W122,351.7070805042882,361.1595743992054,374.4708361432475,379.7319807846506,361.6106549378259,369.4528351763288,369.486298036124,367.0534214663124,359.51612735767594,357.43741228261183,368.0376205287667,386.2252272639687,373.9568426711605
W123,461.2997799084948,470.8481545938262,477.5423866061828,469.79892277330003,456.5037803453294,463.4795537670091,476.5773639648751,475.10046751835733,462.280156248697,459.31945616603406,464.70147150733607,467.9625066792369,463.9664120983128
W124,8759.335291149,8771.7744349913,8758.5301968714,8769.741987449355,8764.642960659025,8758.042594069131,8758.612051825405,8803.522926248328,8814.004115273257,8804.34476733642,8823.693584591345,8834.853374324368,8848.33752051028
W125,10866.197570235643,10946.766800301368,10888.850870403447,10840.121183973662,10852.301801315856,10929.00613639647,10950.68660236821,10865.407242038522,10878.26768525285,10935.611496405721,10990.258488753569,10920.2776781053,10897.64047038864
W126,9565.316435843817,9574.253123919269,9510.69454576689,9507.494810148053,9605.936765062032,9653.398040655919,9659.953172782656,9623.498733014354,9723.84318053862,9781.465797611354,9819.950881226972,9756.968333121991,9798.669981033385
W127,10964.084834463156,10900.72811977517,10919.422368895437,11017.936047247365,11047.948142049961,10930.593135301136,10980.592359456983,11045.372343097755,11154.306066825444,11082.780116122274,11117.473151879529,11169.223109430508,11387.289638259785
W128,3656.929277361855,3689.0398462031303,3577.750370063773,3605.756709751107,3661.31833770873,3695.118830579275,3676.8870598603194,3590.00934860147,3655.4224153129053,3692.6656817883845,3626.512790689543,3570.388869999257,3616.9954702843775
W129,1008.4603627262192,1002.211218136963,993.5451633913317,988.049761898991,990.0398580400164,987.3352759535443,979.598652636561,973.0575517690118,974.1496187647189,981.5166132038484,974.611335966485,964.8067551458458,969.5297433019329
W130,8180.313645902979,8195.852148315182,8193.940812709658,8205.530660188631,8206.304810170588,8219.948265624898,8222.518609374307,8218.673988221894,8224.632835888071,8233.524200531723,8241.39602640247,8240.018321952975,8238.767773289203
W131,2160.5577741586176,2162.585322839743,2160.66270954513,2164.080710342807,2169.4327663585073,2171.524283483089,2169.4596526407945,2168.6951835293526,2168.182875434564,2168.0178331819575,2167.063905248644,2166.5370752430304,2165.8415672432207
W132,22661.91383290651,22686.561589605357,22722.67823484122,22750.268901986587,22792.09300186339,22799.195358115823,22833.297400506297,22869.601469554673,22910.023251711333,22937.21475348325,22965.638104583173,22986.427518530243,23030.172814209574
W133,13882.402816736212,13913.888920193214,13823.599518484738,13809.241028141863,13937.124719430098,13978.749146202897,13982.319046506402,13958.143941837092,14018.781551228854,14075.221710525077,14086.586026541643,14014.50512536527,14076.784282174904
W134,12120.832112007924,12158.707926841946,12090.45829163483,12104.324213297414,12180.050182577792,12238.030467879516,12226.887783550754,12185.854728516875,12213.220071940721,12265.964736994465,12294.362973738727,12215.587784867414,12221.058396462326
W135,6209.227051517209,6227.0285679997405,6244.503551423247,6261.489411822525,6277.851424045665,6293.49056500454,6308.34962615116,6322.416020753815,6335.722418991263,6348.345136366915,6360.399705529359,6372.034168841252,6383.420481509317
W136,6403.480762076826,6438.2832736256105,6472.80567641586,6507.052328858897,6541.033744825318,6574.766446053291,6608.272730219574,6641.580357929012,6674.7221630164895,6707.7355916318675,6740.662176578119,6773.546954281819,6806.4378325804355
W137,7039.529496426234,7043.947717244118,7034.942399688242,7045.235869688353,7056.168180196546,7056.700724098867,7064.689879099365,7071.543420529485,7099.60302692231,7101.54410185329,7111.806197770476,7107.507283712783,7122.694176052252
W138,349.41263356964504,345.99553646427466,346.5652922762867,345.82286294024635,329.89987015128594,316.58191237680245,328.7801075711301,326.50265640652873,315.5254113551056,311.7176220130895,317.37764964349407,322.3547176092475,319.1587011181031
W139,7846.403853747644,7888.145855347222,7859.188188938068,7887.229573448706,7889.336683697943,7896.795001081984,7849.573385836022,7827.4286509682015,7822.245726204284,7833.008611363325,7834.058333600358,7879.1543988077865,7869.481142286618
W140,8209.250244633067,8247.352740057226,8238.065353081773,8265.115305935075,8256.175006007858,8249.27487743235,8215.988761966488,8205.436924921216,8210.659466941377,8218.38589017401,8259.73451115564,8322.591677147886,8316.119650249573
W141,11091.249216449072,11086.723139858332,10849.15992647459,10807.275856274446,11004.117925200579,11379.537935121392,11299.19559922369,10802.075640614361,10782.48238140941,11190.7449099355,11251.925105587428,10907.881553383062,10821.291891209068
W142,5404.348931526051,5406.706142946651,5408.930429930042,5415.895368773925,5423.547563038413,5429.980655208926,5435.313979594247,5445.214723615554,5458.584670672389,5470.04554716251,5480.373403050999,5490.754487119327,5501.650963373118
W143,11352.740850662847,11348.47355452971,11309.779512484862,11329.219156505284,11384.811643802588,11393.440473728986,11352.747513010238,11337.325455048403,11367.192925181169,11391.912215045124,11372.542113609969,11352.825992137916,11375.842894150332
W144,1030.0666365967281,1038.8462548426653,1057.8932281264742,1070.6790309486055,1080.4839676738522,1082.0321275653953,1099.5068725540484,1105.60526528152,1106.6644770817106,1110.2669437097368,1108.1961830273751,1117.350179871465,1115.222960809261
W145,8760.532369428198,8860.71160568516,9154.25051631857,9112.630735362824,9315.695842615238,9212.046222993933,9570.027307828941,9542.601432482172,9619.368482216958,9761.41758581404,9744.302982624196,9992.23982194613,10053.356327046304
W146,6759.673647893626,6787.990236018995,6730.850571616612,6716.068500250258,6812.863864885052,6821.064751279642,6832.107027115985,6797.444682589672,6846.031083578215,6866.010023150805,6889.919663077783,6858.925475880805,6873.004921172507
W147,132.16776159482558,134.97577667945401,140.3181589296719,146.10649115537572,146.74106628099267,147.78198482588294,150.70631036595694,154.20860048034794,156.1593277059409,156.09244813005174,157.92056999911054,160.3871238164159,161.7599836167206
W148,231.2271873163397,231.6276724934148,234.44976192921627,236.46990679129613,232.7243499599762,228.62484689499067,226.61072738661903,224.6644853563089,221.0142073751773,216.21426036484368,214.07125751713855,213.84163362311753,213.3923792899005
W149,4658.241634721827,4665.546853497936,4676.081283067242,4690.001324736585,4707.697057823659,4729.587671711528,4755.85826872167,4786.208048169454,4819.679729819835,4854.623211850567,4888.816645910747,4919.7321250534715,4944.899258975395
W150,8070.202888841063,8144.4251791536035,8055.766459432659,8022.344501989018,8032.617588522985,8083.547209666101,8077.570534923444,8003.7539565859415,8043.16177022622,8086.15478711698,8128.723069469873,8073.088977872491,8054.136465402123
W151,6322.673990232161,6349.610918548718,6249.773653219878,6260.706685117578,6327.4415832949,6361.580516423708,6368.519541244788,6321.396763248948,6356.514545828269,6382.330080161434,6412.354450934433,6364.861755897934,6370.750284374322
W152,8442.41383114763,8389.57096800121,8273.737559407311,8324.5138303378,8413.419265999231,8286.139029512698,8338.294440892227,8423.157553526082,8488.714348808899,8514.688399793333,8568.543257362966,8610.362767779283,8800.077228766428
W153,3030.3307762676973,3018.821928788692,2959.1498899991934,2955.558686142091,3043.571322038877,3057.5282791305253,3017.926096437794,2968.0547685110214,3052.0515068890913,3087.699696994865,3061.948484605485,3021.3706119620642,3059.973866824616
W154,8570.26874810392,8544.58679917998,8492.238486500837,8475.912765064526,8427.415321035623,8403.091248711806,8330.802686930374,8291.05879453798,8220.22950832727,8214.514646315018,8161.691438736635,8146.305494749998,8114.927675320182
W155,4595.434858889136,4605.084505730368,4612.491909768634,4619.699800684351,4626.315314338702,4632.599755934606,4638.3350384019695,4643.050440275875,4647.438559186302,4651.2060494988145,4654.568824285386,4657.373178108245,4659.6522606801145
W156,5459.75414680156,5468.572417901386,5471.228758523378,5478.922491391244,5481.924283901324,5490.348197625364,5493.676751019283,5500.689748574702,5503.240099345527,5508.310740180546,5512.192050138742,5516.05709267495,5520.736931972759
W157,1430.6149967224671,1430.1679053688401,1425.0461730206152,1426.2167014911508,1432.7611584561612,1435.4462782873336,1429.9677925887697,1428.5917028190386,1434.1910736196733,1439.6363362974441,1437.2858377104315,1432.928523662754,1436.3226566411797
W158,16606.3613674525,16663.84266481122,16724.81193587537,16778.55831688939,16971.53755080136,16980.933407223638,17021.184858995664,17070.043822456297,17121.7941664256,17115.782888262467,17145.262882125637,17213.604956245363,17229.86050486067
W159,9252.516270192313,9265.008367271148,9197.884305305572,9210.558079946135,9271.20148491763,9330.090635504333,9305.043009930607,9281.10436239506,9340.97499670497,9390.644241111237,9392.979229895087,9344.314324604786,9335.860821520067
W160,8045.975743179209,8049.080832171653,7988.928741527313,7990.066614514817,8048.040396168849,8085.441336477456,8061.419766206934,8021.227348829088,8077.117374526181,8127.184881631549,8127.182048096241,8076.469760018243,8059.916647286631
W161,12114.004309346334,12091.531080135877,12152.107169149396,12202.336515479386,12262.462782991588,12269.646519472843,12290.799786431846,12315.769796981152,12345.703071743626,12356.233170305884,12336.016175027622,12342.386906084088,12387.77135892394
W162,4465.352425105432,4479.141992661253,4491.733026783543,4502.685821816113,4511.7771933022805,4519.055032841931,4524.840170926965,4529.67437618585,4534.22515548408,4539.167484793767,4545.067552282641,4552.292917715819,4560.96735376225
W163,3787.819219183481,3787.693839234438,3792.608192928359,3785.7276580905236,3799.655807005829,3804.1183396918896,3802.5341737554786,3798.7423819972523,3798.5883564500855,3817.902102730006,3809.0279307858386,3800.9246807629365,3777.037029841478
W164,24782.790990346726,24680.67166601142,24423.399945938665,24401.06155876003,24711.131702903174,24712.349067514755,24706.128565778312,24489.586205669224,24840.634667462742,24968.795081424938,25094.596017272343,24942.935372927055,25031.109843874292
W165,3755.769240533789,3712.6584831260466,3696.428009987785,3676.29264901116,3680.990376521909,3668.9363491669305,3665.3744038678055,3635.338659414899,3650.2839607257106,3631.8515401982822,3615.9918800781506,3607.0883310188524,3590.4087113691694
W166,2638.4200715475467,2636.6994608681393,2650.2104405714986,2652.3267328048423,2638.7021978450734,2627.064756107466,2637.164258834223,2651.0006502585443,2649.630455135301,2645.4822709872606,2651.867543382852,2663.9088860727184,2668.47608790826
W167,3009.732224064148,3001.7693138434747,3002.079351997514,2993.7641713672333,2980.553017564929,2966.798491933659,2959.0817200029355,2955.332455048727,2946.36113559285,2940.1322802434224,2936.0214827586838,2938.3864964931677,2938.078188035372
W168,3752.807572798623,3793.808238120529,3642.6432729444364,3588.246838179982,3758.964226698741,3863.449351417783,3747.4801944309725,3683.0813647476516,3739.245362815617,3892.1664367531175,3803.8052739497484,3644.3529518038436,3630.8444913702747
W169,1658.3329369774012,1658.5184653589804,1660.1600164706233,1667.4043717731138,1667.8287530287846,1663.6425322862644,1662.020539999333,1666.4243474046796,1669.353809135955,1661.9861567179978,1658.7042428055345,1659.013752219939,1663.5525785755235
W170,3595.950700486199,3601.253716716516,3605.663762471403,3614.1623994905062,3614.2030745958036,3619.316162323287,3604.6148609294496,3612.911969342478,3622.450136615428,3635.2232617818922,3649.4514535293515,3667.3335020374616,3678.9036193485576
W171,6063.733439207165,6045.224901631746,6019.115644796099,6031.260822772788,6044.2104179462995,6036.3176733757755,6021.197196098151,6037.033667824005,6078.7030012970035,6090.109652594791,6092.011415049376,6100.383955475086,6134.5291488829
W172,3670.2445890677936,3680.3464221647414,3671.9636355695457,3677.3944392469557,3699.9686407106014,3713.7767430972967,3709.724900285609,3709.1713744617473,3721.750673806996,3731.2564028425354,3733.854876866268,3726.274469705569,3723.525321543339
W173,3619.2902825207875,3636.3951814237384,3660.4740882270266,3678.1948495424344,3702.7978940661283,3711.8496310166333,3703.285588001076,3678.217852162748,3651.6065600122943,3626.6614515910865,3617.72747784366,3587.782470092474,3583.973771562909
W174,2810.60580556988,2829.853878731878,2824.845800641048,2827.1790638449143,2825.432743327869,2831.2532556350416,2835.2505259613267,2834.5849467094863,2834.5812952679103,2833.239331706113,2841.8654967232833,2843.8122217714667,2844.132525221909
W175,3264.9569106052572,3266.202867158786,3253.7054285217982,3253.918904101719,3280.0202961884297,3292.4525402877825,3292.3823846388527,3296.083534754349,3323.400738589394,3336.882813065149,3344.2148692553183,3333.0192830134924,3342.00438413982
W176,2528.9267925895824,2491.805082989184,2478.8854977933906,2532.868634313121,2549.3887951034853,2515.2900815359994,2499.027891526996,2513.2638032108694,2564.2505568345264,2532.3815543425308,2514.7800309386434,2505.0960863167693,2537.5575409316843
W177,6610.649835986209,6589.0634033010165,6642.442398587747,6651.322024204426,6762.517944932574,6773.024004714974,6904.493224873957,6802.591265315041,6820.480506533321,6797.427903333785,6787.060355583019,6677.614208529017,6616.324355209246
W178,1482.1461610260355,1468.4769491051513,1464.4751138581814,1481.9136903567712,1479.2161152634799,1482.7582113418723,1476.2108604479956,1485.0450905727141,1484.3767518867137,1484.520506663898,1479.9139858097271,1482.2406161226882,1481.4525087787151
W179,2718.211773138816,2716.7515687258046,2722.3302783151466,2727.5422569233815,2726.724890658924,2729.290274784968,2725.524125086326,2731.3851932291996,2736.0785354426116,2734.6183310296,2740.197040618942,2745.409019227177,2744.5916529627193
W180,7256.8328874767385,7240.025151549999,7211.848292435974,7221.196664502288,7233.673196009847,7224.742533989406,7205.743810378729,7213.3809202676175,7253.98300829071,7260.206172167684,7260.151482834091,7259.992605978036,7285.956779404525
W181,8809.860258570903,8821.593660447981,8809.966475480744,8817.08273567656,8839.029098615421,8847.45581235678,8850.001262618125,8855.736649065291,8872.274804432966,8894.551898650687,8910.855915544429,8912.126639586326,8909.353429228662
W182,1361.633190138106,1360.4447827774131,1368.364564856436,1373.8200937762479,1372.0602085592607,1373.0505603457652,1376.3424997623506,1378.9750794410045,1385.8738232457338,1386.1355171613602,1384.7777010640148,1386.5960741296233,1386.3843047214261
W183,6082.95253358152,6079.469014243077,6066.000214661384,6059.692618314941,6069.666446007584,6070.452520400362,6068.4241174159915,6066.04898341731,6074.672426386581,6081.958774306685,6080.189572412943,6079.765929635251,6082.6542150625655
W184,4612.067681096049,4615.309110211757,4608.777352568317,4612.110399835536,4633.1425382443995,4644.227289062525,4642.455286182216,4642.518758880163,4657.466052704231,4671.065062159905,4673.187718740568,4666.1014619452135,4671.15392411283
W185,4075.154168185021,4080.4898588340025,4071.80745081758,4076.6787773440124,4095.50667950818,4107.50587541803,4105.654345397303,4104.126241518422,4119.249859822252,4130.589153160075,4130.997783920266,4122.756077544478,4126.148962830498
W186,1737.7616137643608,1738.527099893631,1733.2024414105024,1733.7073600466517,1732.195574856473,1733.3656179785828,1732.2028914356579,1728.1443236116029,1722.9447421569014,1722.5289639991267,1719.3043716658876,1717.105503985834,1716.210168634112
W187,925.8738974847128,927.9283652916816,929.0934741116221,928.8625595646627,927.2008995138268,924.5419905831646,921.6731252975633,919.5374649280471,918.9990081860327,920.6253692884615,924.5391504828445,930.7779047558073,938.1065980598736
W188,2277.271671079515,2313.180864463956,2274.739121864252,2299.5971280793688,2286.128300813518,2320.947489062111,2283.685633016252,2267.4537242797082,2257.5549780940087,2278.4287848592485,2302.537972990644,2276.376929628665,2326.471313185178
W189,2039.225678662239,2004.6145133458824,2008.1524029939774,2013.2884149700403,2002.889947810146,1980.631099061399,1924.645585764032,1976.4226237986502,2015.5319805123563,2034.6820667938628,1935.578194969197,1908.289999058056,1948.1636483706225
W190,450.2630252106357,451.6345867353969,451.5213470220471,449.5900827826492,445.92398701892927,441.00361049403574,435.5967733298344,432.78809485767505,433.5852668564284,434.4527798960837,434.45075978860467,435.6884265090894,437.8218808757826
W191,6531.530783932595,6620.58380936242,6716.703494270835,6723.704176430328,6744.623453065583,6606.07233163088,6616.70949778707,6632.305994370436,6639.936464723963,6703.306010632402,6680.71226941596,6761.393020938925,6846.892760169226
W192,1173.4091792837312,1197.6340289855877,1152.7680618365166,1160.8875495250695,1136.13274248794,1162.7267737876712,1143.36912818712,1133.3521107860527,1126.0829549703801,1118.670877889934,1135.9661598603413,1118.9089420291268,1163.1764591622384
W193,5959.957084148092,5926.777706869953,5895.364031741509,5866.926565479174,5841.340485713946,5818.369358776638,5797.785315220037,5779.379301424068,5762.960518530187,5748.3549227032045,5735.403759367171,5723.962217140365,5713.898199717051
W194,497.41191268895574,497.66808661566165,494.1096887373607,495.0980320013147,497.2015697475828,497.4645631446572,495.56246545878065,493.92488800754,492.0105491069368,488.9473513800022,484.66214203007286,480.34855814548627,475.8737063199419
W195,971.9591703104519,971.5019705498845,976.6134347715193,991.5463820967715,994.0746103859288,1017.5698148912143,1035.2635892194448,1044.533592358797,1055.3382942722847,1071.3012039058221,1078.3390865178974,1096.9744407725811,1118.7895361231015
W196,11670.415337843973,11657.60258725691,11649.023678354182,11644.947602655842,11645.580141774108,11651.06097869055,11661.461736913288,11676.78497503988,11696.964150840247,11721.864555363716,11751.2852039574,11811.986712323276,11853.147041394508
W197,3319.3730645110604,3281.8036288499,3240.119969088412,3185.1146945583882,3144.912087871417,3095.2615170439126,3044.5952336178075,2994.207667598384,2952.076705499267,2922.467101483262,2904.130883848223,2897.8572231964995,2901.019138126509
W198,2429.1928459273363,2376.126380741129,2374.110589932297,2367.950856513428,2382.4218292272053,2364.1530155088803,2289.6206993540636,2322.1689970223943,2357.201913400037,2332.4876302812268,2218.323700964033,2227.854501803069,2244.1550393371904
W199,771.865954142856,772.2679635246164,774.4186606241066,778.2946514454898,783.8482830896131,791.0083128664974,799.6809085561057,809.7509657759183,821.0837239623689,833.5266582813052,846.9116209092,861.6582906317236,876.7732131187086
W200,1712.9630326401366,1825.579475007028,2061.3084024911254,2202.8692749580227,2203.1986739462786,2236.7552706673714,2323.7599777401806,2328.8692860530655,2517.334906158519,2874.098575556749,2924.656746482616,2714.981965567357,2698.577619674376
W201,2084.51676250463,2075.6204922215406,2065.376508350501,2047.1510522010674,2036.0086526157804,2026.8617220736585,2022.852996834709,2029.7239561826736,2048.4263746206066,2058.0091499673813,2071.758883014458,2092.4313836875504,2112.3347572103785
W202,4147.440382776183,4181.199366303081,4187.561012286779,4192.334753384096,4188.315096649931,4178.9572937353105,4162.032018772535,4146.337365497416,4136.829732445073,4139.405991973649,4155.759324043968,4187.546898367429,4229.190621819814
W203,5457.321824712101,5416.106838969569,5242.745729556898,5180.536463929464,5201.719763422601,5091.9960933151815,4962.472235742242,5015.896089757575,5070.851959737286,5054.971029322792,4916.611896017043,4877.662258361861,4918.333650260464
W204,7312.126329415395,7347.374973790816,7372.946907440605,7335.561309740561,7279.380296322146,7266.396325826674,7273.141889738766,7244.118962165415,7219.829044020515,7234.059585908304,7266.092011047353,7297.534203178938,7305.497279785193
W205,12606.989985876775,13040.915157885398,13327.868915292682,13229.077229528053,13167.553153232993,13413.64550836093,13738.415471368266,13687.446792632218,13480.051933157401,13488.131882716392,13743.326977269404,13782.689066226822,13612.849425388202
W206,1004.6556118454997,1011.5162826025393,1018.0039542248637,1024.1393296852789,1029.9419438130585,1035.430230043367,1040.621583316239,1045.532419348776,1050.17823049117,1054.573638364863,1058.73244346959,1062.6676719351483,1066.391619583481
W207,11083.632122505034,11164.69188876648,11277.726381441475,11416.07757634749,11565.35268050714,11520.529235032327,11463.971749602642,11371.817141257214,11239.953252331461,11074.8304792532,10783.762957302572,10500.317239607823,10250.097612013427
W208,28394.09651296701,25862.22047445789,25834.783508918194,27962.342197228336,29447.70312357727,28048.221819157698,26565.88809426111,28112.277622841095,29922.7970805638,29079.895320772164,26527.431616054037,26721.69801581156,28435.92678620348
W209,4186.995417219213,4188.594634907966,4190.261493148433,4191.990827765559,4194.496307493872,4197.046295222659,4200.512184623718,4202.90187507218,4205.270910501145,4207.6195369112,4209.947650452945,4212.255631022715,4214.543869817769
W210,8087.022605595871,8213.592624150777,8192.382310953724,8151.51909778869,8168.632152672846,8290.390517261629,8374.397360883719,8303.808281398635,8215.025876244943,8396.058200386138,8356.2724136385,8332.545399964329,8173.47459350021
W211,19146.27643223628,19334.673071561876,19516.99341059728,19679.92671686303,19853.88278437092,20022.677962964535,20208.224193218895,20390.0267662034,20581.73622998127,20773.206160477428,20949.236682442326,21129.945210125738,21324.827175765902
W212,5489.736757382365,5573.873130795923,5617.6523046560515,5650.16885641716,5673.867227757185,5703.839559023181,5682.285030662559,5621.686550047144,5562.336013456598,5504.584438221736,5457.241950247641,5403.578745055317,5386.165273952171
W213,3593.6861689735756,3675.913820596245,3702.0273173555975,3725.757718614375,3746.771901556585,3598.37070169003,3624.377940110168,3632.0171223506645,3635.9200489598174,3636.0319314033554,3648.871513037016,3641.449835394124,3630.391396500263
W214,1796.0336826885432,1792.6754769452616,1808.2578600285462,1801.1493048455493,1818.5863811154243,1836.922904426172,1853.3495678791917,1884.9056734187373,1891.07659928606,1897.295304310571,1887.6744398242529,1872.043737655266,1843.971137601395
W215,2372.48052251296,2372.1861779841847,2366.5937748272268,2365.7115651583504,2368.5629115582037,2366.115309420255,2366.701853798789,2369.7912517026834,2376.316174768767,2384.9576781623514,2384.0964445808095,2384.538205606235,2389.5925942684758
W216,3147.9042924964865,3145.3288391738447,3141.9385091862805,3142.2046746926458,3145.419503185576,3144.062712684179,3139.2694115975723,3136.6693511124154,3136.77724822633,3141.696141203734,3136.7138769433454,3130.8524099255246,3132.3716141363025
W217,9856.151770786628,9865.523400435586,9865.26314186576,9865.885039976965,9869.085976558126,9864.477728135329,9874.376312721522,9872.949725728722,9871.32482454279,9868.692348490451,9871.018497646632,9877.537397994116,9871.656330017582
W218,9871.898096227049,9819.213143359102,9821.118011915023,9796.815322059545,9825.312891685846,9834.748494531332,9884.212768500387,9906.4404794605,9942.05182737864,9973.228731981306,9965.964406591464,9939.786216212651,9927.123303378472
W219,1057.7304338526526,1050.783008613988,1042.8592292961541,1038.8396323793156,1034.466171478075,1032.146387779729,1030.4909447741459,1029.1357290530264,1028.0997648744249,1027.3975949045484,1027.0390760705975,1027.0292411911182,1027.3682283262604
W220,1819.690507516518,1811.332168375554,1804.1075557833065,1799.087432714553,1792.2217774868702,1786.6559009151154,1817.2435339828905,1811.8921894981115,1804.2527997587258,1799.7661806781018,1792.5784973760808,1786.450239237132,1780.8059834085836
W221,7259.932098943726,7202.128944389565,6940.023471889527,6995.240519488915,7012.949303312725,7011.580483248613,6892.700267641262,7023.783067058078,7312.938933329468,7365.759409058955,7151.357062109609,7225.522611708923,7172.915460747648
W222,8000.764317089396,7964.203399207185,7863.178329339036,7968.111319011529,8086.562032700372,8114.903171917329,7993.639222400804,7954.115091213974,8112.165583903491,8214.126516641574,8140.025931978613,7974.350123615456,8007.756333149396
W223,27658.42066029746,27685.57202223226,27726.301896457895,27781.2570462321,27850.88370486724,27935.421354231206,28034.899381390383,28149.13668403923,28277.744230324122,28420.13053713671,28575.509989983213,28742.913887645747,28921.204056602135
W224,1739.0651214110355,1762.4459379538748,1825.880542097906,1898.5433799046195,1893.636256836339,1967.177498495975,2064.2236552901995,2235.6740550523004,2262.767130450462,2366.1493491200663,2479.9341659870693,2638.719037140457,2681.8972153682503
W225,1972.4103218581593,2023.870085275601,2072.5917690522647,2109.8981818947004,2178.76294582331,2234.4921713104354,2280.5703531928516,2326.311071877372,2394.677295704078,2449.8559269391358,2684.5014542782983,2603.8824616448132,2555.2866926089023
W226,2849.632385401636,2850.777305901143,2734.518013747857,2689.8407660076523,2626.6676121503174,2612.247979020293,2546.500809518811,2513.2122395262018,2487.239535535797,2508.541002137065,2498.1481150683867,2549.1308093796097,2576.789259104294
W227,1405.7310141251583,1457.2191873676263,1445.7250074057029,1493.1482738432196,1624.407746632907,1769.429316311897,1795.5075204671114,1762.391540275283,1833.3068080273106,1934.3914593283869,1951.1742146239683,1913.3407552493866,1888.7811480395114
W228,8095.767584464196,8265.431080516935,8213.508178439963,8226.166849581383,8220.447308365981,8241.169141450895,8177.025295189993,8139.15580093265,8117.9041080480165,8023.185352870256,8048.6241557171525,7957.767586923758,7904.306247757847
W229,474.00842553534204,455.5377213926644,460.41431450387296,449.952432223519,458.75802983705813,458.73858370736997,455.27467797817434,455.83865279225,458.6043341906438,461.8405413913525,452.63061208372983,455.70869617948694,453.0460957406345
W230,2985.6698777672423,2960.5078313969148,2975.513997323735,3015.15846866496,3007.6109734264933,3023.1874276202975,3054.497978185051,3042.1219439526703,3031.6924669558102,3019.016080389308,3120.729022740843,3120.9498940631324,3155.9894771153845
W231,610.9666897576415,656.33610680718,714.620490717864,767.1666308084851,832.9025813046336,905.3147887358333,973.92739796556,1047.0074651890786,1108.576044816327,1176.2691579246696,1225.82492261542,1272.609527498765,1301.203204469457
W232,1977.5705560065724,2042.966420005919,2114.986675003447,2223.749682629703,2353.972276664184,2463.5356821535547,2559.2648394763237,2674.6388152659056,2836.204073909403,2995.196126496598,3078.7002756616034,3120.0804822035484,3184.196414222914
W233,1081.2331715843168,1147.9131085149622,1174.6381949260042,1239.3912993871652,1330.6566424117075,1457.7667117438634,1568.0729279606173,1725.3214997603209,1858.9976701006763,1973.6609744369207,1985.912273808648,2021.8126013093272,2030.1180885256406
W234,1946.6624621856,1959.1000420495766,2038.1452107839832,2108.984706384785,2119.121151443459,2315.2309276732685,2441.4832040418623,2472.1918363413615,2485.3027009332905,2338.5128255196855,2905.002906415952,2954.9241184026955,2913.2727954322886
W235,417.6812147866137,450.6597297022011,485.7161713106188,527.9780372960557,566.7665476799697,625.3187948865308,700.1843085332192,761.3275670380964,809.5779723043164,866.4151063272199,925.4232976873636,972.8611380688949,1006.6180805403537
W236,3292.0196660925453,3380.516299504588,3444.4258691938508,3514.94043441643,3594.464840337538,3743.369418676529,3890.82181766987,4011.630669365853,3970.80937955548,4186.083360378259,4375.051811992963,4430.6165693126195,4465.737952698034
W237,1139.4623805913036,1200.2667589608766,1241.5223532385787,1248.7693444430636,1309.2108022383616,1418.8821187913697,1506.8580349380002,1576.2576856717649,1639.385369916338,1701.7920509835096,1738.1973858199847,1734.3193775416682,1713.8545651264296
W238,398.6687705512615,430.1362275039569,460.0777908915743,490.82540251321757,537.8080612384206,582.7555738672594,620.604340762414,660.9335764702596,688.2136575114873,721.5220069548332,750.5715828362969,763.0247900225537,779.8059674417715
W239,4003.165492403252,4112.3137838672255,4368.533465204458,4495.3093051989845,4818.008915599271,5276.509448436461,5736.847588205715,5986.305839496869,6401.442389807412,6791.526850908186,7224.940152560296,7335.893479871727,7493.8935933938665
W240,2883.068973574315,3008.1701717095816,3162.0440827719176,3388.995182238592,3783.8418788600998,3854.9939850685514,3963.004959346245,4215.705798158552,4512.108681820698,4383.139635781382,4369.71574566893,4381.5421771115025,4464.512537088301
W241,1034.9217049116262,1068.4211188908114,1150.4863721030576,1171.2507674541798,1261.3293618280347,1304.9230309948534,1404.916116273437,1474.6046690148007,1587.8646315970557,1676.658726592339,1715.505113098834,1744.206441553288,1759.347158317091
W242,1454.9620285127828,1457.5065254875024,1468.762651478303,1527.7457478358228,1561.1147738134196,1602.2338600973105,1638.0306387480575,1665.7073954085342,1698.213490019333,1767.2054025773314,1804.2926923327566,1808.8177415498255,1789.8240327306055
W243,1369.0084850431876,1524.9960113553454,1714.3531882728878,1954.3669552123017,2170.2502467813233,2428.5726811754553,2671.5565814080196,2847.2305511025447,3052.2993086924603,3196.0433018328763,3334.3091089983104,3417.0107076773907,3453.3425454917306
W244,806.5193189406141,831.8082907760125,860.7688877128659,893.2054561130454,928.8066279012054,968.072792908848,1006.0759267534164,1042.1636347924095,1077.4579599510882,1113.089835903614,1145.6407683253942,1170.6522787907368,1191.9815147577613
W245,2369.4016198468826,2417.7975483127016,2457.117688971364,2541.8260171393754,2610.7361516437627,2671.6222159842505,2775.8862332813837,2846.119493505855,2913.981076205396,2994.2127009961187,3035.8504420907307,3033.9534659895285,3055.648031905405
W246,1170.4691096132294,1217.8858226265854,1295.5201765794193,1348.274595447966,1586.7744882153581,1748.5738450295423,1792.779936365384,1788.0578915882286,1892.5114527628823,1937.2888339650108,2014.3958479507407,2007.2433325976388,2067.9360596198035
W247,4296.319557280447,4376.63613975988,4462.763859541393,4554.5508703867245,4651.010788906656,4751.250859531489,4853.621053351642,4955.180885425434,5051.484050122577,5136.798844195345,5204.758939514082,5249.334317234278,5265.928499178818
W248,16234.214747387305,17363.482326380163,17359.96201770372,16852.225540893538,16928.474535251604,17214.30412430232,17122.30997178601,17195.504945249337,17282.009206589828,17051.605858751715,17066.895761219475,17957.111424757688,18123.76780290793
W249,21355.203502698245,21378.028011984858,21422.455000481812,21488.244117859154,21563.602823341673,21539.958800207005,21590.304056319026,21762.973563356212,21778.99479004395,21703.39525507878,21560.744835627906,20814.854365355703,20679.900846350738
W250,3343.8909756781545,3178.8006420891384,3218.734345853589,3329.3214019952993,3397.971206068445,3214.53074476102,3214.343239779192,3324.4265189453427,3452.357508398135,3336.4411766851017,3233.129540362591,3306.2037184203205,3428.447045771268
W251,6707.3526454734865,6680.006956686331,6629.657534790077,6609.363560209393,6605.527257490951,6630.293783173317,6631.707885733099,6612.493664333521,6616.3201342260145,6600.223316094074,6598.941003294533,6586.439256292669,6587.17048166975
W252,8635.064734047475,8875.470042850575,8838.294025160927,8656.117063443193,8602.16453398251,8881.689858008553,8905.34501512703,8767.746740071272,8614.682663712982,8850.447933196216,8995.62486918503,8884.876422993435,8683.684604319891
W253,12439.455351930748,12516.318755463906,12490.844356949043,12430.182155001034,12462.795226254964,12589.757752528583,12572.593984622534,12520.64330174448,12475.084533426394,12618.953011606085,12638.249435268031,12598.04513724858,12531.18287525316
W254,5947.019391184386,5852.065360970961,5898.928799024195,6023.830537911577,6020.936284590894,5921.756815339359,5894.347662131409,6038.996611298351,6067.260216865466,5994.983329842875,5918.993246724584,6028.324700579583,6113.707316437583
W255,1928.11215984337,1933.3284739478224,1932.9970911853482,1935.3939342644633,1935.4714182243558,1928.0179568937672,1917.9297293763696,1919.5965687241542,1925.871841098259,1931.544895690243,1941.0579608684973,1947.3090131195631,1958.9976753274516
W256,2977.3601965870816,2913.648367704213,2997.50322321846,3095.398594282667,3370.1096497510575,2042.6726551423656,2025.0806597581734,2045.4872331780352,2290.77010474219,2542.8233160113627,2597.6905190859093,2620.858781387726,2752.6032764828183
W257,4016.909973026075,4016.909973026075,4016.909973026075,4016.909973026075,4016.909973026075,4016.909973026075,4016.909973026075,4016.909973026075,4016.909973026075,4016.909973026075,4016.909973026075,4016.909973026075,4016.909973026075
W258,2128.2361711356,2129.5232301964284,2130.3998309450503,2133.499407899884,2126.4492300152906,2124.5698344575376,2122.2283882237325,2132.762047091907,2136.799887775113,2139.442208391921,2143.9072284701538,2147.2324752467816,2150.190033831282
W259,6986.368036851771,6968.071462046551,6723.376934774631,6642.712608904157,6931.252114970418,7040.682427238767,6988.697456750394,6633.045935733945,6695.8359931057785,6896.580552475141,6960.398594631969,6810.956182044009,6761.157297066777
W260,646.6155146573574,572.8794293917636,591.9035563192559,814.109586293616,695.6854987233105,699.093998762214,520.1034495476371,689.350664926286,612.4762553524879,648.0661582715833,589.9436202812957,619.2965226944683,659.3566190268757
W261,4699.633462481042,4749.874391828928,4724.225240138083,4699.981431486737,4779.436926412946,4761.961284180381,4721.641838462922,4697.546389972734,4723.245984428668,4796.350044320844,4722.419901248039,4761.974244122266,4747.02321018428
W262,4394.10426793454,4395.777226364128,4388.5701808747235,4383.748077863672,4386.699632978762,4389.527142689767,4392.195078045915,4385.2931808282365,4385.749968494795,4398.19627191476,4399.770262372665,4389.5169967748225,4392.169213072636
W263,2353.8400925724713,2337.104195213491,2345.461750264103,2369.3134560377507,2400.488754227726,2444.1016789059267,2441.004491251401,2441.860121247178,2474.9150705079446,2505.6629766799215,2540.907733430911,2552.6699324999354,2575.8230782049145
W264,3919.959153348615,3878.321646224655,3741.1958315246125,3828.3240207276235,3885.6126484397805,3859.477279788955,3790.749191439298,3790.930304276684,3847.617883552453,3882.551736887121,3809.6380169738663,3800.526625271536,3836.197192787655
W265,2184.206965783517,2179.032615396524,2168.292418651716,2158.8953931741466,2149.9300661664315,2140.9068277297965,2132.3246309377473,2123.711240496654,2115.2449094372437,2106.892105874657,2098.645066365005,2090.5213117520807,2082.5037675840326
W266,2180.188309203082,2163.777727091497,2120.431354908284,2106.879409381883,2148.3611400100185,2167.731628255384,2134.713636066781,2129.8051933105417,2157.1132961161534,2162.9005070300313,2161.5733415049294,2174.2271528374663,2180.115266055281
W267,3175.7702868384645,3155.2044002293055,3130.2647980346806,3139.0999859396893,3112.440078780875,3152.764881994715,3205.9954819122554,3250.548179917345,3227.7554257441966,3184.513031555291,3143.976599340865,3106.2625111962266,3159.205218777887
W268,1419.5889870413114,1419.4473206329449,1421.1729866738062,1425.0102451321334,1431.0916336106577,1439.4265903597427,1449.8971251604135,1462.2608427591251,1476.1611969781873,1491.144433395117,1506.6822890032342,1522.1991811804771,1537.1023551570659
W269,1323.7146664709471,1330.7299210460544,1332.6394664979114,1321.4324271211715,1310.5866825199957,1334.5639041417635,1339.2990281291409,1315.9155207813048,1323.8309548939412,1335.2101691772482,1293.7823970313418,1333.1122848176703,1336.5704386536859
W270,7946.354120665693,7974.311058048696,8012.916415506827,8054.593799535273,8066.302563405293,8082.693411545792,8092.064468457556,8093.23807534951,8086.540427096544,8076.7086009028435,8063.664368599107,8048.9066488419085,8034.332685571754
W271,7656.881292690766,7679.156982866333,7728.54435696765,7757.565030291567,7778.035624366569,7774.332650052475,7813.94593614707,7818.7533877747965,7751.389893243267,7740.925006497517,7703.395157428574,7683.892756810256,7653.912775981116
W272,983.0852943910196,984.0968073363329,984.1172980755981,984.6866460850166,985.2721748840181,985.1475800371769,984.0318159879208,982.5347923730618,981.5123755167768,981.109541634865,981.2840967666892,982.0885027660046,983.5373363537939
W273,6495.228407888094,6512.571547851723,6546.078234095635,6567.025594029953,6589.180457455237,6626.520191825718,6667.379851366913,6719.645919219133,6763.842852649505,6812.149116157933,6868.840392448904,6914.800064851133,6954.929041722656
W274,842.7028989592282,838.6905078608487,826.275698365238,823.7024267192205,816.1503771708889,821.5330117940089,813.8078694502361,814.3098453551235,805.1784271733504,805.4765569060792,803.4753660428893,797.7859051402511,788.8096766377217
W275,8558.654917970709,8409.691278703014,8267.625822315238,8244.842618354875,8249.323205369587,8286.212094326043,8247.310864390349,8319.941851657944,8445.145029127261,8412.388166233615,8355.801185301412,8380.103341492679,8263.82903560918
W276,11223.74378475589,11282.816456636232,11440.646032558696,11755.372097461322,11843.602029221684,12403.346839513819,12394.182373642863,12835.526566519424,12925.615066724626,13047.749378735554,13520.574785496237,13834.993002819283,13854.16282332378
W277,3169.8838935808176,3173.435952992038,3154.4878222113257,3119.812353884434,3133.6867325530293,3149.63238319497,3161.7032460655805,3153.521014274463,3152.337439574973,3160.905433605916,3177.807621940799,3177.144251462032,3175.6993738827427
W278,1400.036855958455,1397.8214741216261,1394.9645590722355,1391.5002319473515,1387.471156292242,1382.9279390757404,1377.9284201979954,1372.5368604643563,1366.8230394244567,1360.8612757408407,1354.7293838390153,1348.5075814852637,1342.2773636274187
W279,1302.4559656046308,1297.2598340012016,1294.6017813144626,1294.6362839049414,1297.3613366074887,1302.6185692641968,1310.102450622321,1319.3780447001302,1329.9062876852327,1341.0753163639426,1352.2360273872184,1362.7398007979239,1371.9761954650892
W280,5400.807334174761,5408.874368624699,5416.08370974809,5422.071037337855,5426.753565950471,5430.349010053404,5433.325708264359,5436.295332618057,5439.872761874525,5444.535220205268,5450.512950886752,5457.7364703404955,5465.852485983534
W281,1756.2143504349024,1801.6780967790571,1792.5321243904475,1764.3051719425832,1735.0696593625391,1784.6738197497034,1755.542632367259,1648.5431436574308,1703.969470700793,1731.0571837070736,1726.5341012329375,1685.1322277657318,1728.1828748690666
W282,2146.247364044226,2145.424961715388,2143.186089644027,2139.1335467963618,2132.9777268206585,2124.5559942893474,2113.844698289096,2100.963086565198,2086.168854539133,2069.8455506041055,2052.482533842164,2034.9661736510886,2017.6342534851954
W283,344.5626381750963,345.5137565994841,346.44498676186953,347.3567489720106,348.2494545590743,349.12350606565997,349.97929743758533,350.8172142095268,351.63763368660807,352.4409251220247,353.2274498907916,353.99756165970217,354.7516065535776
W284,567.5299396066074,567.9261768306283,568.2096948234392,568.4984913849231,568.7637362356974,569.000012967344,569.2431546617448,569.4863082625129,569.7303806260223,569.9754003993588,570.2192540718133,570.4624234989031,570.7049063977896
W285,701.771495536706,708.8657252490669,714.3707473286935,718.2710475172865,720.5731960052718,731.8476748711315,739.7284721923583,748.7869783290548,759.4709373119857,771.0967924206467,794.9824179926796,812.5529250606291,826.8511838259518
W286,10836.162005253736,10824.96764476772,10877.762539227933,10893.21253771438,10933.264466548397,11041.602963389307,11091.591520487542,11145.834822773417,11218.144668385334,11219.772950802304,11219.55111416021,11102.722429119687,11177.999729876432
W287,2217.044073814321,2206.4431108164717,2193.7680599357063,2208.3525936648894,2219.5034944304875,2219.5392806638215,2214.5453990115852,2214.5560174634415,2211.2541384084284,2210.595838594428,2208.9943682685803,2209.876980530557,2212.383447090148
W288,7829.144733607467,7836.972970496262,7844.794116324804,7852.608134428982,7860.41502924062,7868.2148050340475,7876.007466105399,7883.793016771667,7891.571461370545,7899.342804260264,7907.10704981943,7914.864202446875,7922.614266561485
W289,9906.399910733686,9956.88071011488,9937.645001774747,9926.350335415089,9933.446075895386,9939.597815337047,9936.076323309784,9935.767435327367,9937.874684842034,9938.956532238439,9938.887774565415,9939.583078837712,9940.507062839051
W290,15380.133737483833,15054.142030721028,14540.595028047517,14734.782508575097,15038.317223588652,15014.00641655837,14689.159759350718,14762.368841795213,15323.846904735568,15501.809361836567,15253.549688708406,15230.111372142848,15439.948250683598
W291,7994.507516718317,8283.013095936665,8147.313127855123,7840.449712586068,7404.541868237312,7779.47610415422,8062.4973176591375,7976.912929521277,7770.267305658629,7967.938769687632,7775.109877356503,7728.976526252546,7270.11999549667
W292,17910.30772665596,18330.47364376942,18439.268321833846,18045.225212756977,17588.108015597303,18028.18896961285,18202.810111993636,18232.07878162484,17931.515642628856,18111.38680559093,18030.703598949778,18034.389846225207,17574.984646617562
W293,1824.54785876465,1610.1824836292371,1865.4814858456502,1607.4867058823522,1830.0124908882499,1624.0958815406602,1855.9690810897746,1638.9070161819993,1878.9799336837916,1632.0008547684972,1878.012831519236,1612.7137220546344,1835.625364503936
W294,1479.2749135214183,1485.099320316289,1475.9923069856911,1477.4108085355135,1477.3259492276295,1478.986535115231,1478.7339764857552,1476.236451342923,1470.3989752826922,1461.5027265235574,1450.2951687115185,1438.2182515703937,1426.9065149626542
W295,2908.9631190911664,2908.9631190911664,2908.9631190911664,2908.9631190911664,2908.9631190911664,2908.9631190911664,2908.9631190911664,2908.9631190911664,2908.9631190911664,2908.9631190911664,2908.9631190911664,2908.9631190911664,2908.9631190911664
W296,2861.5666105659116,2532.482507065668,2589.2534308437603,2937.213271317926,2903.885384691813,2569.975051322687,2435.8627393205174,2789.21659690546,2927.765608131334,2807.900615464249,2617.7344749667395,2597.9627229914336,3004.1208236930033
W297,5037.950454345803,4925.322428954025,5084.5627225054,5498.270290984828,5469.489653294996,5079.035809761649,4988.398971881238,4921.900422850678,5269.640470573118,5285.300856697206,5017.196004648088,4859.889094630424,4900.7715082331915
W298,3746.0287698974766,3745.719215437112,3745.4134132444706,3745.111273441618,3744.812709341697,3744.5176372996393,3744.225976571495,3743.937649181797,3743.652579798431,3743.370695614489,3743.091926236649,3742.8162035796627,3742.543461766539
W299,3145.163300722184,3145.6931851442855,3146.216646566505,3146.7338388387393,3147.2449103485,3147.7500042764764,3148.2492588373275,3148.742807506716,3149.230779235508,3149.713298652012,3150.1904862530405,3150.662458584528,3151.1293284123954
W300,1879.6776504466316,1879.841010814813,1880.0023910084328,1880.1618384585472,1880.3193989121874,1880.4751165111527,1880.6290338662423,1880.7811921272498,1880.9316310489992,1881.0803890536938,1881.2275032898217,1881.3730096878364,1881.5169430128344
W301,2628.994399043189,2629.926396625329,2683.097519215054,2728.845407498857,2783.5547923512663,2839.041900816271,2895.9895742647027,2952.4424737607533,3007.5822916173474,3060.3705115154694,3109.9754954922887,3155.6082621281985,3196.573532488414
W302,2972.664183554725,2774.1963435254715,3076.4721144630944,3018.872413485413,2881.2010869527217,3073.746239782355,2790.196021388543,2792.7760264453377,2941.29618937008,2477.2287437701184,2427.045386073502,2950.1275130176705,2871.44691426079
W303,5507.244877695742,5504.969777992446,5502.722255934703,5500.501650956125,5498.307325943508,5496.138666139529,5493.995078108899,5491.875988763582,5489.780844443096,5487.709110046195,5485.660268210532,5483.633818537147,5481.629276856879
W304,3203.1819351812387,2881.248655466346,2976.0459340105167,3223.072710154598,3316.277540631332,3192.6091281449367,3079.4060843743014,3097.7658816802377,3196.5236871538204,3221.1672403956095,3146.0418630046643,3092.215373913856,3114.9367158541972
W305,3365.541921214231,3365.444943139831,3365.3491405862037,3365.2544853961413,3365.1609504121484,3365.068509429666,3364.977137153006,3364.886809153801,3364.797501831799,3364.709192377848,3364.6218587389376,3364.535479585133,3364.450034278308
W306,2511.512685631691,2510.906941787482,2510.3085404738035,2509.717305815277,2509.1330681809163,2508.5556638919797,2507.9849349466976,2507.4207287607464,2506.8628979223768,2506.3112999612235,2505.765797129892,2505.226256197477,2504.6925482542506
W307,3129.037830777956,2943.506587295511,2816.7270112455576,3419.0625552459805,3253.0237251441126,3018.5126280013387,2970.9106329969923,3516.416799772451,3377.5268415030514,3041.0055262034093,3012.837544303163,3338.7011361481364,3572.1303558215163
W308,2396.07750411113,2397.8603321115115,2399.62154954309,2401.3616740430666,2403.0812048701187,2404.7806237642594,2406.4603957570007,2408.1209699352094,2409.762780161809,2411.3862457562177,2412.9917721371853,2414.5797514305063,2416.1505630438774
W309,6927.039552616233,6934.628679322028,7531.968543941634,7669.338896279264,7575.276165218477,7330.5668015553265,7480.0259193348575,7306.301492820636,7165.581868863843,7167.5983376140175,7182.881542887885,7190.6642343385565,7182.403647482755
W310,4431.682716268658,4634.16156896886,4847.175835390467,4797.260676905072,4908.31985755955,4688.783885825248,4808.435837521124,5006.066853851059,4868.882836069127,4912.439441365844,4957.338564300479,5002.273918251477,5087.159937458089
W311,5158.0034473945725,4743.416043534442,4786.563589493231,5224.8783219432,5270.509486955275,5098.565286714101,5286.950032868852,5506.212593408447,5377.866518999447,5360.229477464664,5440.833877815233,5493.092992036843,5554.132813067844
W312,4443.192950621772,4553.078966016812,4375.925133696511,4526.19562154772,4359.708330368778,4516.68338498558,4354.407444773536,4514.024968637248,4353.404325116913,4514.056056827102,4354.078915710751,4515.128427130026,4355.394580421745
W313,2096.6622508464184,2149.3807342067403,2184.3372179714665,2220.7511538287463,2249.897519242908,2275.7205819494243,2296.5930543878426,2315.5643959237823,2331.3231979159746,2345.00872097283,2356.535293438027,2366.5723482967883,2375.0706678849856
W314,8385.215393497836,8520.394278616952,8427.196236383685,8539.736509430933,8427.196236383685,8539.736509430933,8427.196236383685,8539.736509430933,8427.196236383685,8539.736509430933,8427.196236383685,8539.736509430933,8427.196236383685
W315,5395.506830415115,5351.617850624914,5322.700064832414,5304.319030503469,5292.817285063183,5285.804949649357,5281.720461293984,5279.543527262743,5278.607551144692,5278.477060178856,5278.867608564731,5279.593437306238,5280.5332719527905
W316,3033.9178268417054,3023.649395303933,3017.201672653639,3013.2209948436807,3010.8325491063642,3009.470999969503,3008.7710237895913,3008.496561853204,3008.4950970896134,3008.66810341311,3008.951947350506,3009.3055449242,3009.7023844193986
W317,4613.69643433478,4480.668727379252,4844.58653216784,4775.059748682103,4833.663745848112,4595.192417865202,4945.751489543328,4863.488344004065,5033.746591262979,5097.33465444229,5225.272849369559,5047.679373173533,5234.178290439312
W318,3622.6727899204284,3717.389725020525,3806.7164680149713,3893.1072773765313,3976.294614019678,4055.7101006474463,4130.342362871444,4199.070156033654,4260.75254027525,4314.305381612346,4358.740571599231,4393.192868501722,4416.937947692567
W319,2285.1264341663878,2238.322018083352,2210.8750655395133,2194.7679125683335,2185.308715768562,2179.749753349665,2176.4806389315013,2174.5568559140484,2173.4240275474554,2172.756534837457,2172.36298882838,2172.130820396276,2171.993775922961
W320,2208.16808044503,2015.3574041613426,2076.74775577397,2151.635417904237,2199.074598496522,2161.3883029914537,2102.0474609300136,2145.422980182266,2215.8143395274797,2219.5120932718537,2081.6881016550146,1984.7630111264698,2045.4820905980907
W321,5935.770843637944,5649.671071364947,5593.155191785311,5893.4998875621895,5907.621164237549,5845.213532949331,5726.613916058999,5673.9317704174055,5854.098339353157,5877.593056798477,5610.07194804116,5831.529256708013,5821.993953180732
W322,2348.3187712969257,2350.5765428570667,2352.834314417208,2355.0920859773496,2357.349857537491,2359.6076290976325,2361.865400657774,2364.123172217915,2366.380943778056,2368.638715338197,2370.896486898339,2373.1542584584804,2375.412030018622
W323,4369.074715426341,4367.803161420018,4366.547020569272,4365.30592368333,4364.079514679394,4362.867449969392,4361.669397882134,4360.485038118517,4359.314061237511,4358.156168170845,4357.011069764528,4355.878486345405,4354.758147311165
W324,2345.5623838621555,2345.5970885436036,2345.6313710739046,2345.665241125031,2345.6987079023506,2345.731780134033,2345.764466053075,2345.7967733705996,2345.8287092388173,2345.8602802016603,2345.89149213073,2345.922350143696,2345.952858501731
W325,3698.6193760394926,3697.762276329646,3696.9155659631615,3696.078996084459,3695.252326673488,3694.4353261323454,3693.627770895789,3692.829445064012,3692.040140056159,3691.2596542832102,3690.487792838929,3689.7243672077097,3688.9691949882035
W326,3474.5332925980565,3475.600821550833,3476.6554104399133,3477.697369218193,3478.7269968338005,3479.7445817449657,3480.750402405136,3481.7447277203605,3482.727817480833,3483.69992276833,3484.6612863411265,3485.6121429978916,3486.5527199218977
W327,8872.616827013213,8872.026253199643,8871.442838032914,8870.866410042208,8870.296803844714,8869.733859860802,8869.177424045645,8868.627347636182,8868.083486912392,8867.545702971887,8867.013861516967,8866.487832653316,8865.967490699571
W328,2653.3868544805982,2653.3868544805982,2653.3868544805982,2653.3868544823863,2653.3875142310394,2796.896698670554,2998.4367458332467,2917.9952475506702,2917.995247576308,2917.9952475763093,2917.9952475763093,2908.0325085173185,2860.282335967178
W329,9419.383452879114,10032.668970136872,10301.987916889242,10991.971609108625,11474.3492347594,11050.392684782093,10883.647512015234,11253.787166580334,11956.013922926468,11616.770608335692,10710.405658879079,10760.619632486223,11340.038783944177
W330,3422.3569053501465,3422.13954264376,3421.9248147017593,3421.712658413726,3421.503012909952,3421.295819456609,3421.091021356973,3420.888563858296,3420.6883940639295,3420.490460850378,3420.294714788914,3420.1011080714925,3419.9095944406595
W331,6017.964421291997,5996.629691972921,6188.217908190224,6228.241876591174,6239.933243932547,6340.047004378819,6444.7961517058475,6526.079997369495,6608.795867066762,6688.183750483328,6752.331990079884,6802.27018746496,6838.695874801821
W332,3193.23758577569,3196.5736334300086,3199.869243146765,3203.1253835344687,3206.3429888115274,3209.5229604152337,3212.666168517742,3215.773453455408,3218.845627077381,3221.883474018832,3224.887752903856,3227.8591974826136,3230.7985177070236
W333,2599.8859159467725,2841.357190870683,2843.5611584002622,2807.9738270762246,2447.1739908006175,2801.771867572863,3054.735016913599,2737.80248354224,2869.668297555721,2707.6384795444387,3069.837562881307,2853.3600057760127,2755.0331430061724
W334,3793.970089171056,3793.67598930554,3793.3854543747107,3793.0983989878114,3792.814740785854,3792.5344002997754,3792.257300816787,3791.9833682543717,3791.7125310413917,3791.444720005844,3791.1798682688145,3790.9179111442313,3790.6587860440272
W335,4275.442654074896,4709.618448184851,4749.411014327513,5327.965733107945,5378.150025477958,5443.276630255278,5534.911544630236,5172.830087901663,5264.396348455827,4622.423633046875,4597.640828142353,4384.364236784078,4118.154565605643
W336,1612.719949260941,1304.9055981788813,1604.5624896036823,2215.1659032664584,1957.5795379421695,1630.3707327270115,1697.5244572818076,2002.7485375581,2210.224429667971,1858.1288958490647,1746.952713162302,1613.294013439612,1992.5634247565783
W337,1674.229337007042,1694.632169180359,1709.036861276599,1719.3647850441778,1726.9213883226282,1732.593785325981,1736.9849119927876,1740.504626995913,1743.4315861414932,1745.955273512578,1748.204557879323,1750.2670974450314,1752.2025279997224
W338,2154.3961516952954,2194.2810475955685,2233.5469707468405,2272.183681505302,2309.7356064719506,2345.679420401368,2379.4970625592905,2410.696984900528,2438.824616903448,2463.46985947744,2484.2733025481625,2500.931532578317,2513.2015758201387
W339,3944.1561193249618,3944.1460719919246,3944.136146366887,3944.1263395362457,3944.116648689793,3944.107071115885,3944.097604196875,3944.0882454048337,3944.078992297484,3944.0698425143746,3944.060793773273,3944.051843866739,3944.0429906588956
W340,5936.851894524555,5938.8012951144265,5940.727066024058,5942.629773254358,5944.50996271057,5946.368161142484,5948.2048770302745,5950.0206014197465,5951.815808710359,5953.590957399239,5955.346490784089,5957.082837627667,5958.800412786363
W341,4745.33625074071,4746.426169459046,4747.502876715902,4748.566688964954,4749.617911424305,4750.656838602149,4751.683754792063,4752.698934539985,4753.702643084805,4754.695136774347,4755.676663458372,4756.64746286008,4757.607766927566
W342,1317.3660662085958,1331.089560391224,1335.9467693536085,1319.1677969139494,1357.8780394614705,1328.0124882609978,1338.1451711393636,1320.9670512257333,1309.9916756961363,1303.3674751205108,1302.6496231561212,1291.641686560374,1293.6544922765356
W343,3485.197124917291,3484.245782130129,3483.3059710548046,3482.3774154726266,3481.4598489719488,3480.5531190862803,3479.656964076596,3478.7710510626966,3477.8951485795765,3477.0290329211616,3476.172487797359,3475.3253040098357,3474.4872791453454
W344,3286.7324873686534,3288.941867146082,3291.124465902749,3293.2809251235117,3295.411863517535,3297.5178780838833,3299.599545115509,3301.657421145878,3303.6920438420934,3305.7039328481387,3307.693590581515,3309.6615029863497,3311.6081402458003
W345,3308.302988821328,3129.1327868781486,3311.8792381091075,3171.122941834927,3192.8507396087575,3484.3676033795823,3419.2367371975665,3433.6609364410083,3411.80980157376,3306.431699036859,3308.801715048167,3367.307483502,3414.834867624721
W346,5462.5052860438445,5932.261819325769,5521.587197009041,5375.267670176181,6176.817832063112,5403.683723528442,5136.012202551686,5215.420092684938,5174.4886583787975,4771.581799912684,4958.964361931888,4750.956574097133,4013.943556108932
W347,3784.7938424288823,3784.304966384836,3783.8220162570215,3783.3448501021735,3782.873331016673,3782.407326900758,3781.946710236371,3781.4913578776946,3781.0411508535267,3780.595974180696,3780.155716687785,3779.720270848489,3779.28953262398
W348,4455.532825887501,4452.0220291156575,4448.511232343814,4445.000435571969,4441.489638800126,4437.978842028283,4434.468045256438,4430.957248484595,4427.446451712752,4423.935654940908,4420.4248581690645,4416.91406139722,4413.403264625377
W349,3476.97348526654,3638.185662832158,3815.7025086833196,4025.13418946706,4282.489880815433,4590.502206279984,4961.843576207196,3961.790679880307,4049.0771818299436,4130.888557178708,4303.237711632662,4523.924980982624,4476.107136521053
W350,5729.754569714264,5508.273983690785,5689.651016897304,6057.539784119322,5764.416079040845,5959.543716331922,5877.057916525817,5978.735050142554,6222.153058506839,6514.968839589521,6158.398951178581,5812.512945103071,6793.746792140275
W351,1880.2486666909551,1884.4903749307696,1886.126898475018,1886.7565423154856,1887.016761889509,1887.1244570126385,1887.1691211287268,1887.1876459948219,1887.1953298123315,1887.1985169469165,1887.1998389257335,1887.2003872641096,1887.2006147072314
W352,1295.41653299037,1304.372071753089,1311.932181276885,1315.7706794448268,1319.2111568553719,1321.7644099299032,1323.4658842282572,1324.7910847159185,1325.753057325073,1326.441514057113,1326.954421055141,1327.3275013949533,1327.599077722398
W353,2003.2741856887535,1673.4242740258478,2084.407143137223,2067.5742255885593,1826.855861258875,2001.751634383103,1925.0098081674062,1114.0072126446328,1752.0026069194118,2118.838382853734,1491.9393932894673,1906.8505322242863,1832.7039392097142
W354,3347.9316149182555,3347.670181304117,3347.411916660345,3347.1567450807065,3346.904593353986,3346.655390837906,3346.409069340318,3346.165563007198,3345.924808216954,3345.6867434806522,3345.451309347756,3345.2184483169963,3344.9881047520917
W355,2722.413739073133,2761.763318894277,2796.6272153125224,2827.5177103973606,2854.888479408464,2879.141306795342,2900.6320313619303,2919.6758092024197,2936.55177281503,2951.507155776433,2964.760944375592,2976.5071105417433,2986.917474151111
W356,4493.861093747611,4492.077940329488,4582.472299128065,4823.282933477552,5135.328435332728,5103.435814188135,5151.576985076,5068.907585063101,4928.608455862443,4728.721911510204,4565.91297254085,4447.284351509475,4345.105649907779
W357,3610.316658165375,3610.4261851652136,3610.5343845323446,3610.641288067509,3610.7469264423703,3610.851329252347,3610.9545250663796,3611.056541473857,3611.1574051288967,3611.2571417921413,3611.355776370257,3611.453332953263,3611.5498348498495
W358,6188.598172406102,6416.550840018918,6058.308394581346,6377.536219992705,6305.269019793571,6048.022341152398,5944.38343861536,5379.89690264735,5423.885253798462,5330.137170309801,5346.021256546122,5508.557632413068,5580.920803375036
W359,3925.7576154140247,3647.907724149142,3884.8982930381353,3837.74522057492,3736.0905803485985,3765.3808434369735,3766.046672087478,3737.6696781825103,3735.6063028987246,3737.1588666491766,3731.5077157248325,3730.2381016838303,3732.252345589672
