date,open,high,low,close
3/12/2018,488.5,492.75,483,490
3/9/2018,499.25,499.25,486,490.25
3/8/2018,497.5,502.5,490.25,499.25
3/7/2018,506,509.75,496,497.5
3/6/2018,507,507.5,495.5,506
3/5/2018,507.75,510.25,495.25,507
3/2/2018,516,518.5,493.25,499
3/1/2018,495.5,517.75,489.5,516
2/28/2018,477.5,499.5,476.5,492.5
2/27/2018,473.75,479,473.5,477.5
2/26/2018,468.75,476.75,467.75,473.75
2/23/2018,450.75,456.25,450.75,452
2/22/2018,447.5,451.75,445.25,450.75
2/21/2018,449.25,452,445.5,447.5
2/20/2018,458,463.25,449,449.25
2/19/2018,458,458,458,458
2/18/2018,458,458,458,458
2/16/2018,461.5,464.5,456.75,458
2/15/2018,455.25,463.5,452.25,461.5
2/14/2018,458.25,460.5,453.75,454.75
2/13/2018,464.25,467.25,459,459.25
2/12/2018,452.5,465,451.5,464.25
2/9/2018,456.5,456.5,448.25,449.25
2/8/2018,461,464.5,451.5,456.5
2/7/2018,446.75,461.75,446.75,461
2/6/2018,442,447.75,438.75,446.75
2/5/2018,447,447,438.75,442
2/4/2018,447,447,447,447
2/2/2018,451.25,451.25,445,447
2/1/2018,451.5,451.5,443.25,451.25
1/31/2018,458,458.75,447.5,451.5
1/30/2018,449,458.25,449,458
1/29/2018,443.5,449.75,443.5,449
1/26/2018,434.25,442.5,434.25,442.25
1/25/2018,432.5,438.75,429.5,434.25
1/24/2018,421.75,433.75,420.75,432.5
1/23/2018,425.5,425.5,419.75,421.75
1/22/2018,424.25,427.5,423.25,425.5
1/19/2018,425.5,427.25,421.5,423.25
1/18/2018,421.5,425.75,421.25,424.75
1/17/2018,416.25,423,415.5,421.5
1/16/2018,420.75,422.5,413.25,416.25
1/12/2018,433.75,436,418.75,420.75
1/11/2018,434,434.25,428.75,433.75
1/10/2018,431.75,435,431.5,434
1/9/2018,427,433.75,425.5,431.75
1/8/2018,430.25,432.25,425.75,427
1/5/2018,433.5,433.75,427.5,431
1/4/2018,435,436,431,433.5
1/3/2018,434.25,437,432,435
1/2/2018,429.5,436,429.5,434.25
12/29/2017,426.75,428,424,427.5
12/28/2017,427.25,428.5,425.25,426.75
12/27/2017,422.25,428.25,420.75,427.25
12/26/2017,424.75,426.75,420.75,422.25
12/22/2017,426.75,429,424.5,424.75
12/21/2017,424,427.5,423,427
12/20/2017,419.5,424.5,416.38,423
12/19/2017,421,424,419.5,420
12/18/2017,420.75,423.5,419.5,420.75
12/15/2017,419,421.5,415.5,418
12/14/2017,417.5,420.75,416.25,417.75
12/13/2017,411.5,417.25,411.5,417.25
12/12/2017,413.5,418.75,411.25,411.25
12/11/2017,417.75,418.75,411,413.25
12/8/2017,420.5,424.62,418,419
12/7/2017,425,425.75,419.75,421.25
12/6/2017,432.25,433.62,424.75,425.5
12/5/2017,435.5,436.12,431.25,432
12/4/2017,439.5,442.75,435,435.25
12/1/2017,432.5,438.75,432.25,438.75
11/30/2017,436,439,430.75,434.38
11/29/2017,429.75,435.5,429.5,434.75
11/28/2017,429.25,431.25,424.5,429.5
11/27/2017,415.5,416,409.12,409.12
11/24/2017,420.5,422,412.75,416
11/22/2017,424.75,426.38,421,422.25
11/21/2017,421.75,428.75,420.5,424.5
11/20/2017,427.25,427.25,419.5,422.12
11/17/2017,421.62,428,421.5,427.75
11/16/2017,420.75,424.5,419.75,421.5
11/15/2017,427.5,428.25,418.25,419.25
11/14/2017,425,429.5,423.5,428
11/13/2017,431.75,432,422.5,423.75
11/10/2017,430,434.25,427.25,431.75
11/9/2017,426,432.25,424.25,428.75
11/8/2017,426.75,427.5,419,426.5
11/7/2017,429.75,431,424.25,427
11/6/2017,427.75,431.25,427.5,431
11/3/2017,427.5,429,422.5,425.25
11/2/2017,418.25,426.5,418.25,425.75
11/1/2017,418.75,422,416.62,418.5
10/31/2017,425.5,426.5,416.5,418.5
10/30/2017,426.75,428,422.75,425.25
10/27/2017,431,431.25,425.25,427
10/26/2017,435.5,437.5,431.25,431.75
10/25/2017,438.5,443,434,435
10/24/2017,437.5,438.88,433.25,437.75
10/23/2017,425.75,438.25,424,437.25
10/20/2017,433.25,435.75,425.25,425.88
10/19/2017,430.25,436.25,429.75,432.75
10/18/2017,435,435.25,429.25,430
10/17/2017,436.5,440.75,433.75,434.75
10/16/2017,440.25,442.75,435.75,436.25
10/13/2017,431.25,441,430.75,439.75
10/12/2017,433.25,437.75,428.5,430.25
10/11/2017,435.25,435.5,430,433.5
10/10/2017,436.38,439.75,434.25,435.88
10/9/2017,445,445.75,435.75,436
10/6/2017,441.5,444.75,439,444
10/5/2017,442.75,444.25,438.25,441.25
10/4/2017,449,449.25,441.75,442.5
10/3/2017,443.75,450.5,443.5,448.5
10/2/2017,445,448.62,439.75,444.75
9/29/2017,455,459,446.5,448.25
9/28/2017,461.25,462,454.12,454.75
9/27/2017,454,462.75,449.25,461.5
9/26/2017,454.25,460.75,452,453.5
9/25/2017,446.38,454.75,444.25,454
9/22/2017,452.5,454.88,448.25,449.5
9/21/2017,451.5,454.5,445.75,452.75
9/20/2017,444.25,450.25,443,449.5
9/19/2017,443,446.75,435.75,442.75
9/18/2017,448.5,450.88,442.5,444
9/15/2017,443.25,450.38,441,448.75
9/14/2017,443.75,450.5,442,442
9/13/2017,443.75,449.75,441.62,444.5
9/12/2017,433.75,443.75,428.5,442.5
9/11/2017,438.5,440,432,434.5
9/8/2017,437.25,442,436,437.75
9/7/2017,446.5,446.5,436,437.5
9/6/2017,441.25,448,440,445.75
9/5/2017,440.5,446.75,439.75,443.5
9/1/2017,434.75,440,434.12,438.88
8/31/2017,429.62,437.75,429.12,435.5
8/30/2017,433,433.5,427.5,429.75
8/29/2017,428,429.75,422.75,429.5
8/28/2017,434,436.5,426.75,428.75
8/25/2017,409.75,412.75,408.62,410
8/24/2017,403.5,411,400.75,409.25
8/23/2017,403.62,408.62,401.75,403.12
8/22/2017,410.5,413,402.5,403
8/21/2017,414,418.75,408.75,410
8/18/2017,415.25,417.75,412.12,416.25
8/17/2017,420,422.25,412.5,414
8/16/2017,429.38,435.75,417.25,419.25
8/15/2017,439.88,440.25,428.12,430
8/14/2017,435,440.5,431.25,440.5
8/11/2017,441.5,444,434.62,439.25
8/10/2017,458.25,461.88,439.5,440.25
8/9/2017,456.5,461.5,454.25,459.75
8/8/2017,463.5,468,454.75,457
8/7/2017,458.5,463.75,454.5,463.75
8/4/2017,457.75,461.38,454.75,455
8/3/2017,460.88,463.75,454.5,457.5
8/2/2017,463.12,466.75,456.38,461
8/1/2017,472.25,478,460.88,461.5
7/31/2017,474.5,480.75,472,474.25
7/28/2017,479.5,489.25,478,481.25
7/27/2017,479.5,485.5,477.88,480.75
7/26/2017,474.5,480.75,474.25,478
7/25/2017,493,494,474.75,475.12
7/24/2017,495,495.88,483.75,488.88
7/21/2017,507.25,510.25,497.75,499.5
7/20/2017,505.25,508.25,495.88,505.62
7/19/2017,504.25,508.88,500.25,503.62
7/18/2017,508.5,517.75,504.5,504.75
7/17/2017,508,512,503,506.5
7/14/2017,513.5,520.5,508.5,510.75
7/13/2017,533.75,534.75,509.62,511.62
7/12/2017,549.5,552.5,535,536.5
7/11/2017,556,559.25,541,553.25
7/10/2017,543,553.62,540.75,550.5
7/7/2017,537.25,545.75,530.25,535.25
7/6/2017,558.38,558.88,535.25,538.62
7/5/2017,561.62,574.25,537,558.75
7/3/2017,539.62,556.62,536.5,554.38
6/30/2017,498.25,525.75,497.5,525.75
6/29/2017,472.75,498.75,472.75,495.88
6/28/2017,470,475,468,473.25
6/27/2017,466,472.5,465.25,469
6/26/2017,471.5,474.25,464,466.25
6/23/2017,462.25,466.75,459.75,460
6/22/2017,465.25,465.25,456,461
6/21/2017,473.5,473.75,464.38,464.75
6/20/2017,469.5,474.75,463.5,471.75
6/19/2017,461.75,473.25,458.75,467.75
6/16/2017,456.25,468.25,456,466
6/15/2017,442.12,457.12,437.5,454.75
6/14/2017,444.75,452.25,442.75,443.12
6/13/2017,437.5,446.25,436.75,444.5
6/12/2017,443.25,444,431.38,434
6/9/2017,447.25,454,443.75,445.75
6/8/2017,446.75,455.75,446.62,449.75
6/7/2017,438,448.5,438,444.75
6/6/2017,430.25,440.75,429.75,435.75
6/5/2017,429.25,433.25,425.75,429.5
6/2/2017,427.75,433.75,426.75,429.25
6/1/2017,429.38,431.25,421.62,429.25
5/31/2017,433.25,436.25,428.5,429.5
5/30/2017,439,439.25,426.5,429.38
5/26/2017,430.25,439,429.5,438.75
5/25/2017,433.75,436,430.25,430.75
5/24/2017,430,433,427.75,432.5
5/23/2017,434.5,435.75,428.25,429.12
5/22/2017,438,442.5,434.75,434.75
5/19/2017,426.25,436.75,426.25,435.5
5/18/2017,428.75,428.75,421.5,426
5/17/2017,422.25,432.25,421.75,427.5
5/16/2017,422.5,425.75,420.5,425
5/15/2017,430.25,431,421.75,424.25
5/12/2017,434.25,437.5,431.5,432.75
5/11/2017,432.25,435.75,428.62,433.5
5/10/2017,429.5,435.5,426.25,431.75
5/9/2017,433.75,434.5,428.75,429.75
5/8/2017,440.75,441.5,433,434
5/5/2017,438.75,444,436.25,443
5/4/2017,454.5,455.25,436,438.25
5/3/2017,452.25,456,446,453.5
5/2/2017,457.25,461.5,448.5,454.5
5/1/2017,441.5,456,439.38,456
4/28/2017,431.75,434.38,429.75,432.62
4/27/2017,426.5,433,425.25,431.5
4/26/2017,428.75,432.5,424.75,426
4/25/2017,418.75,429.5,416.25,427.25
4/24/2017,424.25,424.75,418.25,419
4/21/2017,405.75,408,400.25,405.75
4/20/2017,418.62,421.75,406.75,406.75
4/19/2017,422,425.75,417.75,418.5
4/18/2017,422.25,423.5,419.25,422.25
4/17/2017,430.25,431.25,420,421.25
4/13/2017,433,436,429,429.75
4/12/2017,433.5,436.5,431.5,433.38
4/11/2017,428.25,434.75,424,434.12
4/10/2017,423.75,429,422.5,428.75
4/7/2017,422.5,425.5,419.75,423.62
4/6/2017,429.25,430.75,422,423
4/5/2017,426.75,430.5,425.25,430.25
4/4/2017,426.25,432,426.25,427.25
4/3/2017,430.5,434,428.75,429.25
3/31/2017,422,431.25,417,425.75
3/30/2017,425,426.25,419.75,420.75
3/29/2017,424.25,427.5,422.75,425.5
3/28/2017,420.75,425.75,419.5,424.75
3/27/2017,425.5,425.75,418.5,421.25
3/24/2017,421.5,426.25,421,424.25
3/23/2017,421.75,424.75,420.25,421.25
3/22/2017,427.12,427.12,422,422.25
3/21/2017,430.25,430.5,423.25,426.5
3/20/2017,440.25,442.62,429.25,430.75
3/17/2017,435.5,437.62,433,436.75
3/16/2017,436.5,440.75,434.75,436.75
3/15/2017,431.25,437,430.75,436
3/14/2017,431.25,434.5,428.75,431
3/13/2017,440.25,441.75,430.25,430.75
3/10/2017,442.88,445.5,439.75,442
3/9/2017,447.75,450.75,442.5,443.75
3/8/2017,457.25,457.25,445.5,447.5
3/7/2017,459.25,460.75,451,456.25
3/6/2017,456.75,462.5,456.5,458.75
3/3/2017,451,455.5,448.25,454.25
3/2/2017,457.5,459.5,450.12,453.5
3/1/2017,443,457.25,442.5,457.25
2/28/2017,440.75,454.38,439.25,443.75
2/27/2017,447.5,447.75,438.25,438.75
2/24/2017,438.38,438.5,430.25,433
2/23/2017,441.62,444.25,436.5,437
2/22/2017,437.75,443,435.5,441
2/21/2017,439,440.75,435.25,437
2/17/2017,445.5,447.5,441.12,441.25
2/16/2017,454.25,464.25,447.5,447.75
2/15/2017,449.25,455,446.5,455
2/14/2017,450.75,452,446.62,449.75
2/13/2017,448,456,444.5,451.5
2/10/2017,442.75,450.75,441.25,449.75
2/9/2017,431,443.5,429.75,443.5
2/8/2017,430.25,433,427.75,432.75
2/7/2017,423,430,420,430
2/6/2017,428.5,432.5,423.25,423.5
2/3/2017,434.25,435.5,430.75,430.88
2/2/2017,433,437.75,429.75,435.25
2/1/2017,421.25,432.75,417.25,432.75
1/31/2017,415.5,421,413.25,421
1/30/2017,417.5,419,413.12,414.25
1/27/2017,425.5,427.5,419.5,421.75
1/26/2017,425.25,430.5,422,426.12
1/25/2017,425.38,428.88,423.25,424.25
1/24/2017,433.25,434.5,426.75,427.75
1/23/2017,429.25,433,427.5,433
1/20/2017,423,428,421.75,428
1/19/2017,430.75,430.75,423.5,423.5
1/18/2017,433.25,434.25,428.75,431
1/17/2017,426,437.62,423.75,432.75
1/13/2017,426.75,426.75,419.5,426.25
1/12/2017,418.75,429.88,414.5,425.88
1/11/2017,425,426,412.25,419
1/10/2017,426.5,427.25,423.5,427
1/9/2017,424,428.25,421.12,427.25
1/6/2017,425.75,428,422,423
1/5/2017,419.25,427,416.5,425.5
1/4/2017,406.5,418,405,418
1/3/2017,408.38,414,406.38,406.38
12/30/2016,405.75,409.25,404.75,407.75
12/29/2016,403.5,407,402.75,404.75
12/28/2016,409.75,410,400.5,401.75
12/27/2016,395.25,411,395.25,410
12/23/2016,397.5,398.25,392.75,394.38
12/22/2016,399,400.5,396.75,396.75
12/21/2016,402.75,404.5,399.25,399.5
12/20/2016,406,407.75,400.5,403
12/19/2016,412.5,413.25,403.25,405.25
12/16/2016,408.5,410.5,404.75,408.75
12/15/2016,417.75,418,408.75,409
12/14/2016,416.5,418.25,413.25,418.25
12/13/2016,416.62,420.75,414.5,418
12/12/2016,415.25,416.75,408.75,416.75
12/9/2016,409.25,416.38,404,416
12/8/2016,402.38,409.25,402,407.75
12/7/2016,406.75,407.5,399.75,401.25
12/6/2016,409.5,413,406.25,407
12/5/2016,405.25,410,404.75,408.5
12/2/2016,397.75,403,396.75,403
12/1/2016,403.75,404.5,393.25,395.75
11/30/2016,409.5,414,403,403
11/29/2016,415.25,415.5,408,408.25
11/28/2016,420.5,421.25,414.5,418
11/25/2016,401.62,403.5,396.75,396.75
11/23/2016,407,407.25,396.62,401.5
11/22/2016,410.5,411.75,406.25,406.25
11/21/2016,409,412,404.75,410.75
11/18/2016,403,410,400.5,408.75
11/17/2016,398.25,406.25,396.75,403.25
11/16/2016,400,401,397,397
11/15/2016,394.75,402,393,399
11/14/2016,403.5,403.75,392.75,394
11/11/2016,405.75,407.5,401.25,402
11/10/2016,408.5,414.25,402.5,405
11/9/2016,416,417.75,404,407.75
11/8/2016,410.5,419.75,408.38,414.5
11/7/2016,414.12,415.75,406.75,408.5
11/4/2016,411.75,415.25,410.5,414.25
11/3/2016,417.75,420,409.5,411.5
11/2/2016,414.38,420.25,412.25,418.5
11/1/2016,416,418.25,411,414
10/31/2016,410.75,416.75,409.25,415.25
10/28/2016,415.75,417.5,407.62,408
10/27/2016,412,418.75,411.75,415
10/26/2016,403.5,414.12,403,411.75
10/25/2016,403.75,406.5,398.88,404.75
10/24/2016,413.5,416.88,400.75,403.5
10/21/2016,416.75,418.25,413.5,414.5
10/20/2016,420.12,422.75,415.5,417
10/19/2016,420.12,422.5,414,420
10/18/2016,425,425.5,418.5,419.5
10/17/2016,418.75,425.5,416.25,424.25
10/14/2016,415.5,428.25,415.25,420.75
10/13/2016,397.75,417,397.5,416.5
10/12/2016,404.88,414,396.25,397.5
10/11/2016,404,408.75,401.5,407.25
10/10/2016,397.25,405.38,397.25,404.25
10/7/2016,397.25,401,394.5,395
10/6/2016,407.75,409.5,393.5,395.25
10/5/2016,395.5,408.25,392,405.5
10/4/2016,395.75,398.25,393,395.75
10/3/2016,400.5,401.75,391.75,396.75
9/30/2016,398.75,403.88,390.25,401.75
9/29/2016,402.5,406.75,398,399
9/28/2016,404.75,407.25,402,403.38
9/27/2016,398,405,394.25,404.25
9/26/2016,403.75,407,395.5,396
9/23/2016,404.25,409.5,401.38,405.25
9/22/2016,406,411.75,404.5,405.75
9/21/2016,405,409,402.5,408.25
9/20/2016,403.25,410,401.5,405.75
9/19/2016,404.75,409,400,404
9/16/2016,398.75,404.5,394.25,403.88
9/15/2016,402,406.75,398.25,399.5
9/14/2016,400.75,404.25,395.25,402.25
9/13/2016,408,410.88,399.25,400
9/12/2016,402.5,410,400,408.75
9/9/2016,405.5,406,397.12,403
9/8/2016,403,406.75,398.5,406
9/7/2016,398.12,405,397.5,402.5
9/6/2016,398.25,402.75,395,398
9/2/2016,394.5,401.5,394.5,399
9/1/2016,391.5,397.25,389.75,394.62
8/31/2016,392.88,395.75,387,387.5
8/30/2016,397,400.75,391.75,392.5
8/29/2016,407.25,407.75,395.5,397.25
8/26/2016,401,402.38,381.25,384.12
8/25/2016,404.75,408,401.38,401.38
8/24/2016,407.88,409.25,403,404.5
8/23/2016,414.75,415,407,407.5
8/22/2016,427.25,429.12,414.75,415.25
8/19/2016,426.62,432.5,422.5,427.5
8/18/2016,424.5,428,420,427.25
8/17/2016,423.38,428.38,419.75,426.25
8/16/2016,420.88,427.88,414.88,423.5
8/15/2016,422,430,417.25,422.62
8/12/2016,416.12,422.62,406.62,422.62
8/11/2016,420.5,423.88,413.75,416
8/10/2016,415.88,427.5,415.5,421.12
8/9/2016,415.75,419.25,411.75,416.5
8/8/2016,419.5,423.5,411.75,417
8/5/2016,404,418.5,404,415.38
8/4/2016,411.12,416.12,403.75,404.25
8/3/2016,402.75,415,401.25,410
8/2/2016,405.75,410.5,399.38,400.75
8/1/2016,407.75,415.5,406.75,406.75
7/29/2016,411.12,412.75,403.75,407.25
7/28/2016,415.38,420,408.5,409.12
7/27/2016,415.62,421,414.25,415
7/26/2016,425.38,429.25,414.25,414.88
7/25/2016,428.25,435.25,421.25,429.5
7/22/2016,418.38,426.88,407.25,426.12
7/21/2016,413.5,419.75,409,418.25
7/20/2016,418.25,423.75,406.75,412.75
7/19/2016,427.5,428.25,416.5,418.5
7/18/2016,427.75,431.75,420.62,430.25
7/15/2016,434.75,439.75,425.5,425.5
7/14/2016,442.38,448,431.38,433.75
7/13/2016,439.38,451.5,437,441
7/12/2016,431,439.25,424,437.5
7/11/2016,437,441.88,426.75,430.75
7/8/2016,427.25,439.5,424,435.5
7/7/2016,430.38,438.75,424.5,425.62
7/6/2016,432,434,421.25,429.5
7/5/2016,431.25,432.5,416,431.5
7/1/2016,445.38,445.5,428.25,430.62
6/30/2016,445.75,453.5,438,448
6/29/2016,457.88,460.5,444,444.25
6/28/2016,458.38,467.25,456.5,458.25
6/27/2016,464,470.25,458.5,459.25
6/24/2016,454.5,455,442.25,453.25
6/23/2016,459.5,461.5,453.5,454
6/22/2016,460.5,465,458.5,458.75
6/21/2016,473.25,476.5,458,458.12
6/20/2016,477,479.75,473.75,473.75
6/17/2016,473.25,482,472.75,481.5
6/16/2016,477.38,479.5,471.25,472.5
6/15/2016,482.88,489.75,478.5,478.5
6/14/2016,491.25,493.38,481.5,484.75
6/13/2016,498.25,503.25,491.5,492
6/10/2016,509,512.5,494.62,495
6/9/2016,517.88,519,506.25,509.75
6/8/2016,508.75,523.88,506.25,520
6/7/2016,506.5,513.5,501,509.5
6/6/2016,497.75,514.75,497.75,507.75
6/3/2016,484,498,482.5,497.75
6/2/2016,474,487,473,485.5
6/1/2016,463.38,474.75,463.38,473.5
5/31/2016,480.62,483.88,463.75,463.75
5/27/2016,481.38,484.75,479,481.5
5/26/2016,465.75,481.5,465.5,480.75
5/25/2016,464,468.88,463.25,466.25
5/24/2016,462.75,470,458.25,464.5
5/23/2016,467.38,469.12,461.25,462.5
5/20/2016,468.75,474.5,464.25,468.25
5/19/2016,478.5,479.75,462.75,469.25
5/18/2016,481.38,484.5,477.25,481
5/17/2016,473.5,484.5,473.25,481.5
5/16/2016,473.75,476.75,467.75,475.75
5/13/2016,468.25,477.5,465,474.75
5/12/2016,457.62,468,457.62,468
5/11/2016,461.5,464.75,457,459
5/10/2016,457.38,468.5,455.5,462.25
5/9/2016,464,467,455,456.25
5/6/2016,462.62,470.25,462.25,464.5
5/5/2016,468.75,472.5,461.88,463.75
5/4/2016,470.75,476.5,469.12,473
5/3/2016,487.38,492.75,468.5,472
5/2/2016,486.75,490,481.5,487.12
4/29/2016,483.75,490.75,480.75,489.25
4/28/2016,483.75,497,481.5,485.75
4/27/2016,486.5,489.5,480.5,482.75
4/26/2016,478.12,488.5,474.25,488.25
4/25/2016,473.75,485.38,469,476.75
4/22/2016,492.88,493.12,465.62,467.25
4/21/2016,503.5,510.75,491,495.88
4/20/2016,485.25,503.75,485.25,503
4/19/2016,473,487.75,471.25,485.5
4/18/2016,461,477,460.75,472.5
4/15/2016,459.25,462.25,455,460.25
4/14/2016,462.5,465.5,454.5,458.5
4/13/2016,451.75,466.62,450.25,464.25
4/12/2016,447.62,457,446.75,453.5
4/11/2016,457.88,457.88,446.25,447
4/8/2016,457.5,462.5,456.5,461.5
4/7/2016,463,465.25,457.12,457.25
4/6/2016,473,473,461.75,463.25
4/5/2016,475,476.5,470.25,473.5
4/4/2016,476.38,479,470.5,474.5
4/1/2016,473.75,475.5,467,475.5
3/31/2016,464,475,455.88,474.5
3/30/2016,476,477.5,463.25,464.25
3/29/2016,471.5,477.25,471,477
3/28/2016,465.25,477.25,464,472
3/24/2016,463.13,464.38,458.62,463.5
3/23/2016,467.38,467.38,462.62,463.38
3/22/2016,466.25,470.62,463.38,467.38
3/21/2016,468.62,472,463.88,466.38
3/18/2016,463,463.88,457.88,463.38
3/17/2016,472.13,475.88,460.12,462.38
3/16/2016,476.88,477.12,469.88,470.62
3/15/2016,477.75,479.12,473.12,477.12
3/14/2016,475.63,479.38,472.88,478.62
3/11/2016,476.88,478.38,471.62,475.88
3/10/2016,467.88,477.38,465.13,476.38
3/9/2016,464.62,468.38,461.12,468.12
3/8/2016,461.38,465.62,457.12,465.13
3/7/2016,465,468.38,461.88,463.13
3/4/2016,459.63,464.38,456.12,461.38
3/3/2016,449.62,461.88,449.38,459.12
3/2/2016,447,451.38,442.38,450.12
3/1/2016,453.38,454.63,445.62,446.12
2/29/2016,455.12,456.38,450.63,452.88
2/26/2016,453.88,456.12,449.13,452.12
2/25/2016,452.25,455.88,449.62,453.12
2/24/2016,455.62,456.12,446.62,451.38
2/23/2016,463.5,465.88,455.38,455.88
2/22/2016,466.38,469.38,458.25,463.88
2/19/2016,461.88,464.5,460.12,461.88
2/18/2016,468.5,468.5,462.12,462.38
2/17/2016,464.5,470,462.75,468.88
2/16/2016,460.75,465,459.88,464.38
2/12/2016,458.88,462,455.13,457.38
2/11/2016,460.38,465.75,457.88,458.38
2/10/2016,458.13,462.75,456.63,461.13
2/9/2016,459.13,460.25,455.13,457.38
2/8/2016,466.25,468.88,457.75,458.38
2/5/2016,473.5,474.13,465.75,466.63
2/4/2016,479.13,482.5,472.63,472.63
2/3/2016,475.63,480.13,474.63,479.88
2/2/2016,475.75,483,473.25,475.38
2/1/2016,476.25,477.25,471.38,475.63
1/29/2016,472.25,479.38,470.88,479.38
1/28/2016,476.75,476.88,470.63,472.13
1/27/2016,484.25,485.75,473.63,476.38
1/26/2016,481.63,488.5,478.13,485.13
1/25/2016,475.75,483.75,475.75,481.13
1/22/2016,474.75,479.75,472.63,475.38
1/21/2016,472.38,480,470.5,475.38
1/20/2016,473,475.38,467.38,471.63
1/19/2016,475.25,478.88,470.63,474.38
1/17/2016,473.38,473.38,473.38,473.38
1/15/2016,469,474.63,465.13,473.38
1/14/2016,477.75,477.88,468.13,468.88
1/13/2016,480.25,483.75,476.63,477.88
1/12/2016,470,483.13,463.88,481.38
1/11/2016,481,481.13,466.63,469.13
1/8/2016,468.13,479.63,467.63,478.38
1/7/2016,463.5,468.88,456.38,468.38
1/6/2016,461.5,465.63,457,462.63
1/5/2016,460.38,464.63,458.63,461.38
1/4/2016,472.5,472.5,456.13,458.38
12/31/2015,469.88,472.25,468.88,469.38
12/30/2015,476.38,479.13,469.38,469.63
12/29/2015,467.38,476.63,467.38,475.88
12/28/2015,467.5,472.38,465.88,466.63
12/27/2015,468,468,468,468
12/24/2015,468.63,471.63,467.38,468
12/23/2015,472.63,474.88,468.38,469.63
12/22/2015,479.5,482.63,471.63,471.63
12/21/2015,485.75,490.88,478.38,479.13
12/18/2015,486.13,498.88,481.38,486.13
12/17/2015,483.5,488.13,472.38,483.88
12/16/2015,493.13,496.75,483.38,483.38
12/15/2015,493.38,497.88,486.38,493.88
12/14/2015,491.38,496.88,488.63,493.38
12/11/2015,494.75,497.88,487.63,490.38
12/10/2015,488.88,497.88,485.63,495.38
12/9/2015,481.63,491.13,481.5,489.63
12/8/2015,481.5,483.63,476.63,481.38
12/7/2015,489.38,492.88,482.13,482.88
12/4/2015,479.25,484.88,478.38,484.63
12/3/2015,466.88,483.88,466.13,478.38
12/2/2015,471.25,473.38,465.63,467.13
12/1/2015,474.63,480.13,470.88,471.38
11/30/2015,476.63,480.38,475.13,475.63
11/27/2015,487.63,487.63,478.13,479
11/25/2015,488.38,492.38,487.38,487.63
11/24/2015,496.75,497.13,487.88,488.13
11/23/2015,487.25,499.63,485.88,497.38
11/20/2015,489.38,494.88,486.38,489.13
11/19/2015,483,492.75,481.63,490.38
11/18/2015,487.38,490.25,480.63,483.38
11/17/2015,493.5,494,484.63,487.75
11/16/2015,494.88,498,490.5,493.88
11/13/2015,496.5,499.75,491.63,496.13
11/12/2015,496,500.5,492.38,497.63
11/11/2015,491.88,498,490.38,495.13
11/10/2015,502.38,503.75,488.13,491.38
11/9/2015,520.38,521.25,501.38,501.63
11/6/2015,524.75,526,517.88,522.88
11/5/2015,524.5,529,520.38,525.88
11/4/2015,516.13,530.75,508.38,526.38
11/3/2015,507.63,516.63,506,516.38
11/2/2015,521.38,522.75,506.88,507.88
10/30/2015,515.25,523.75,515.13,522.13
10/29/2015,505.75,517.25,505.13,515.38
10/28/2015,507.63,508.75,500.13,505.88
10/27/2015,509.88,518,506.63,509.13
10/26/2015,493.63,512,493.63,509.38
10/23/2015,490.5,494.25,484.88,490.63
10/22/2015,494.75,500.5,490.63,490.88
10/21/2015,491.88,497.5,490.38,494.63
10/20/2015,486.38,491.63,483.63,490.63
10/19/2015,491.38,493.5,484.38,485.38
10/16/2015,502.63,505.88,489.88,492.38
10/15/2015,507.25,512.75,502.13,502.13
10/14/2015,518.38,519.75,507.63,508.38
10/13/2015,507,521.75,505.13,518.88
10/12/2015,507.38,510.63,503.38,506.88
10/9/2015,511,519.5,504.63,508.13
10/8/2015,516,522,509.38,511.13
10/7/2015,525.38,531.5,515.13,516.63
10/6/2015,514.63,526.63,513.13,525.88
10/5/2015,512.38,518,508.88,515.88
10/2/2015,516.75,523,512.63,512.63
10/1/2015,512.38,523.75,511.88,518
9/30/2015,503.38,515.5,498.38,512.25
9/29/2015,505.88,509.75,500.63,503.88
9/28/2015,508.5,515.5,500.38,506.13
9/25/2015,497.88,510.5,496.38,508.13
9/24/2015,506,509,496.88,497.13
9/23/2015,494.25,508.5,493.88,507.63
9/22/2015,496.38,496.5,488.38,495.38
9/21/2015,486.25,499.25,480.63,496.63
9/18/2015,481.63,489,480.13,486.63
9/17/2015,488.25,489.75,480.88,480.88
9/16/2015,494.13,495,483.13,488.88
9/15/2015,500.63,503.25,492.38,494.88
9/14/2015,486.38,501.63,485.88,501.38
9/11/2015,477.88,485.5,468.63,485.13
9/10/2015,472.25,479.5,471.5,478.13
9/9/2015,473,481,471.13,472.63
9/8/2015,469.13,476.63,469.13,475.13
9/4/2015,465.88,469.63,463.13,467.13
9/3/2015,479.25,479.38,464.88,464.88
9/2/2015,486.13,490,476.63,479.13
9/1/2015,484.13,491.5,482.13,485.63
8/31/2015,484.13,485.88,476.63,485.38
8/28/2015,484.88,487.75,476.13,477.63
8/27/2015,490.75,495.38,481.63,484.75
8/26/2015,498.38,499.88,488.38,491
8/25/2015,504.13,511.25,492.63,496.5
8/24/2015,498.13,504.38,487.5,504.25
8/21/2015,504.5,507.13,495.75,499.38
8/20/2015,495.75,507.63,495.5,504.13
8/19/2015,494.88,498.38,491.13,496.25
8/18/2015,500,503.38,493.38,495.5
8/17/2015,503.63,508.75,498.5,500.63
8/14/2015,503.13,512,497.88,505.88
8/13/2015,492.75,504.63,492.13,503.38
8/12/2015,507.38,514.63,484.13,493.75
8/11/2015,522.88,524.38,504.13,507.13
8/10/2015,511.88,529.88,509.38,523.63
8/7/2015,508.13,513.88,503.88,510.63
8/6/2015,502.13,514.13,498.38,507.13
8/5/2015,494.38,504.63,492.13,502.63
8/4/2015,499.75,506.88,491.38,493.75
8/3/2015,497.13,500.88,490.63,500.88
7/31/2015,497.13,503.38,495.88,498.13
7/30/2015,496.38,504.38,493.88,497.38
7/29/2015,511.75,512.38,495.88,496
7/28/2015,502.88,512.38,501.88,512.13
7/27/2015,510.63,511.63,501.38,502.13
7/24/2015,520.5,523.38,509.63,512.38
7/23/2015,516.63,526.63,516.63,522.5
7/22/2015,524.25,528.13,515.38,516.38
7/21/2015,533.5,537.63,523.88,523.88
7/20/2015,551,551,530.63,534.75
7/17/2015,560.75,561.25,546.25,554.25
7/16/2015,566.88,573.75,561.88,562.63
7/15/2015,568.88,569.38,558.88,567.13
7/14/2015,575,582.38,569.5,570.88
7/13/2015,574.25,576.63,567,575.5
7/10/2015,576.63,587.38,570,575.13
7/9/2015,576.38,586.13,575.38,577.38
7/8/2015,583.75,587.63,573.13,578.25
7/7/2015,592.88,593.13,578.38,584.38
7/6/2015,585.5,599.63,572.38,594.88
7/3/2015,588.25,588.25,588.25,588.25
7/2/2015,587.5,600.63,574.13,588.25
7/1/2015,614.25,615,576.13,587.25
6/30/2015,583,617.13,576.38,616.63
6/29/2015,565.5,591.38,564.13,584.13
6/26/2015,532,566.13,530.38,560.75
6/25/2015,517.75,532.63,513.13,532.38
6/24/2015,521.75,529.88,514.13,518.13
6/23/2015,501.88,522.63,501.88,522.63
6/22/2015,487.88,504.13,487.38,501.75
6/19/2015,487.75,492.25,483.63,488.88
6/18/2015,491.38,497.88,487.38,487.88
6/17/2015,490.13,499.63,489.63,491.63
6/16/2015,489.13,494.88,487.13,488.63
6/15/2015,503.25,503.25,486.13,488.88
6/12/2015,504,510.63,500.75,504.25
6/11/2015,513.88,515.25,502.75,505.13
6/10/2015,532.5,537.38,512.63,512.63
6/9/2015,527.25,537.13,524.13,532.75
6/8/2015,516.38,532.63,516.38,527.63
6/5/2015,523.5,533.88,516.25,517
6/4/2015,510,524.13,504.13,523.13
6/3/2015,513.38,525.88,508.38,509.13
6/2/2015,495.13,513.13,493.13,512.63
6/1/2015,478,495.38,474.13,494.75
5/29/2015,487.13,489.13,474.63,477.88
5/28/2015,488.5,494.63,483.13,487.38
5/27/2015,495.88,496.13,482.38,488.25
5/26/2015,515.75,519.38,492.13,492.63
5/22/2015,521.38,528.88,511.13,515
5/21/2015,514.13,527.88,511.13,520.5
5/20/2015,510.75,515.63,503.13,512.5
5/19/2015,520.13,524.63,503.88,510.63
5/18/2015,510.88,529.88,507.88,521.88
5/15/2015,515,519.63,506.13,510.75
5/14/2015,481.13,515,481.13,514.63
5/13/2015,480.88,486.13,471.13,481.63
5/12/2015,481,489.88,478.38,481.38
5/11/2015,482.88,484.13,476.38,481.63
5/8/2015,472.25,482.38,471.88,482.38
5/7/2015,480.38,483.88,471.38,472.63
5/6/2015,468.38,482.13,467.5,479.25
5/5/2015,470.88,472.63,461.13,466.75
5/4/2015,471.75,474.38,466.5,472.75
5/1/2015,476.13,479.13,468.63,473.88
4/30/2015,483.75,488.63,471.88,475.38
4/29/2015,476.5,483.88,474.13,483.88
4/28/2015,475.13,478.38,464.13,476.38
4/27/2015,488.38,490.38,472.63,473.88
4/24/2015,498,498.88,485.25,486.38
4/23/2015,499.75,503.38,497.63,498.13
4/22/2015,500.38,504.63,496.38,499.13
4/21/2015,498.38,506.38,494.38,500.5
4/20/2015,493.88,499.13,492.13,498.63
4/17/2015,494,499.75,490.88,493.13
4/16/2015,490.38,495.38,489.13,494.63
4/15/2015,497.63,503.88,490.13,490.63
4/14/2015,503.88,506.13,496.38,497.5
4/13/2015,518.13,519.88,501.63,502.38
4/10/2015,517.88,527.38,515.63,526.75
4/9/2015,525.25,526.63,513.88,518.88
4/8/2015,528.38,530.75,518.38,525.5
4/7/2015,525.88,533.88,517.88,526.88
4/6/2015,537.63,543.63,525.13,528.38
4/2/2015,527.75,544.13,522.63,533.88
4/1/2015,513.38,528.88,506.13,528.88
3/31/2015,531.38,531.5,509.13,512.88
3/30/2015,512.13,530.63,508.63,530.38
3/27/2015,499.13,508.88,499.13,507.75
3/26/2015,519.38,525.13,498.5,498.63
3/25/2015,523.13,527.88,516.13,518.88
3/24/2015,530.25,531.63,522.63,523.38
3/23/2015,533.75,540.38,531.88,534.63
3/20/2015,510.13,530.38,510.13,530.13
3/19/2015,516,519.88,505.38,511.38
3/18/2015,502.25,512.38,500.88,511.13
3/17/2015,516,517.88,503.13,503.63
3/16/2015,503.13,515.38,494.5,515.13
3/13/2015,507.63,513.38,498.88,501.25
3/12/2015,498.25,512.63,498.13,507.25
3/11/2015,494.13,502.13,493.88,498.63
3/10/2015,489.75,496.63,483.38,493.88
3/9/2015,484.25,494.88,484.13,490.13
3/6/2015,480.88,485.38,479.38,482.25
3/5/2015,496.13,496.38,480.38,480.63
3/4/2015,505.75,505.88,494.13,495.88
3/3/2015,501.5,506.88,493.13,504.38
3/2/2015,513.75,518.63,499.63,499.88
2/27/2015,500.5,517.63,498.13,512
2/26/2015,496.75,500.88,490.13,500
2/25/2015,503,505.63,495.13,497.13
2/24/2015,504.63,510.63,502.13,503.38
2/23/2015,507.38,510.38,502.38,503.63
2/20/2015,527.38,531.38,509.63,509.88
2/19/2015,528.38,537.13,523.63,527.63
2/18/2015,538,543.38,523.63,528.13
2/17/2015,534.75,546.63,531.88,535
2/13/2015,520.88,534.13,519.75,533.25
2/12/2015,523.63,527.5,518.38,520.38
2/11/2015,521,527.88,516.13,525.13
2/10/2015,527.88,530.75,518.75,520.88
2/9/2015,527.25,532.13,521.63,529.13
2/6/2015,526.13,533.88,516.63,527.38
2/5/2015,510.88,527.38,508.88,526.38
2/4/2015,514.38,521.63,507.63,512.13
2/3/2015,494.38,515.63,493.38,512.88
2/2/2015,502.25,505.38,492.38,492.88
1/30/2015,507.63,511.63,497.38,503.25
1/29/2015,505.63,512.13,501,507.75
1/28/2015,519.25,520.38,503.13,505.38
1/27/2015,520.13,524,517.63,518.88
1/26/2015,529.25,534.63,519.38,519.75
1/23/2015,532.88,535.88,526.88,529.25
1/22/2015,536.25,542.38,532.63,533.75
1/21/2015,537.38,544.38,535.63,535.88
1/20/2015,532.25,539.63,523.13,535.38
1/16/2015,536.25,541.88,531.38,531.38
1/15/2015,540.13,544.88,528.13,533.88
1/14/2015,548.5,549.63,536.13,538.13
1/13/2015,556.13,566.63,547.38,547.75
1/12/2015,564,566.38,554.88,555.25
1/9/2015,568,573.88,562.13,562.38
1/8/2015,580.5,580.5,566,567.38
1/7/2015,594.38,594.38,578.88,579.13
1/6/2015,587.75,603.5,586.38,592.13
1/5/2015,579.88,597.38,579.38,588.63
1/2/2015,589.38,589.38,574.88,581.13
12/31/2014,601.38,604.63,586.5,589.88
12/30/2014,614.75,615.38,601.13,603.25
12/29/2014,612.5,620.63,608.13,614.38
12/28/2014,609.25,609.25,609.25,609.25
12/26/2014,614.75,616.5,607.38,609.25
12/24/2014,636,639.63,606.88,610.38
12/23/2014,623.5,636.88,621.13,636.38
12/22/2014,629.75,644.5,621.13,624.88
12/21/2014,632.88,632.88,632.88,632.88
12/19/2014,653.63,654.25,629.5,632.88
12/18/2014,646.63,676.88,645.88,653.38
12/17/2014,623.75,649.88,617.13,648.88
12/16/2014,616.38,638.88,615.25,621.13
12/15/2014,606.25,622.63,599.88,618
12/14/2014,605.75,605.75,605.75,605.75
12/12/2014,596.63,613.13,593.63,605.75
12/11/2014,581.63,599.88,573.38,596.13
12/10/2014,585,585,575.38,582.13
12/9/2014,595.5,596.13,584.13,586
12/8/2014,593.13,605.63,588.13,596.38
12/7/2014,593.38,593.38,593.38,593.38
12/5/2014,589.13,595.38,582.13,593.38
12/4/2014,589.88,591.63,577.63,588.88
12/3/2014,603.88,606.38,585.38,589.63
12/2/2014,605.38,611.5,596.88,603.38
12/1/2014,576.88,607.63,570.38,607.13
11/30/2014,578.38,578.38,578.38,578.38
11/28/2014,559.25,580.63,558.38,578.38
11/27/2014,562.25,562.25,562.25,562.25
11/26/2014,558,565.38,555.63,562.25
11/25/2014,549.38,558.88,546.13,558.63
11/24/2014,553.38,556.88,548.63,549.13
11/21/2014,547.13,552.88,540.88,546.63
11/20/2014,537,547.88,532.13,547.13
11/19/2014,549.13,549.25,535.13,538.25
11/18/2014,552.13,553,544.38,549.38
11/17/2014,559.38,563.13,551.13,552.25
11/14/2014,552.88,564.63,549.13,560.63
11/13/2014,541.75,558.88,537.13,553.63
11/12/2014,524.5,545.63,522.88,541.63
11/11/2014,517.5,526.38,511.88,524
11/10/2014,514.13,523.75,511.38,519.13
11/7/2014,517.75,518.63,511.38,514.5
11/6/2014,524.88,527.88,520.13,520.38
11/5/2014,531.38,532.38,518.88,524.75
11/4/2014,537.88,538.63,529.13,532.13
11/3/2014,535.63,539.13,526.88,539.13
10/31/2014,535.13,538.88,523.13,531.25
10/30/2014,538.5,545.25,532.88,535.88
10/29/2014,530.88,540.38,527.75,538.63
10/28/2014,524,532.88,523.5,531.5
10/27/2014,515.88,526.38,510.63,523.5
10/24/2014,525.5,539.13,517.38,518.5
10/23/2014,520.88,530.38,519.25,526.5
10/22/2014,520.5,528.38,516.13,522.63
10/21/2014,513.88,523.63,512.5,519.75
10/20/2014,515.38,515.63,507.38,513.63
10/17/2014,517.88,522.13,512.88,515.88
10/16/2014,506.25,518.13,502.88,518
10/15/2014,509.88,516,501.63,507.75
10/14/2014,505,509.5,498.38,509.38
10/13/2014,498.38,506.13,495.63,505.13
10/10/2014,493.5,508.38,488.63,498.75
10/9/2014,508.13,508.13,492.13,493.38
10/8/2014,507.13,511.63,502.13,507.88
10/7/2014,490.88,509.38,489.38,506.88
10/6/2014,485.63,494.63,485,491.38
10/3/2014,483.38,488.88,478.13,486.13
10/2/2014,478,489.63,477.5,483.75
10/1/2014,477.63,483.63,469.63,478.63
9/30/2014,480.63,481.75,468.13,478.63
9/29/2014,470.88,482.38,470.75,480.88
9/26/2014,473.5,476.13,469,474.88
9/25/2014,480.13,483.5,466.38,474.25
9/24/2014,474.25,484.63,473.63,480.38
9/23/2014,476.75,479.38,471.13,475.75
9/22/2014,476.5,480.63,469.38,476.63
9/19/2014,487.88,488.13,473.88,474
9/18/2014,496.13,498.63,487.88,488.13
9/17/2014,495.88,501.13,494.13,499.38
9/16/2014,499.13,508.25,492.38,496.88
9/15/2014,501.25,503.88,496.13,500.38
9/12/2014,507.88,509.38,500.13,502.5
9/11/2014,518.13,519,502.88,509.13
9/10/2014,528.63,529.13,519.25,519.63
9/9/2014,533.38,533.38,523.63,528.88
9/8/2014,534.63,539.13,524.38,533.75
9/5/2014,531.38,541.5,528.38,535.38
9/4/2014,535.88,536.88,527.75,529.88
9/3/2014,555,556.13,535.13,535.38
9/2/2014,561.88,565.88,550.88,554.75
8/29/2014,570.38,578.63,561.38,563.38
8/28/2014,562.38,578.63,559.13,570.88
8/27/2014,555,562.88,550.88,561.38
8/26/2014,553.38,557.88,546.88,555.88
8/25/2014,559.88,564.88,552.63,555.63
8/22/2014,545.75,562.38,545.75,549.25
8/21/2014,539.63,549.63,536.88,546.5
8/20/2014,546.13,549.25,534.38,539.5
8/19/2014,540.75,555.88,536.25,546.63
8/18/2014,549.75,551.25,540.63,542.38
8/15/2014,535.88,555.88,533.63,551.63
8/14/2014,528.5,539.13,528.13,536.13
8/13/2014,538.5,544.38,527.38,527.38
8/12/2014,546.63,546.88,534.5,538.25
8/11/2014,548.38,556.38,542.88,546.75
8/8/2014,561.13,561.13,547.13,547.88
8/7/2014,567.63,567.88,558.63,561.63
8/6/2014,553.13,571.88,553.13,567.63
8/5/2014,543.88,554.13,538.13,552.13
8/4/2014,534.63,553.13,534.63,544.88
8/3/2014,533.75,533.75,533.75,533.75
8/1/2014,531.25,543.88,530.63,533.75
7/31/2014,526.38,536.13,523.5,530.38
7/30/2014,521.63,528.88,519.88,528
7/29/2014,534.38,535.5,518.63,520.63
7/28/2014,539,543.13,532.13,534.88
7/25/2014,528.88,538.38,526.63,537.63
7/24/2014,530.63,541.88,526.13,529
7/23/2014,524.38,530.88,521.63,529.88
7/22/2014,529.5,536.63,524.13,524.88
7/21/2014,530.13,531.13,523.88,530.25
7/18/2014,552.13,555.63,531.13,531.75
7/17/2014,537.88,561.38,530.88,551.25
7/16/2014,537.38,544.38,535.88,538
7/15/2014,537.88,539.38,530.63,538.25
7/14/2014,527.38,538.88,524.25,538.38
7/11/2014,547.5,549.63,525.13,525.88
7/10/2014,551.88,555.88,546.38,548.63
7/9/2014,556.13,558,547.75,551.25
7/8/2014,557.75,560.88,555.63,555.88
7/7/2014,579.5,584.25,556.13,558.25
7/6/2014,579.5,579.5,579.5,579.5
7/3/2014,576.38,580.63,572.13,579.5
7/2/2014,573.88,576.63,568.88,576.63
7/1/2014,578.63,580.88,569.38,573.13
6/30/2014,591.63,592.38,568.75,576.75
6/27/2014,584.63,597.38,583.88,592.88
6/26/2014,584.38,589.88,579.88,584.38
6/25/2014,580.13,584.63,577.13,584.13
6/24/2014,589.25,589.25,579.38,580
6/23/2014,594.63,600.88,587.38,589.13
6/20/2014,592.88,594.63,582.88,584.88
6/19/2014,586.25,595.88,585.88,593.88
6/18/2014,581.63,597.88,581.63,586.25
6/17/2014,581.5,584.63,576.88,581.5
6/16/2014,585.75,594.63,580.38,580.38
6/13/2014,585.88,594.38,583.63,585.13
6/12/2014,588.38,593.38,584.88,584.88
6/11/2014,602.13,608.38,588.63,588.88
6/10/2014,614.13,615.75,599.38,601.13
6/9/2014,617.13,626.13,607.63,614.25
6/6/2014,605.88,619.38,603.25,619.38
6/5/2014,614.38,617.25,605.13,605.13
6/4/2014,611.88,619.38,611.13,613.88
6/3/2014,621.63,623.88,611.13,612.13
6/2/2014,625.75,626.13,616.38,620.38
5/30/2014,633.5,636.63,625.63,628.13
5/29/2014,638.5,644.63,629.88,632.25
5/28/2014,638.38,641.63,633.13,638.63
5/27/2014,644.88,648.38,640.38,640.88
5/23/2014,660.38,663.38,651.38,651.88
5/22/2014,665.63,669.38,654.63,659.63
5/21/2014,668.38,675.63,663.38,663.38
5/20/2014,674.75,685.88,666.25,669.13
5/19/2014,671.5,677.63,663.88,675.13
5/16/2014,678.88,682.75,670.63,674.88
5/15/2014,690.88,690.88,676.88,677.88
5/14/2014,709.5,709.5,687.88,690.38
5/13/2014,713.88,715.13,704.13,709.63
5/12/2014,722.25,722.25,703.75,714.88
5/11/2014,722.75,722.75,722.75,722.75
5/9/2014,734,738.88,722.13,722.75
5/8/2014,735,737.63,727.88,734.63
5/7/2014,736.75,739.63,727.25,738.88
5/6/2014,732.63,743.88,723.88,738.63
5/5/2014,723.13,740,721.63,727.38
5/2/2014,709.5,720.63,706.13,716
5/1/2014,723.25,724.38,701.38,708.63
4/30/2014,715.25,724.63,710.75,721.5
4/29/2014,709.25,716.88,704.38,715.63
4/28/2014,708.88,716.88,697.38,708.88
4/25/2014,689.25,701.63,687.63,700.88
4/24/2014,676.88,695.63,671.63,690.38
4/23/2014,673.5,679.38,667.88,676.38
4/22/2014,668.38,677,662.5,672.38
4/21/2014,690.5,690.5,662.88,668.88
4/17/2014,687.63,701.38,686.38,690.25
4/16/2014,700.88,710.88,684.63,688
4/15/2014,677.5,702.63,673.88,701.63
4/14/2014,665.25,688.5,665.13,678.13
4/11/2014,663.25,666.5,656.63,659.13
4/10/2014,669.25,670.88,656.38,662.25
4/9/2014,681.75,687.88,664.13,668.25
4/8/2014,676.38,684.88,668.25,679.25
4/7/2014,670.5,679.38,665.63,676.63
4/4/2014,674.13,676.25,658.88,670.25
4/3/2014,669.25,677.38,666.63,675.25
4/2/2014,687.25,687.63,665.13,668.63
4/1/2014,695.88,697.63,683.63,685.38
3/31/2014,697.13,701.88,677,697.13
3/28/2014,707.88,708.25,693.63,695.13
3/27/2014,696.5,713.38,692.13,710.5
3/26/2014,708.88,711.63,694.88,697.38
3/25/2014,714.63,716.38,706.63,709.38
3/24/2014,692.5,718.13,687.25,713.38
3/21/2014,705.38,707.13,692.13,692.25
3/20/2014,714.63,722.88,694.38,706.38
3/19/2014,691.38,718.38,686.13,715.63
3/18/2014,676.25,693.38,672.5,691.88
3/17/2014,686.38,694.13,672.63,674.63
3/14/2014,672.63,690.88,669.88,686.63
3/13/2014,682.38,696.25,671.13,672.13
3/12/2014,658.5,684.38,652.13,684.13
3/11/2014,639.5,667.38,637.13,658.13
3/10/2014,654.88,656.38,639.25,639.63
3/7/2014,646,662.88,644.38,653.5
3/6/2014,640.88,648.88,636.38,646.63
3/5/2014,641,644.38,636.13,640.38
3/4/2014,632,644.63,621.13,643.25
3/3/2014,623.63,644.13,615,634.5
2/28/2014,590.25,604.88,590.13,600.38
2/27/2014,606,606.88,588.38,590.38
2/26/2014,617.38,618.38,605.13,605.38
2/25/2014,617,619.75,605.13,617.25
2/24/2014,602.5,617.38,600.75,617.25
2/21/2014,616.25,617.38,609.38,609.88
2/20/2014,618.88,620.75,611.63,615.88
2/19/2014,611.88,620.38,609.88,620.38
2/18/2014,599.25,613.13,598.88,612.13
2/14/2014,594.88,602.88,594.5,597.5
2/13/2014,586.38,596.63,585.38,594.5
2/12/2014,589.25,598,585.88,585.88
2/11/2014,585.13,590.88,582.88,589.13
2/10/2014,574.5,590.5,570.63,585.5
2/7/2014,582.13,585.88,567.38,577.75
2/6/2014,586.75,592.88,579.63,579.88
2/5/2014,584.38,588.63,579.13,587
2/4/2014,563.63,585.63,562.13,585.38
2/3/2014,554.88,564.13,554.13,563.88
1/31/2014,554.13,557.38,551.38,555
1/30/2014,552,556.63,550.38,553.75
1/29/2014,566.63,566.88,550.75,550.88
1/28/2014,564.13,568.88,564.13,565.88
1/27/2014,567.13,572.13,563.13,563.88
1/24/2014,571.13,573.13,562.63,566.25
1/23/2014,561.63,577.63,561.63,569.88
1/22/2014,562.63,566.63,560.88,561.13
1/21/2014,565.13,567.63,560.88,561.88
1/17/2014,572.88,574.25,562.88,562.88
1/16/2014,568.38,573.63,564.13,572.13
1/15/2014,579.5,579.63,566.88,567.38
1/14/2014,571.38,579.63,570.63,579.38
1/13/2014,571.75,575.88,570.13,572.88
1/10/2014,584.38,590.25,560.88,568.13
1/9/2014,588.13,590.75,578.38,584.5
1/8/2014,603.13,607.13,587.38,587.63
1/7/2014,606.38,609.88,601.88,602.38
1/6/2014,608.13,612.38,605.13,606.13
1/3/2014,596.88,608.88,596.38,606.63
1/2/2014,605,605,595.88,596.75
1/1/2014,605.13,605.13,605.13,605.13
12/31/2013,601.63,607.13,599.38,605.13
12/30/2013,608,609,600.13,600.13
12/27/2013,608.13,609.88,603.38,608.13
12/26/2013,606.38,606.63,600.88,605.75
12/24/2013,610.38,611.63,605.88,606.38
12/23/2013,614.5,615.13,608.38,609.25
12/20/2013,610.38,615.63,607.38,613.63
12/19/2013,614.88,621.13,610.13,610.13
12/18/2013,618.63,618.88,612.38,612.38
12/17/2013,622.38,626.63,618.88,618.88
12/16/2013,628.63,628.63,621.13,621.63
12/13/2013,633.38,634.88,626.88,629.13
12/12/2013,641,642.5,630.38,633.38
12/11/2013,639.88,643.38,635.38,641.13
12/10/2013,649.88,652.13,635.13,639.5
12/9/2013,651.63,657.13,649.38,650.5
12/6/2013,652.13,654.88,649.38,650.75
12/5/2013,662.63,662.88,650.63,651.63
12/4/2013,668.38,672.13,661.38,662
12/3/2013,663.88,669.13,662.13,668.88
12/2/2013,668.88,674.63,660.63,662.88
11/29/2013,668.5,670.63,665.13,668.25
11/27/2013,656.63,666.88,656.38,664.63
11/26/2013,659,660.63,653.38,655.75
11/25/2013,658.63,662.38,657.38,659.5
11/24/2013,656.25,656.25,656.25,656.25
11/22/2013,649.38,653.63,648.63,649
11/21/2013,647.88,653.38,647.38,648.63
11/20/2013,650,654.63,646.38,646.5
11/19/2013,642.75,651.13,642.75,650
11/18/2013,646.25,649.63,642.38,642.38
11/15/2013,646,648.38,642.88,643.75
11/14/2013,645.88,652.88,644.38,644.88
11/13/2013,646.38,648.88,643.63,645.25
11/12/2013,647,651.88,644.88,645
11/11/2013,651.13,659.38,646,646.25
11/8/2013,653.5,657.75,645.5,648
11/7/2013,654,657.13,652.38,653.38
11/6/2013,657,660.38,652.38,653.63
11/5/2013,662.63,665.13,655.25,656.5
11/4/2013,666.5,671.38,662.13,663.38
11/1/2013,667.75,672.13,664.63,667.13
10/31/2013,675.13,676.88,667.13,667.38
10/30/2013,684.88,686,674.13,674.13
10/29/2013,681.25,684.63,676.38,681.75
10/28/2013,688.88,691.13,680.88,680.88
10/25/2013,696.38,701.88,690.38,691.63
10/24/2013,701.25,707.88,696.13,696.5
10/23/2013,700.75,710.38,699.75,701.75
10/22/2013,699.13,704.13,696.13,700.63
10/21/2013,706.13,711.13,694.13,698.88
10/18/2013,686.38,706.38,686.13,705.25
10/17/2013,681.25,693.13,680.75,685.63
10/16/2013,686.13,687.88,678.38,681.13
10/15/2013,691.88,693.63,685.38,685.63
10/14/2013,691.63,696.13,686.38,691.88
10/11/2013,684.63,695.38,682.38,692
10/10/2013,691.13,695.63,684.13,685
10/9/2013,692.5,694.63,687.38,690.13
10/8/2013,694.13,699.63,688.13,693.13
10/7/2013,686.88,696.13,686.5,695
10/4/2013,688.75,692.63,684.38,686.63
10/3/2013,685.75,697.88,685.5,688.63
10/2/2013,681,689.63,678,686
10/1/2013,678.13,683.38,672.63,683.38
9/30/2013,681,694,676.88,679.13
9/27/2013,677.63,685.38,675.5,681.13
9/26/2013,670.13,678.88,668.63,678.63
9/25/2013,657.88,674.88,657.88,669.63
9/24/2013,653.75,659.88,649.63,657.63
9/23/2013,646.13,656.63,645.38,653.88
9/20/2013,656.63,659.13,643.88,645.88
9/19/2013,647.38,662.38,646.63,656.25
9/18/2013,642.38,647.88,642,645.5
9/17/2013,641.63,651,641.38,642.5
9/16/2013,641.13,648.63,638.63,640.88
9/13/2013,652.63,652.63,640.13,640.5
9/12/2013,648.13,654.13,637.5,652.88
9/11/2013,647.63,652.13,642.13,647.88
9/10/2013,641.5,648.13,640.13,646.25
9/9/2013,648.38,651.38,639.63,640.88
9/6/2013,639.13,652.88,638.25,647.63
9/5/2013,645.75,646.25,637.13,639.38
9/4/2013,647.25,647.25,640.13,646.38
9/3/2013,663,663.63,645.38,647.5
8/30/2013,654.13,658.63,650.38,654.88
8/29/2013,660.25,663.5,652.13,654.38
8/28/2013,665.13,669.38,658.63,660.38
8/27/2013,666.13,670.25,661.13,663.25
8/26/2013,651.88,676.38,651.63,667.13
8/23/2013,629,637.88,628.5,633.75
8/22/2013,640.38,640.38,629.88,630.5
8/21/2013,635.13,646.63,634.38,638.38
8/20/2013,641.38,643.75,634.13,634.5
8/19/2013,636.5,642.38,635.25,640.5
8/16/2013,637.75,641.13,626.63,631.5
8/15/2013,631.13,641.13,629.13,637.63
8/14/2013,626.63,631.75,623.13,630.38
8/13/2013,635.88,643.38,626.38,627.5
8/12/2013,633.25,644.88,630.13,635.25
8/9/2013,642,644.88,630.63,633.63
8/8/2013,642.5,647.88,640,641.13
8/7/2013,650.25,652.88,639.13,643.88
8/6/2013,646.13,651,642.38,650
8/5/2013,659.5,665.38,641.63,645.25
8/2/2013,657.75,667.13,656.5,660.25
8/1/2013,663.38,667.38,648.38,659.13
7/31/2013,654.38,665.5,653.63,663.63
7/30/2013,650.38,662.38,650.13,656
7/29/2013,650.38,655.88,648.63,651.13
7/26/2013,648.75,657.38,648.13,649.25
7/25/2013,652.63,656.38,648.13,648.38
7/24/2013,653.88,661.63,653.13,653.13
7/23/2013,659.25,659.38,650.63,654.63
7/22/2013,666.38,667.75,655.13,659.88
7/19/2013,660.88,669.88,658.13,663.88
7/18/2013,664.25,667.13,656.63,661.13
7/17/2013,669.5,674,664.13,665.25
7/16/2013,671.5,681.25,665.63,669.25
7/15/2013,677.13,677.63,667.63,669.5
7/12/2013,683.13,687.5,679.88,681
7/11/2013,679.13,692.88,676,682.38
7/10/2013,676.13,682.13,668.63,678.13
7/9/2013,662.88,682.63,662.5,676.38
7/8/2013,659,671.25,659,662.38
7/5/2013,670.88,672.38,659.38,659.88
7/4/2013,666,666,666,666
7/3/2013,658.13,671.38,658.13,666
7/2/2013,656,667.88,652.38,656.38
7/1/2013,655.5,663.75,652.88,656.63
6/28/2013,673.13,678.13,656.13,656.88
6/27/2013,677,683.13,672.88,672.88
6/26/2013,684.75,690.13,676.13,676.63
6/25/2013,687.88,694.63,684.88,685.13
6/24/2013,700.88,701.75,685.13,687.75
6/21/2013,700.38,704.38,696.13,697.88
6/20/2013,703.88,707.63,695.13,699.88
6/19/2013,684.5,710.63,682.63,705.13
6/18/2013,681.5,689.38,680.88,686.88
6/17/2013,677.88,688.63,674.75,683.38
6/14/2013,685.5,685.5,676.63,681.13
6/13/2013,683.38,686.63,675.13,685.63
6/12/2013,694.25,696.63,679.13,681.88
6/11/2013,690.13,699.63,686.88,696.13
6/10/2013,693.25,693.5,680.63,690.25
6/7/2013,696.88,703.13,694.38,696.25
6/6/2013,701.63,706.13,693.63,698.5
6/5/2013,710.5,712.38,701.13,701.38
6/4/2013,707.5,712.88,700.13,709.63
6/3/2013,707.75,714.38,692.63,709.38
5/31/2013,697.38,707.38,692.88,706.63
5/30/2013,699.13,702.25,687.63,697.88
5/29/2013,693.5,703.88,688.88,700.38
5/28/2013,697.88,704.88,687.88,693.5
5/24/2013,704.38,707.25,696.38,696.38
5/23/2013,687.63,708.88,687.13,705
5/22/2013,680.5,692.63,680.13,686.88
5/21/2013,683.38,684.13,674.13,679.88
5/20/2013,681.38,688,674.63,686.25
5/17/2013,688.38,689.63,680.63,682.63
5/16/2013,694.13,698.88,681.63,688.88
5/15/2013,710.88,711.13,692.63,693.88
5/14/2013,709.25,716.63,706.88,712.38
5/13/2013,701.88,718.63,701.63,709.38
5/10/2013,722.63,724,702.38,703.5
5/9/2013,704.88,727.5,702.88,724.13
5/8/2013,707.88,712.63,700.13,705.5
5/7/2013,704.5,710.38,698.38,707.63
5/6/2013,713.75,714.63,700.63,702.25
5/3/2013,727.63,734.88,716.63,721.75
5/2/2013,720.63,729.63,717.88,729.25
5/1/2013,731.5,731.5,713.38,719.63
4/30/2013,716.25,736.63,705.13,730.25
4/29/2013,696.5,719.63,695.38,715.25
4/26/2013,701.5,701.5,686.88,686.88
4/25/2013,690.5,705.38,690.5,701.63
4/24/2013,697.75,698.63,688.63,690.25
4/23/2013,702.88,703.5,690.38,697.88
4/22/2013,708.13,708.13,691.38,702.13
4/19/2013,703.63,711.38,697.63,708.38
4/18/2013,705.38,711.75,696.13,704.13
4/17/2013,703.75,715.38,698.63,703.38
4/16/2013,692.88,703.63,689.88,703.63
4/15/2013,715,715,688.63,692.63
4/12/2013,699,715.88,698.5,714.13
4/11/2013,697.38,705.63,693.75,698.5
4/10/2013,706.13,712.75,688.88,696.88
4/9/2013,713.13,714.13,704.38,707.25
4/8/2013,700,715.88,700,711.75
4/5/2013,692.38,700.38,689.38,699.38
4/4/2013,701.75,701.88,684.63,692.5
4/3/2013,674,705.38,670.88,701.88
4/2/2013,667.38,676.25,664.63,674.38
4/1/2013,684.88,685,660.25,667.38
3/31/2013,682.88,688,681.25,684.5
3/28/2013,735.88,741.38,682.88,688.25
3/27/2013,729.5,740.63,728.75,736
3/26/2013,726.38,732.5,723.63,729.63
3/25/2013,729.88,730.38,722.63,726.13
3/24/2013,729.63,730.13,728.38,730
3/22/2013,728.5,731.38,715.63,729.38
3/21/2013,733.5,736.38,726.25,728.38
3/20/2013,727.25,736.63,723.13,733.63
3/19/2013,714.38,727.63,709.38,727.38
3/18/2013,716.38,719.25,705.75,714.13
3/17/2013,720.75,721.38,716,716.63
3/15/2013,724.63,724.88,717.63,723.13
3/14/2013,711.88,725.38,707.88,724.88
3/13/2013,702.88,712.75,697.25,712.25
3/12/2013,700.88,706.38,695.75,703
3/11/2013,699.25,707.88,695.13,700.75
3/10/2013,696,699.75,695.13,699.38
3/8/2013,695.38,702,687.5,696.38
3/7/2013,683.13,696.38,681.63,695.63
3/6/2013,705.38,706.88,681.25,683.25
3/5/2013,703.38,708.63,701.13,705.25
3/4/2013,719.13,722.38,697.88,703.5
3/3/2013,721.13,721.63,718.63,719
3/1/2013,716.5,726.38,708.13,720.38
2/28/2013,712.13,722.88,711.13,716.38
2/27/2013,712.5,721.88,710.13,712
2/26/2013,705.75,711.88,698.13,711.88
2/25/2013,720.38,722.13,704.13,705.88
2/24/2013,718.25,720.88,715.88,720.13
2/22/2013,722.63,729.63,713.88,713.88
2/21/2013,736.75,737.38,719.63,723
2/20/2013,732.63,740.63,727.88,736.88
2/19/2013,746.63,747.38,726.38,732.75
2/15/2013,734.63,744.38,733.88,742
2/14/2013,737.63,740.63,725.13,734.38
2/13/2013,734.38,737.75,722.88,737.75
2/12/2013,741.75,744.13,725.63,734.25
2/11/2013,757.63,757.63,740.88,741.88
2/10/2013,757,759,753.5,757.88
2/8/2013,756.63,770.63,753.13,756.13
2/7/2013,759.88,764.25,752.88,756.75
2/6/2013,757.75,763.88,746.63,759.75
2/5/2013,765.5,766.13,751.13,757.63
2/4/2013,766.13,773.38,761.13,765.38
2/3/2013,768.25,768.38,764.25,765.88
2/1/2013,781.5,789.88,764.63,766.13
1/31/2013,787.13,790.88,773.88,781.63
1/30/2013,773.75,788.88,771.88,786.75
1/29/2013,778.25,784.88,773.75,773.88
1/28/2013,779.63,782.88,770.88,778.38
1/27/2013,778.63,780.38,777.38,779.5
1/25/2013,771.25,780.63,764.38,775.88
1/24/2013,772.63,774.88,763.13,771.38
1/23/2013,776.13,784.88,771.13,772.88
1/22/2013,794.88,799.63,776.13,776.38
1/20/2013,790.5,790.5,790.5,790.5
1/18/2013,785.5,793.63,778.88,790.5
1/17/2013,786.63,787.88,776.38,785.38
1/16/2013,783.25,790.63,777.13,786.75
1/15/2013,769.88,789.38,769.13,783.38
1/14/2013,767.63,776.63,763.5,770.25
1/13/2013,761.75,767.5,760.88,767.5
1/11/2013,745.88,771.75,736.38,757.88
1/10/2013,749.75,756.13,744.13,746
1/9/2013,751,756.88,745.13,749.63
1/8/2013,752.13,759.13,749.63,750.88
1/7/2013,748.13,760.25,743.63,752.25
1/6/2013,749.5,749.5,746.5,748.25
1/4/2013,754.38,757.63,739.88,748.88
1/3/2013,758.75,761.13,750.25,754.25
1/2/2013,786.88,787.38,752.63,758.88
12/31/2012,775.13,779.88,767.88,778.5
12/30/2012,778.63,778.63,774.63,775
12/28/2012,777,784.38,767.13,778.38
12/27/2012,775.75,777.63,764.63,776.88
12/26/2012,794.13,794.88,773.88,775.88
12/24/2012,794.63,796.13,791.38,794.13
12/23/2012,794.25,796.13,793.75,794.5
12/21/2012,792.38,798.63,789.88,791.88
12/20/2012,806.75,808.38,782.88,792.25
12/19/2012,813.5,822.63,802.13,807.13
12/18/2012,812.88,816.38,801.63,813.38
12/17/2012,814.63,818.25,805.13,812.63
12/16/2012,815.88,818.63,813.38,814.88
12/14/2012,808.13,817.38,806.13,813.88
12/13/2012,812.75,817.63,801.63,808
12/12/2012,824,825.38,809.13,812.88
12/11/2012,848.13,848.63,816.13,823.88
12/10/2012,857.88,861.88,846.88,847.88
12/9/2012,861.5,861.88,857,857.63
12/7/2012,860.38,864.63,853.13,860
12/6/2012,860.5,864.13,853.13,860.5
12/5/2012,858.38,863.38,852.63,860.63
12/4/2012,861.5,864.88,851.88,858.25
12/3/2012,869.38,877.13,858.38,861.25
12/2/2012,863.5,863.5,863.5,863.5
11/30/2012,885.38,885.5,862.63,863.5
11/29/2012,887,894.88,880.88,885.5
11/28/2012,886.13,895.13,879.88,886.88
11/27/2012,864.38,888.88,864.38,886
11/26/2012,859.88,868.75,859.5,864.5
11/25/2012,863.13,863.13,858.5,859.75
11/23/2012,850,853.13,846.13,847.13
11/21/2012,843.75,849.38,841.13,845.13
11/20/2012,843.63,849.63,837.5,843.88
11/19/2012,837.88,847.88,836.88,843.38
11/18/2012,836.25,838.75,835.88,837.63
11/16/2012,846.13,849.63,829.63,837.13
11/15/2012,847.5,856.38,843.5,846
11/14/2012,854.63,857.88,845.88,847.63
11/13/2012,858.88,864.38,843.63,854.25
11/12/2012,883.75,884.75,855.13,858.63
11/11/2012,885.75,885.88,882.63,883.88
11/9/2012,900.75,911.63,884.13,887.25
11/8/2012,889.63,904.88,886.88,900.63
11/7/2012,876.38,896.63,870.75,889.38
11/6/2012,872.13,879.63,870.25,876.13
11/5/2012,867.88,875.63,863.63,872
11/4/2012,865.38,868.5,863.38,867.75
11/2/2012,865.13,873.63,859.25,866.25
11/1/2012,867.38,877.38,861.63,865.25
10/31/2012,860,874.13,859.5,866.88
10/30/2012,857.5,866.38,852.88,860.13
10/29/2012,861.38,871.25,857.13,857.75
10/28/2012,863.88,864.25,860.88,861.25
10/26/2012,874.88,878.13,863.38,864
10/25/2012,879.13,888.63,871.38,874.75
10/24/2012,867.5,894.75,865.75,878.38
10/23/2012,877,878.13,860.13,867.38
10/22/2012,873.88,884.38,871.38,877.13
10/21/2012,873.38,876.25,871.63,873.88
10/19/2012,868.38,885.25,866.38,871.13
10/18/2012,856.38,875.88,855.75,868.5
10/17/2012,846.38,857.63,845.63,856.25
10/16/2012,856,857.5,843.88,846.5
10/15/2012,852.63,857.25,841.63,856.13
10/14/2012,856.88,860.13,852.13,852.88
10/12/2012,882.25,884.38,853.38,856.88
10/11/2012,868.63,893.88,859.5,882.38
10/10/2012,864.38,876.63,863.63,868.75
10/9/2012,862.88,873.63,862.75,864.25
10/8/2012,858.63,867.13,856.75,862.5
10/7/2012,856.88,859.25,855.38,858.88
10/5/2012,872.13,872.63,856.63,856.88
10/4/2012,870.25,882.63,867,872.25
10/3/2012,867.75,878.38,858.13,870.38
10/2/2012,880.13,882.38,864,867.63
10/1/2012,895.5,901,872.38,880.25
9/30/2012,902.13,904.13,892.13,895.63
9/28/2012,855.75,906.5,850.75,899.38
9/27/2012,872.75,875.5,849.38,855.88
9/26/2012,887.63,888.75,866.63,872.88
9/25/2012,886.38,897.38,880.88,887.75
9/24/2012,902.75,904.38,883.63,886.25
9/23/2012,896.25,906.88,896.25,902.63
9/21/2012,881.38,898.88,880.63,898.88
9/20/2012,884.88,893.63,869.13,880.75
9/19/2012,867.5,885.88,866.63,885
9/18/2012,883.88,887.63,860.88,866.75
9/17/2012,916.25,918.38,876.38,883.63
9/16/2012,921.75,926.63,915.13,916.13
9/14/2012,901.5,930.63,898.75,925.88
9/13/2012,890,904.88,885.75,901.38
9/12/2012,884,893.38,869,889.88
9/11/2012,888.25,898.13,882.38,883.88
9/10/2012,908.75,917.38,885.38,888.5
9/9/2012,902.75,909.88,901.38,908.63
9/7/2012,890.63,912.38,884.88,905.5
9/6/2012,867.75,894.38,867.63,890.75
9/5/2012,886.38,887.13,865.63,867.88
9/4/2012,892,903.88,881.13,886.5
8/31/2012,903.38,905.88,881.13,888.63
8/30/2012,902.38,914.5,897.38,903.5
8/29/2012,876,908.13,874.13,902.25
8/28/2012,878.63,888.88,871.5,875.88
8/27/2012,892.25,899.13,878.75,878.75
8/26/2012,893.25,893.63,887.13,892
8/24/2012,874.25,885.75,866.13,867.38
8/23/2012,895.63,903.25,871.63,874.38
8/22/2012,897.5,898.63,889.63,895.5
8/21/2012,879.25,904.63,878.25,896.88
8/20/2012,872.38,883.38,867.13,879.38
8/19/2012,873.75,876.75,871.5,872.25
8/17/2012,863.63,879.75,863.13,873.88
8/16/2012,847,868.88,841.13,863.75
8/15/2012,845.5,850.63,840.63,846.75
8/14/2012,859.5,865.88,838.75,845.63
8/13/2012,880.5,882.88,855,859.38
8/12/2012,883.25,885.13,879,880.75
8/10/2012,915.13,930.88,880.88,887
8/9/2012,899.88,919.25,899.25,915.25
8/8/2012,887.13,902.13,869.5,899.75
8/7/2012,892,904.63,883.63,887.5
8/6/2012,884.75,897,879.63,891.88
8/5/2012,884.25,888.38,876.88,885.13
8/3/2012,861.63,906.88,860.75,891.13
8/2/2012,881.5,883.38,856.13,861.5
8/1/2012,893.25,897,861.88,881.63
7/31/2012,911.13,919.38,886.38,892.63
7/30/2012,909.75,919.63,905.88,911
7/29/2012,908.13,912.88,903.13,909.88
7/27/2012,880.13,910.88,879.63,898.75
7/26/2012,892.88,904.13,873.88,879.88
7/25/2012,863.63,908.75,863.25,893
7/24/2012,891.75,902.63,852.88,863.38
7/23/2012,932.13,933.5,889.5,891.88
7/22/2012,942,942,926.13,932.25
7/20/2012,932.75,944.5,917,943.88
7/19/2012,898.88,937.88,896.75,932.63
7/18/2012,883.63,907.38,865.75,898.38
7/17/2012,895.75,898.13,867.75,883.75
7/16/2012,867,897.38,864.5,896.13
7/15/2012,858,867.88,856.5,866.88
7/13/2012,845.25,865.5,845,846.63
7/12/2012,829.25,857.75,820.38,845.5
7/11/2012,822.63,848.38,803.63,829.38
7/10/2012,817.63,833.13,807,822.5
7/9/2012,821.38,844.63,815.63,817.75
7/8/2012,818.38,823.75,815.88,821.5
7/6/2012,827.88,831.63,804.13,807.13
7/5/2012,814.63,840.38,809.63,828
7/3/2012,775.38,800.38,774.38,799.13
7/2/2012,773.5,779.25,756.38,775.5
7/1/2012,758.88,773.88,758.88,773.38
6/29/2012,742.25,761.63,740.63,758.88
6/28/2012,747.75,757.13,741.88,742.38
6/27/2012,742.13,763.38,739.38,747.88
6/26/2012,747.13,751.63,725.63,741.88
6/25/2012,702.5,755.13,702.38,747
6/24/2012,696.5,706,696.5,702.63
6/22/2012,658.63,684.63,658.38,674.63
6/21/2012,658.38,681.5,655.13,658.5
6/20/2012,649.75,664.38,641,658.63
6/19/2012,631.38,651.13,631.38,649.63
6/18/2012,615.38,633.88,613.25,631.5
6/17/2012,613.25,615.63,613.25,615.5
6/15/2012,621.38,626.63,607.75,613.88
6/14/2012,619.25,628.88,616.38,621.25
6/13/2012,618,623.63,614.88,619.13
6/12/2012,627.13,638.75,613.38,617.88
6/11/2012,630.13,642.13,627.13,627.25
6/10/2012,631.25,634.13,629.88,630
6/8/2012,635.38,638.63,627.88,630.13
6/7/2012,625.75,644.38,620.38,635.25
6/6/2012,615.75,628.63,614.25,625.63
6/5/2012,628,630.88,612.13,615.63
6/4/2012,613.63,631.13,613.38,628.25
6/3/2012,615.88,616,613.38,613.5
6/1/2012,645.38,646.25,611.25,613.25
5/31/2012,652.38,653.75,643.13,645.63
5/30/2012,660.13,660.88,644.38,652.25
5/29/2012,674,683.75,655.88,660.25
5/25/2012,665.25,687,661.88,679.88
5/24/2012,669.63,675.88,661.88,665.38
5/23/2012,684.13,684.13,663.63,669.88
5/22/2012,697.38,701.88,682.13,683.88
5/21/2012,703.63,721.38,683.13,697.5
5/20/2012,703.25,703.88,702.88,703.88
5/18/2012,657.75,697.13,652.63,694.88
5/17/2012,639,658.25,639,657.63
5/16/2012,609,640.13,604.13,638.88
5/15/2012,598.63,616.88,598.63,609.13
5/14/2012,598.63,601.88,592.38,598.38
5/13/2012,599.13,600.88,598.63,598.75
5/11/2012,600.63,603.63,592.38,596.63
5/10/2012,602.5,607.38,595.63,600.88
5/9/2012,617.13,617.38,598.63,602.38
5/8/2012,611.63,620.75,611.63,617.25
5/7/2012,609.13,613.88,600.88,611.88
5/6/2012,608.25,609.38,607.75,608.88
5/4/2012,618.25,620.63,599.63,608.88
5/3/2012,616,621.63,613.38,618.13
5/2/2012,640.25,640.88,612.5,616.13
5/1/2012,652.5,653.38,638.88,640
4/30/2012,648.75,655.38,640.38,652.63
4/29/2012,647.5,651.38,647.5,648.88
4/27/2012,636.13,654.88,632.75,649.38
4/26/2012,627.13,636.63,624.63,636
4/25/2012,638.88,642.5,624.13,627.25
4/24/2012,632.88,646.63,631.38,638.75
4/23/2012,622.38,634.88,621.5,633
4/22/2012,623.25,623.63,621.38,622.25
4/20/2012,626,627.88,614.63,616.88
4/19/2012,613.63,628.13,613.38,625.88
4/18/2012,616,618.5,604.25,613.88
4/17/2012,618.63,626.88,615.13,616.13
4/16/2012,620.38,625.38,615.13,618.75
4/15/2012,623.25,623.25,619.5,620.25
4/13/2012,640,643.13,618.63,622.88
4/12/2012,629.75,645.38,629.13,639.88
4/11/2012,622.88,633.63,619.88,629.88
4/10/2012,641.5,651.63,622.63,622.75
4/9/2012,641.75,648.88,636.88,641.38
4/8/2012,636.63,642.63,636.63,641.63
4/5/2012,641.5,649.63,636.13,638.63
4/4/2012,658.25,658.25,635.63,641.25
4/3/2012,653.75,658.88,650.13,658.38
4/2/2012,663.38,664.13,649.38,653.88
4/1/2012,662.88,665.63,662,663.5
3/30/2012,616.75,668.63,613.63,658.88
3/29/2012,633.38,635.13,611.5,616.63
3/28/2012,640.75,646.13,630.13,633.25
3/27/2012,658.88,663.38,638.88,640.88
3/26/2012,650.13,670.38,650.13,658.75
3/25/2012,654.88,655.25,650.13,650.25
3/23/2012,648.88,654.88,646.38,654.63
3/22/2012,640.63,650.38,631.38,648.75
3/21/2012,642.88,647.25,635.63,640.75
3/20/2012,652.13,652.38,640.13,642.75
3/19/2012,674.38,674.88,651.63,652.25
3/18/2012,670.88,675.13,670.13,674.5
3/16/2012,663.5,672.63,660.25,672.13
3/15/2012,646.13,665.38,643.38,663.63
3/14/2012,649.75,650.88,640.88,646.25
3/13/2012,651.38,657.38,645.25,649.5
3/12/2012,639.13,653.13,638.75,651.13
3/11/2012,643.13,643.13,638.25,639.25
3/9/2012,635.38,649.88,634.38,640.88
3/8/2012,640.75,647.5,633.63,634.63
3/7/2012,658.63,658.63,636.38,638.63
3/6/2012,671.38,671.5,655.38,657.13
3/5/2012,673.5,677.5,667.88,670.88
3/2/2012,663.38,675.38,657.75,672.25
3/1/2012,666.63,672.63,658.88,663
2/29/2012,666.25,674.38,660.38,667.88
2/28/2012,651.75,668.88,649.63,667.38
2/27/2012,643.13,653.75,633.38,653.75
2/24/2012,641.88,643.38,632.63,642.25
2/23/2012,644.13,645.63,635.38,640.88
2/22/2012,632.75,645.75,628.63,644.88
2/21/2012,648.13,648.13,623.88,633.63
2/17/2012,626.63,646.63,626,644.13
2/16/2012,627.75,632.38,621.13,627.13
2/15/2012,635.13,640.13,624.38,626.13
2/14/2012,640.75,642.88,632.63,634.25
2/13/2012,635.13,642.13,631.38,641.88
2/10/2012,645.13,645.63,628.63,629.88
2/9/2012,660.88,664.75,641.88,645.38
2/8/2012,662.13,669.63,653.13,661.13
2/7/2012,669.13,671.88,655.38,661.13
2/6/2012,660.25,668.88,656.75,668.63
2/3/2012,663.38,670.75,653.88,660.38
2/2/2012,674.5,674.5,657.38,661.63
2/1/2012,666.75,683.25,666.63,674.63
1/31/2012,645.25,667.38,644.88,666.63
1/30/2012,646.63,653.88,635.38,643.88
1/27/2012,652.75,656.38,645.38,647.25
1/26/2012,640.88,658,639.88,653.13
1/25/2012,632.88,648.75,629.63,641.63
1/24/2012,619.88,637.88,614.13,633.63
1/23/2012,613.63,620.5,613.63,619.63
1/20/2012,605.13,611.75,597.13,610.63
1/19/2012,592.38,606.38,591.88,606.13
1/18/2012,605.75,606.25,590.13,592.13
1/17/2012,603.38,611.75,601.63,604.88
1/13/2012,603.88,609.88,599.13,601.63
1/12/2012,641.38,648.63,592,605.88
1/11/2012,639.13,643.25,632.5,643.25
1/10/2012,640.63,644.63,634.38,639.63
1/9/2012,625.75,644.88,625.25,642.38
1/6/2012,629.38,636.88,624.63,624.63
1/5/2012,649.13,650.13,627.13,627.38
1/4/2012,656.38,661.13,645.63,650.13
1/3/2012,665.88,670.5,654,658.38
1/2/2012,653.13,653.13,653.13,653.13
12/30/2011,644.38,654.38,642.63,653.13
12/29/2011,649.38,654.38,641.88,645.13
12/28/2011,643.63,655.75,641.5,650.63
12/27/2011,629.13,646.88,628.88,643.63
12/26/2011,621.75,621.75,621.75,621.75
12/25/2011,621.75,621.75,621.75,621.75
12/23/2011,620.63,627.63,618.63,622
12/22/2011,617.13,625.63,611.5,621.5
12/21/2011,606.63,617.88,600.63,617.75
12/20/2011,599.5,608.63,595.75,606.88
12/19/2011,585.88,603.13,581.88,600.88
12/16/2011,578.75,587.38,577.25,583.13
12/15/2011,582.63,587.75,578.38,578.38
12/14/2011,600.38,602.63,579.63,581.5
12/13/2011,594.13,608.88,593.38,601.63
12/12/2011,593.88,601.63,587.5,593.88
12/11/2011,595.5,595.5,595.5,595.5
12/9/2011,595.38,599.25,584.13,596.13
12/8/2011,600,602.88,591.25,595.88
12/7/2011,612.38,615.38,598.88,600.38
12/6/2011,611.38,616.88,600.38,612.38
12/5/2011,627.38,631.5,607.63,611.88
12/2/2011,616,631.25,611.88,626.63
12/1/2011,615,624.88,605.88,614.38
11/30/2011,613.88,629,607.38,614.88
11/29/2011,592.5,618.88,591.13,614.88
11/28/2011,595.13,603.38,590.13,592.88
11/25/2011,578.25,586.13,572.5,574
11/23/2011,594.25,595.75,577.38,579.75
11/22/2011,592.38,597,586.13,594.13
11/21/2011,598.63,601.63,584.63,591.88
11/18/2011,593.25,602.38,586.63,596.63
11/17/2011,616.13,617.63,590.63,591.88
11/16/2011,631.63,639.5,615.13,617.13
11/15/2011,616,634.13,612.38,632
11/14/2011,616.88,622,610.5,614.63
11/11/2011,619.75,625.63,609.63,618
11/10/2011,641.63,648.5,618.88,621.38
11/9/2011,655.63,657.63,633.75,642.63
11/8/2011,639,659.13,636.75,658.13
11/7/2011,638.88,640.63,630.13,639
11/4/2011,634.88,639.88,623.5,635.38
11/3/2011,623.75,644.13,620.25,634.63
11/2/2011,625.88,638.13,620.38,624.38
11/1/2011,629.63,633.75,612.5,626.13
10/31/2011,647.5,647.88,619.5,629.25
10/30/2011,644.75,647.88,644.75,647.63
10/28/2011,643.25,652.63,636.38,646.13
10/27/2011,621.5,647.63,621.5,642.63
10/26/2011,636,643.38,616.63,621.38
10/25/2011,642.38,646.88,634.25,635.38
10/24/2011,633.25,646.88,632.63,642.38
10/23/2011,631.88,633.75,630.75,633.75
10/21/2011,631.5,649.63,628.38,630.63
10/20/2011,616.88,632.88,613.75,630.88
10/19/2011,629.75,636.88,616.75,617
10/18/2011,624.63,630.88,613.13,629.63
10/17/2011,622.25,634.13,620.13,624.88
10/16/2011,623.88,626.38,621.38,621.38
10/14/2011,622.13,632.88,612.5,623.88
10/13/2011,624.13,630.38,605.5,621.75
10/12/2011,658.13,662.5,620.13,623.88
10/11/2011,614.75,665.13,612.5,657.5
10/10/2011,612.63,628.63,610.63,614.63
10/9/2011,607.63,613.13,606.63,612.13
10/7/2011,615.25,622.88,606.38,608.88
10/6/2011,626.5,639.38,613.5,615.13
10/5/2011,611,628.63,607.38,626.38
10/4/2011,615.75,620.63,597,611.13
10/3/2011,612.25,622.75,596.88,615.88
10/2/2011,609.13,613.75,608.63,612.38
9/30/2011,658.63,661.25,605.38,606
9/29/2011,632.75,661.38,627.38,658.5
9/28/2011,651.75,657.38,632.75,632.75
9/27/2011,654.63,669.63,650.38,652.38
9/26/2011,644.75,655.25,624.88,654.5
9/25/2011,646.38,647.63,643.88,646.13
9/23/2011,637.75,649.38,634.13,642.63
9/22/2011,662.63,662.63,632.63,637.63
9/21/2011,673.38,682.63,661,662.13
9/20/2011,676.38,687.63,672.25,673.13
9/19/2011,688.63,688.63,667.13,676.63
9/18/2011,688.38,691,687,688.5
9/16/2011,698.38,705,689.75,693.38
9/15/2011,704.75,704.88,686.25,697.75
9/14/2011,703.75,712.5,698.13,704
9/13/2011,730.88,731.88,696.25,703.88
9/12/2011,727.75,734.88,711.63,731.63
9/11/2011,730.13,730.13,726.63,728
9/9/2011,738.25,742.13,727.13,729.13
9/8/2011,753,753.63,733.63,738.13
9/7/2011,763.63,772.75,748.13,753.5
9/6/2011,765.88,770.25,750.13,763.63
9/5/2011,776.63,776.63,762.88,765.63
9/2/2011,765.13,777.88,758.13,775.88
9/1/2011,787.88,789.13,758.38,765.13
8/31/2011,786,793.88,775.38,788.13
8/30/2011,789.63,795.5,781.38,785.88
8/29/2011,770.25,805.63,765.25,789.75
8/28/2011,761.75,770.63,761.75,770.63
8/26/2011,753.5,768.63,747.38,762
8/25/2011,746.38,763.88,735.88,754.38
8/24/2011,755,763.88,745.38,746.63
8/23/2011,737.38,758.75,737.38,755
8/22/2011,732.13,746.5,732.13,737.63
8/21/2011,734.63,734.63,730.88,732.13
8/19/2011,706.13,733.38,701.13,731.75
8/18/2011,725.63,725.75,700.5,706.13
8/17/2011,725.75,739.25,722.63,725.5
8/16/2011,710.5,732.5,704.5,725.63
8/15/2011,711.38,721.13,707.5,710.38
8/14/2011,705.38,711.75,704.88,711.13
8/12/2011,703.5,718.63,696.38,703.63
8/11/2011,684.88,719.88,680.38,703.13
8/10/2011,683.13,690.75,676.63,684.5
8/9/2011,651.63,687.13,643.63,682.88
8/8/2011,673.5,677.38,642.5,651.88
8/7/2011,666.75,675.75,665.63,673.63
8/5/2011,673.13,682.38,665.63,677.75
8/4/2011,705.5,706.25,667.5,673
8/3/2011,715.25,718.63,703.38,704.88
8/2/2011,680.88,722.5,667.75,715.38
8/1/2011,674.5,690.38,670.13,681
7/31/2011,671.13,676,670.38,674.88
7/29/2011,697.88,699.75,670,672.88
7/28/2011,700,714.63,692.38,697.38
7/27/2011,692.25,712.13,686.25,699.88
7/26/2011,687.75,698.88,679.38,692.13
7/25/2011,683.75,695.13,671.63,687.63
7/24/2011,684,687.75,681.5,683.63
7/22/2011,680.25,693.38,669.5,693.38
7/21/2011,687.5,702.25,672,680.75
7/20/2011,701,707.13,685.13,687.38
7/19/2011,693.75,727.5,689.25,700.63
7/18/2011,681.5,694.63,676.25,693.63
7/17/2011,694.5,695.38,680.13,681.38
7/15/2011,707.63,715.63,692.75,695.38
7/14/2011,716.25,720.25,690.5,707.88
7/13/2011,667.5,719.13,665.13,716
7/12/2011,638.25,676,617.63,667.5
7/11/2011,647.38,649.88,626.88,638.13
7/10/2011,655.25,655.25,646.25,647.38
7/8/2011,634.75,657.25,633.63,650
7/7/2011,623.63,639.88,619.25,635.25
7/6/2011,635.38,639.38,620.13,624.13
7/5/2011,625.38,640.88,623.13,635.25
7/4/2011,611.13,625.88,611.13,625.63
7/1/2011,600.5,623,592.88,611.63
6/30/2011,674.75,677.75,596,600.38
6/29/2011,680.63,696.88,662.13,675
6/28/2011,657.88,682,653.38,680.75
6/27/2011,653.13,658.88,642.63,657.63
6/26/2011,661.25,661.25,652.63,653
6/24/2011,645.88,659,631.63,631.63
6/23/2011,636.75,651.88,606.13,645.75
6/22/2011,677.38,680.25,617.38,636.88
6/21/2011,658.38,680.63,655.88,677.25
6/20/2011,673.88,674.63,656.13,658.5
6/19/2011,673.75,675.13,671.88,674
6/17/2011,671.25,683.63,664.13,671.88
6/16/2011,711,712.88,666.25,670.88
6/15/2011,732,734.13,701.25,711.38
6/14/2011,745.88,746.75,714.5,731.88
6/13/2011,766.38,768.63,740.38,746.63
6/12/2011,760.63,769.88,760.63,766.5
6/10/2011,748.5,763.38,738.13,759.88
6/9/2011,752,769.5,739.63,748.13
6/8/2011,741.63,759.13,731.88,751.88
6/7/2011,746.63,746.88,731.38,741.38
6/6/2011,774.88,777.38,741.25,746
6/5/2011,772.25,777.88,772,775.25
6/3/2011,772.25,780.88,759.25,772.88
6/2/2011,761.63,774.13,758.63,772.5
6/1/2011,787.13,787.63,754.38,761.5
5/31/2011,792.63,806.38,773,787.13
5/30/2011,793.5,794.88,784.63,792.75
5/27/2011,819,826.88,803.63,820.63
5/26/2011,802.38,828.5,802,818.88
5/25/2011,787.63,802.88,778.13,802.88
5/24/2011,797.5,809.5,777.75,787.75
5/23/2011,820.38,820.38,785.75,797.75
5/22/2011,816.63,820.88,812.38,820.13
5/20/2011,808.75,818.75,791.13,806.63
5/19/2011,819.25,834.38,805.13,808.63
5/18/2011,771.5,826.75,767.63,818.75
5/17/2011,736,773.88,731.88,771.38
5/16/2011,738.75,747.25,730.63,736.13
5/15/2011,730.5,742.13,730.5,738.88
5/13/2011,738.63,749,723.25,729.13
5/12/2011,759.63,764.75,728.88,738.5
5/11/2011,799.75,804.38,756.63,759.5
5/10/2011,792.75,816.38,792.13,799.88
5/9/2011,774.5,797.5,769.25,792.5
5/8/2011,766.38,777.75,763.63,773.5
5/6/2011,752.88,777.5,740.25,753.88
5/5/2011,772.63,780.5,749,753.38
5/4/2011,793,794.25,768.13,772.25
5/3/2011,795.75,799.63,782.25,792.88
5/2/2011,801.25,824.38,789.63,795.63
5/1/2011,801.38,803.75,790.5,801
4/29/2011,770.38,805.38,768.38,804.13
4/28/2011,818.13,820.25,767.63,770
4/27/2011,850.63,852.88,800.38,819.13
4/26/2011,862.13,862.75,834.25,850.88
4/25/2011,849.13,864.75,845.88,861.88
4/24/2011,847.25,849.63,842.63,849.38
4/22/2011,834.25,834.25,834.25,834.25
4/21/2011,824,834.88,816,833.88
4/20/2011,824.88,843.38,816.38,823.88
4/19/2011,815.38,829.63,810.5,824.88
4/18/2011,782.13,818,775.88,815.13
4/17/2011,779.5,782.63,776.25,782.63
4/15/2011,745.75,748.63,730.25,744.5
4/14/2011,758.13,758.63,734.25,745.5
4/13/2011,757.38,769.63,741.75,759.25
4/12/2011,800.13,800.25,750.63,757.63
4/11/2011,807.25,808.88,786.5,800.13
4/10/2011,803.38,808.88,803.38,807
4/8/2011,775,801.75,766.88,799.38
4/7/2011,778.38,792,757.13,774.88
4/6/2011,784.88,792.38,776.13,778.5
4/5/2011,789.38,798.13,778.63,784.63
4/4/2011,766.88,792.88,766.38,789.5
4/3/2011,764.88,769.38,764.63,766.5
4/1/2011,759.75,773.63,745.13,760.38
3/31/2011,726.88,773.25,722.25,759.13
3/30/2011,738.75,741.63,723.25,726.88
3/29/2011,722.38,741.63,721.88,738.88
3/28/2011,739.5,739.63,721.13,723.13
3/27/2011,735.88,739.63,735.5,739.63
3/25/2011,743.13,752.38,726.63,734.75
3/24/2011,713.5,743.63,710.13,742.38
3/23/2011,726.38,728.63,706.13,713.5
3/22/2011,718.5,729.88,705.5,725.25
3/21/2011,737.63,738.25,717.38,718.63
3/20/2011,724.13,741.38,719.88,738.88
3/18/2011,715.88,748.88,714.5,724.88
3/17/2011,671.38,718.63,667.38,715.38
3/16/2011,680.13,697.38,656.5,671.63
3/15/2011,722,723.38,661.13,680.75
3/14/2011,712.25,729.88,706.13,722.13
3/13/2011,719.5,719.63,710.63,713.13
3/11/2011,737.63,740.25,704.13,717.38
3/10/2011,762.88,765.63,734.25,739.5
3/9/2011,782.13,788.88,749.88,759.38
3/8/2011,801.63,803.13,778.38,781.25
3/7/2011,831.38,833.5,798.38,799.88
3/4/2011,821.25,836.88,813.75,832.63
3/3/2011,810.13,826.38,804.63,823.38
3/2/2011,809.88,829.88,796.38,811.38
3/1/2011,819.25,823.13,797.38,810.88
2/28/2011,819.63,820.63,799.25,816.38
2/25/2011,783.88,828.63,783.88,813.63
2/24/2011,799.63,804.38,776.63,781.13
2/23/2011,793.75,801.25,757.63,797.13
2/22/2011,858.88,869.13,795.38,796.38
2/18/2011,883.75,885.5,850.75,856.38
2/17/2011,870.25,885.25,870.25,883.5
2/16/2011,843.63,848.75,825.63,837.38
2/15/2011,873,873.63,830.88,840.25
2/14/2011,875.63,884.38,869.63,872.38
2/11/2011,865.88,871.13,855.63,867.63
2/10/2011,885.75,885.75,861.38,861.38
2/9/2011,876.75,892.38,875.75,888.25
2/8/2011,859.88,880.63,844.25,873.88
2/7/2011,861.13,869.38,851.63,858.88
2/4/2011,859.38,864.63,842.63,854.5
2/3/2011,862.63,872.5,847.13,858.38
2/2/2011,836.13,864.38,835.5,862.88
2/1/2011,843.5,844.88,831.63,835.38
1/31/2011,824.13,847.63,823.13,838.63
1/28/2011,847.38,849.13,824.63,824.63
1/27/2011,858.38,863.38,845.63,847.13
1/26/2011,840.63,861.13,839.5,856.88
1/25/2011,835.63,838.88,820.88,838.88
1/24/2011,829,839.13,823.63,835.88
1/23/2011,824.63,824.63,824.63,824.63
1/21/2011,805.13,829.88,798.75,824.75
1/20/2011,797.88,805.5,782.75,802.38
1/19/2011,793,807.88,792.88,798.63
1/18/2011,775.88,793.88,773.63,793.38
1/17/2011,773.38,773.38,773.38,773.38
1/14/2011,784.25,784.75,763.13,773.88
1/13/2011,775.63,787.13,769.63,781.38
1/12/2011,761.63,789.88,760.38,773.63
1/11/2011,770.38,776.88,758.63,758.63
1/10/2011,777.13,783,766.63,766.63
1/7/2011,788.63,793.75,772.13,772.13
1/6/2011,809,809.5,788,788.13
1/5/2011,793.38,809.88,776.63,809.88
1/4/2011,803.25,808.75,783.38,788
1/3/2011,793.13,824.5,793.13,805.25
12/31/2010,786.13,795.63,781.13,792.63
12/30/2010,798.75,798.75,776.88,784.75
12/29/2010,799.63,806.13,786.5,799.13
12/28/2010,779.75,801.88,779.5,799.13
12/27/2010,773.63,783.5,768.5,779.88
12/24/2010,782.63,782.63,782.63,782.63
12/23/2010,784.88,788.13,776.13,783.63
12/22/2010,763.5,785.13,756.38,783.63
12/21/2010,770.38,771.63,762.25,764.63
12/20/2010,760.25,776.38,759.88,769.88
12/17/2010,752.88,757.5,742.38,757.5
12/16/2010,764.25,766.5,746.63,749.88
12/15/2010,761,776.38,759.75,763.88
12/14/2010,779.88,781.5,754.88,761.38
12/13/2010,773.88,784.75,766.38,780.5
12/12/2010,775.38,775.38,775.38,775.38
12/10/2010,788.75,797.88,774.13,775.88
12/9/2010,785.5,790.13,779.75,788.88
12/8/2010,780.63,792.38,766.38,784.13
12/7/2010,795.75,808.25,777.13,783.13
12/6/2010,786.25,798.63,774.38,794
12/3/2010,756.13,781.88,754.75,780.38
12/2/2010,742.38,767.13,732.75,748.13
12/1/2010,692.63,744.88,691.13,738.63
11/30/2010,692.25,697.88,686.13,689.63
11/29/2010,689.13,701.25,687.13,691.38
11/26/2010,686.38,692.63,683.75,686.63
11/24/2010,682.88,688.25,681.13,685.5
11/23/2010,686.75,690.88,673.5,678.63
11/22/2010,684,691.88,678.75,684.38
11/19/2010,648.13,696.75,639.38,682.25
11/18/2010,634.13,657.25,634.13,645.88
11/17/2010,627.5,646.88,619.38,632.63
11/16/2010,670.88,673.88,624.5,626.38
11/15/2010,674.75,684.63,667.63,670.13
11/12/2010,704.88,710.38,661.38,668.88
11/11/2010,708.25,722.5,701.88,704.38
11/10/2010,721.5,723.38,698.75,709.38
11/9/2010,735.75,760.38,717.75,720.38
11/8/2010,729.75,738.63,721.38,737.13
11/5/2010,720.88,731.13,705.13,729.13
11/4/2010,694.63,722.75,693,720.63
11/3/2010,695.75,699.25,680.63,695.13
11/2/2010,706.63,712.13,692.63,695.88
11/1/2010,727.13,727.88,701.38,706.88
10/31/2010,725,727.38,719.63,727.38
10/29/2010,718.63,724.88,711.75,715.75
10/28/2010,704.5,721.38,701.25,718.63
10/27/2010,699.63,707.13,687.88,704.13
10/26/2010,675.38,700.75,670.75,699.88
10/25/2010,675.75,684.63,670.13,675.25
10/24/2010,669.5,676.13,669.25,674.63
10/22/2010,671.13,675.88,665.13,670.13
10/21/2010,692.13,692.38,667.38,670.38
10/20/2010,674.75,691.75,674.13,691.75
10/19/2010,693.63,696.38,668.63,674.75
10/18/2010,706.88,708.38,688.88,692.63
10/17/2010,702.25,707.38,699.75,707.13
10/15/2010,705.63,713.63,695.13,702.63
10/14/2010,706.88,711.88,697.88,704.75
10/13/2010,712.75,721.5,695.13,705.88
10/12/2010,709,719.38,703.13,712
10/11/2010,725.25,732.88,703.13,708.88
10/10/2010,737.63,738,716.25,725.38
10/8/2010,662.13,721.13,657.25,719.38
10/7/2010,660.5,675.88,656.63,661.75
10/6/2010,666.75,673.13,655.13,660.38
10/5/2010,648.25,667.63,644.5,666.63
10/4/2010,653.75,655.38,643.75,648.25
10/3/2010,650.88,655.13,646.5,653.13
10/1/2010,674.88,678.25,647.13,654.38
9/30/2010,682.88,684.88,651.13,676.13
9/29/2010,685.63,688.13,663.5,683.25
9/28/2010,702.25,707.63,683.88,685.75
9/27/2010,728.88,730.75,700.25,701.38
9/26/2010,721.63,728.88,721.13,728.63
9/24/2010,698.13,722.88,698.13,719.88
9/23/2010,716.13,717.13,693.38,698.63
9/22/2010,723.5,731.38,713.63,715.88
9/21/2010,727.63,733.88,716.75,723.63
9/20/2010,744.5,756.75,727.13,727.13
9/19/2010,739.63,744.88,738.25,744.88
9/17/2010,725.13,742.63,724.88,738.25
9/16/2010,729.63,737.25,711.88,724.88
9/15/2010,737.5,743.88,723.25,730.38
9/14/2010,746.75,750.63,730.88,737.38
9/13/2010,735.13,753.38,735,747.5
9/12/2010,737.63,738.63,732.63,734.88
9/10/2010,734.5,744.25,717.63,737.38
9/9/2010,713.88,742.63,706.13,734.63
9/8/2010,733,735.25,708.63,713.63
9/7/2010,741.38,746.5,727.38,733.88
9/6/2010,741.13,748.25,737,741.5
9/5/2010,741.13,741.13,741.13,741.13
9/3/2010,715.13,741.75,714.13,741.75
9/2/2010,708.25,722.63,707.5,715.13
9/1/2010,689.38,711.25,688.63,707.75
8/31/2010,702.13,713.88,683.75,689.38
8/30/2010,705,728.63,697.5,701.88
8/29/2010,694.25,705.88,694.25,704.75
8/27/2010,694.38,704.75,687.38,693.38
8/26/2010,685.88,697.38,685.25,694.88
8/25/2010,704.25,716.13,679.38,685.88
8/24/2010,722.5,722.75,700.63,704.25
8/23/2010,712.88,729,712.5,722.38
8/22/2010,711.25,713.38,709.63,713.25
8/20/2010,724.25,728.88,704.38,711.25
8/19/2010,661.13,730.63,661,723.88
8/18/2010,655.88,665.13,645,661.25
8/17/2010,666.13,676.5,649.63,655.25
8/16/2010,694.13,708.63,656.38,666
8/15/2010,701.25,702.38,691.13,694.5
8/13/2010,717.75,724.38,701.13,701.13
8/12/2010,693,734.25,692.38,717.13
8/11/2010,705,709.38,680.63,693.25
8/10/2010,709.88,718.13,690.38,705.13
8/9/2010,693.38,737.88,686.88,710
8/8/2010,725.63,725.63,684.75,693.13
8/6/2010,815.5,840.88,725.38,726.63
8/5/2010,726.13,826.38,724.63,815.63
8/4/2010,679.25,731.63,678.38,726.25
8/3/2010,691.88,697.38,675.25,679.38
8/2/2010,662.38,710.63,661.88,693
8/1/2010,660.75,663.88,657.75,662.25
7/30/2010,634.25,662.63,630.88,661.38
7/27/2010,585.75,601.75,582.63,595.63
7/26/2010,593.63,595.13,584.75,586.13
7/25/2010,596.25,596.25,596.25,596.25
7/23/2010,593.75,603.5,593.38,595.75
7/22/2010,585.63,609.88,584,593.63
7/21/2010,575.63,593.88,574.25,585.75
7/20/2010,577.25,580.63,572.88,575.5
7/19/2010,593.75,597.5,575.38,577.88
7/18/2010,588.88,595.63,581.13,593.63
7/16/2010,597,597.38,579,588.25
7/15/2010,556.25,598.38,555.63,596.88
7/14/2010,549.13,565.13,545.38,556.88
7/13/2010,533.63,550.88,530.88,549.38
7/12/2010,536.25,541.38,533.38,533.5
7/11/2010,537.5,537.5,534.25,536.38
7/9/2010,544.63,545.13,533.13,537.88
7/8/2010,530,549,524.63,544.5
7/7/2010,507.25,531.88,506.25,530
7/6/2010,504.5,525.88,504.13,507.25
7/5/2010,502.63,504.38,500.13,504.38
7/4/2010,502.63,502.63,502.63,502.63
7/2/2010,497.38,507.88,495.88,503.38
7/1/2010,479.38,503.63,475.38,496.88
6/30/2010,459.63,486.63,459.63,479.25
6/29/2010,457.75,459.88,455.13,456.63
6/28/2010,467.88,468.13,459.63,464.5
6/25/2010,478.25,478.88,470.38,471.13
6/24/2010,478.25,483.63,474.88,477.88
6/23/2010,476.63,481.88,475.13,475.75
6/22/2010,477.38,478.63,472.38,476.13
6/21/2010,484.5,484.63,472.13,477.38
6/18/2010,477.63,485.88,475.25,476.5
6/17/2010,460.63,479.13,453.75,479.13
6/16/2010,451.88,467.88,451.63,460.88
6/15/2010,450.88,456.13,446,451.88
6/14/2010,447,454.63,444,451.38
6/13/2010,442.63,447.63,441.63,446.88
6/11/2010,433.88,448.5,427.75,440.13
6/10/2010,427.38,437.38,427.25,433.63
6/9/2010,432.13,435.88,425.63,427.38
6/8/2010,433.38,436.38,431.38,432.38
6/7/2010,435.38,438.38,431.38,433.13
6/6/2010,435.38,436.38,434.88,435.63
6/4/2010,443.88,444.13,435.38,435.38
6/3/2010,444.25,447.75,440.75,444.13
6/2/2010,451.38,454.38,442.13,444.38
6/1/2010,458.25,461.13,449.13,451.5
5/31/2010,458,459.38,457.13,458.38
5/30/2010,457.63,457.63,457.63,457.63
5/28/2010,469.88,473.38,456.63,457.38
5/27/2010,461.63,473.13,461.38,470
5/26/2010,462.38,471.13,458.63,461.63
5/25/2010,466.38,466.5,456.38,462.5
5/24/2010,472.13,475.63,465.38,466.13
5/23/2010,472.88,473.25,471.88,472.25
5/21/2010,467.75,474.88,466.88,472.13
5/20/2010,470.88,472,461.63,467.13
5/19/2010,467,471.88,465.5,470.75
5/18/2010,469.88,473.38,466.13,467.13
5/17/2010,471.13,474.13,466.38,469.75
5/16/2010,471.13,471.38,470.63,471.13
5/14/2010,480.88,481.13,471.13,471.88
5/13/2010,490.63,492.75,477.88,480.63
5/12/2010,493.25,508.13,490.38,490.5
5/11/2010,493.25,497.88,489.13,493.63
5/10/2010,508,514.38,491.63,493.88
5/9/2010,510.88,511.75,506.13,508.13
5/7/2010,503.5,516.88,498.75,508.38
5/6/2010,512,513.88,500.38,503.63
5/5/2010,512.63,513.13,502.38,512.38
5/4/2010,500.5,513,493.38,512.38
5/3/2010,502,507.5,491.63,500.38
4/30/2010,495.13,505.13,493.38,505.13
4/29/2010,489.63,507.38,488.88,495.25
4/28/2010,489.63,495.88,482.38,489.88
4/27/2010,488.13,492.88,484.88,489.75
4/26/2010,505.88,514.63,485.63,488.38
4/25/2010,503.63,506.13,503.25,505.25
4/23/2010,508.38,511.88,502.13,507
4/22/2010,499.75,511.63,493.13,508.5
4/21/2010,498.75,502.13,493.88,499.63
4/20/2010,481.75,499.38,481.63,498.88
4/19/2010,499.75,501.13,478.63,481.38
4/18/2010,500.38,500.38,499.13,499.88
4/16/2010,480.38,491.13,477.63,489.5
4/15/2010,473.75,482.63,473.75,480.38
4/14/2010,476.38,481.88,470.63,473.88
4/13/2010,465.88,476.38,463.88,476.13
4/12/2010,466.13,474.25,466.13,467.13
4/9/2010,476.25,478.38,462.88,466.13
4/8/2010,470.25,473.13,467.13,469.13
4/7/2010,463.38,476.38,456.38,475.5
4/6/2010,451.38,469.88,450.25,463.38
4/5/2010,454.38,454.63,447.13,453.5
4/1/2010,450.88,456.13,449.75,456.13
3/31/2010,473.25,473.25,450.38,450.38
3/30/2010,465.63,473.38,464.13,473.38
3/29/2010,464.63,469.63,464.13,464.38
3/26/2010,465.5,467.88,464.13,464.88
3/25/2010,476.13,476.13,464.63,466.13
3/24/2010,474.13,478.63,472.38,476
3/23/2010,484.75,487.38,475.88,475.88
3/22/2010,484.63,492.63,482.38,487.13
3/19/2010,489.5,490.5,483.13,484.75
3/18/2010,488.88,492.63,484.63,489.38
3/17/2010,487.13,498.13,486.13,495.88
3/16/2010,482.13,488.88,482.13,487.38
3/15/2010,485.13,486.63,477.63,478.63
3/12/2010,481.88,485.88,479.13,485.13
3/11/2010,478.38,481.38,475.63,478.38
3/10/2010,488.88,491.88,478.88,481.13
3/9/2010,494.38,494.38,488.13,489.38
3/8/2010,493.13,498.63,493.13,494.63
3/5/2010,507.38,508.25,492.38,493.13
3/4/2010,516.38,516.38,499.38,502.88
3/3/2010,504,517.38,504,515.63
3/2/2010,504.75,509.63,498.38,504
3/1/2010,519.63,519.63,498.5,504.75
2/26/2010,503.5,519.88,503.5,519.13
2/25/2010,513.88,513.88,502.13,503.88
2/24/2010,505.88,515.88,505.88,514.13
2/23/2010,513.13,515.13,505.13,506.13
2/22/2010,503.13,517.5,499.38,513.13
2/19/2010,483.38,490.13,482.63,488.88
2/18/2010,498.13,498.13,483.13,483.88
2/17/2010,501.88,502.38,492.63,494.88
2/16/2010,498.63,508.88,498.63,504.88
2/12/2010,484.25,487.25,480.5,485.63
2/11/2010,495.13,501.38,486.63,491.5
2/10/2010,482.63,502.88,480.88,496.88
2/9/2010,484.38,488.38,476.88,482.25
2/8/2010,479.13,488.88,478.63,484.38
2/5/2010,477,477,467.13,474.13
2/4/2010,467.38,481.88,466.63,475.63
2/3/2010,485.38,485.5,468.5,470.13
2/2/2010,481,492.38,479.75,487
2/1/2010,475,483.63,473.63,474.38
1/31/2010,473.13,473.13,473.13,473.13
1/29/2010,486.38,487.88,473.13,473.13
1/28/2010,485.13,489.13,483.13,487
1/27/2010,492.38,493.63,483.13,484.75
1/26/2010,497.75,497.75,491.63,493
1/25/2010,498.38,503.88,496.5,497.88
1/22/2010,500.38,501.88,495.13,498.13
1/21/2010,498.25,500.38,493.13,500.38
1/20/2010,499.38,499.38,485.38,488.88
1/19/2010,509.88,509.88,497,499.25
1/18/2010,509.88,509.88,509.88,509.88
1/15/2010,527.13,527.13,509.38,509.88
1/14/2010,534.88,534.88,526.13,527.13
1/13/2010,537.88,537.88,519.63,535.13
1/12/2010,574.25,574.25,520.88,537.88
1/11/2010,568.13,574.5,563.88,574.25
1/8/2010,556.63,569.63,553.88,568.13
1/7/2010,567,567,556.38,556.63
1/6/2010,552.63,567.63,551.25,567.13
1/5/2010,557.63,559.88,552.13,552.63
1/4/2010,540.75,561.13,540.75,557.63
1/1/2010,540.75,540.75,540.75,540.75
12/31/2009,543.63,549.88,540.63,541.13
12/30/2009,540.75,549.88,540.63,543.75
12/29/2009,550.38,553.63,540.13,540.5
12/28/2009,525.75,550.63,525.75,550.38
12/25/2009,525.75,525.75,525.75,525.75
12/24/2009,529.63,529.63,521,525.75
12/23/2009,522.25,529.63,522.25,529.63
12/22/2009,519.5,524.75,515.63,522.38
12/21/2009,527.13,529.38,519.13,519.38
12/20/2009,527.13,527.13,527.13,527.13
12/18/2009,522.63,528.88,515.13,527.13
12/17/2009,539.38,539.38,514.38,522.63
12/16/2009,536.13,542.38,527.88,539.5
12/15/2009,543.88,543.88,536.13,536.13
12/14/2009,538,547.88,534.13,543.63
12/13/2009,538,538,538,538
12/11/2009,539.13,542.13,530.5,538
12/10/2009,532.38,543.88,530.13,538.13
12/9/2009,539.63,544.13,532.63,534.63
12/8/2009,546.75,547.38,537.63,539.63
12/7/2009,555.13,559.88,547.63,547.63
12/6/2009,557.63,557.63,557.63,557.63
12/4/2009,569.13,569.13,555.63,557.38
12/3/2009,576.13,579.38,569.38,571
12/2/2009,583.88,583.88,570.88,576.63
12/1/2009,586.5,597.88,580.13,583.75
11/30/2009,576.13,589.88,575.75,586.5
11/29/2009,569.13,569.13,569.13,569.13
11/27/2009,569.13,571.75,559.13,569.25
11/25/2009,565.38,575.13,555.88,569.25
11/24/2009,578.38,578.38,552.13,553.38
11/23/2009,579.5,600.38,577.88,578.38
11/22/2009,579.5,579.5,579.5,579.5
11/20/2009,562.63,562.63,553.88,558.13
11/19/2009,565.13,571.13,551.38,562.75
11/18/2009,574.5,583.13,565.13,565.13
11/17/2009,556.75,575.38,555.75,574.5
11/16/2009,539.5,563.63,539.5,562.38
11/15/2009,539.5,539.5,539.5,539.5
11/13/2009,531.13,540.13,531.13,539.63
11/12/2009,530.38,541.63,522.25,531.13
11/11/2009,521.38,539.38,521.38,530.38
11/10/2009,511.38,526.75,507.88,521.63
11/9/2009,497.88,523.88,497.88,519.75
11/8/2009,497.88,497.88,497.88,497.88
11/6/2009,512.13,512.13,496.63,497.88
11/5/2009,521.75,521.75,510.88,512.25
11/4/2009,517.88,527.75,505.63,521.75
11/2/2009,496.38,518.13,495.63,514.63
11/1/2009,493.63,493.63,493.63,493.63
10/30/2009,504.38,504.38,488.13,493.63
10/29/2009,493.88,511.13,493.88,504.38
10/28/2009,495.75,508.63,493.63,493.88
10/27/2009,527.25,527.25,502.88,502.88
10/26/2009,547.38,558.38,526.13,527.13
10/25/2009,547.38,547.38,547.38,547.38
10/23/2009,552.13,574.63,547,547
10/22/2009,542,555.63,541.63,552.38
10/21/2009,519,548.13,519,542.38
10/20/2009,517.5,526.63,509,518.88
10/19/2009,497.5,522.63,497.5,517.5
10/18/2009,497.5,497.5,497.5,497.5
10/16/2009,505.38,506.63,495.63,497.75
10/15/2009,513.5,513.63,496.5,505.38
10/14/2009,512.88,528.5,505.13,513.5
