V1,auto_select,avg_top_2,avg_top_4,avg_top_6,elasticnet,gbt,knn,lightgbm,svr,weighted_top_2,weighted_top_4,weighted_top_6,xgboost
W1,1.7768128200762174,1.8459075257100277,1.8247221390814063,1.817637020903721,2.16166084522689,1.957713335052807,5.647215036320448,1.7768128200762174,4.50364481173398,1.7818795692828044,1.787285123493823,1.7906197429976023,2.536025795416635
W2,5.260332998977437,5.270198341890874,5.26229054308385,5.258849130997033,5.550177909430469,5.326958984286818,5.304752476659804,5.325627837912903,5.260332998977437,5.238591384998594,5.241653552282173,5.2435426103212865,5.235721227587264
W3,0.6536449819138703,0.6217361607046765,0.6290456838435454,0.6322284398707102,0.6536449819138703,1.006486484289079,2.0728633879666085,1.185269736530807,0.5898603236729391,0.6509846524944883,0.6481471480308196,0.6463970955189532,1.3527996128862878
W4,4.969942140691928,5.5614396702927165,5.5523976899504826,5.548510591430156,5.695125011748284,5.522044875547495,4.969942140691928,5.881067122256811,6.143807113114661,5.5253218316716906,5.529098124824797,5.531338856008792,6.422485907415831
W5,24.570418572144593,24.570336727079308,24.570355483231843,24.57036364875964,24.570418572144593,22.10865061854871,33.74958052890798,21.69367650263995,13.13427314310826,24.57041175171886,24.57040447641283,24.57039998897915,24.570254882105587
W6,7.648487200543855,7.1752880823627265,6.629092466387491,6.401531891987721,10.553092016310679,10.438266161379872,10.784877160361326,10.024863487121586,7.648487200543855,7.313612801879977,6.956413387292507,6.81957226033502,10.374243571148687
W7,54.00836185106211,35.38066137322189,35.778618089898856,35.924183730074525,26.46358344757802,53.311209487558365,54.00836185106211,51.253993437152175,108.84822043342399,37.01208100447304,36.665032548384005,36.51980706447737,26.4634797603413
W8,14.870966951917937,14.390717582385953,14.528132170562124,14.587506983148474,15.070789184501995,14.303339560583591,18.29038697506073,14.117209955202345,16.469003429939388,14.997641185626955,14.919370665679205,14.870966951917937,14.894188252380774
W9,12.804226211521586,8.765255354358576,9.209433918420753,9.382629394238739,10.206843473828286,8.806932003289274,12.804226211521586,8.645762004081863,15.871143199780427,12.29966066424616,11.410832753490565,11.009345444320331,10.822185245312953
W10,5.409502572703545,5.559841646336203,5.5501247747420175,5.546650546827828,5.409502572703545,6.17585886594848,5.154361401308876,5.095427489808735,6.037230691318526,5.520984817894758,5.529282814198014,5.532654997398991,9.146662527131813
W11,17.29132791564732,16.211566337187357,15.956245494973142,15.868020284040954,29.59544841181687,5.547361884600932,31.191810057648457,8.528947254623755,17.29132791564732,15.195437250403751,15.42843851261893,15.514173291151995,20.302424625920523
W12,2.177057034069147,2.1385374523175704,2.1473566670292006,2.1511976499361283,2.4759625017055886,2.104282938737071,2.177057034069147,2.1001105659513404,2.9532390484539697,2.173843527021172,2.1704164084782276,2.1683029152481237,2.475964079502807
W13,7.536143554868538,7.520060729793995,7.524075389956771,7.5254828934855205,4.129124431288992,6.805056799239102,10.791981570946229,7.717303756992812,7.332106781264882,7.536143554868538,7.532527832447408,7.531152881132227,6.815628331135397
W14,4.697836104518514,3.396767827397481,3.117111674590724,3.0024625460673384,3.0525960693587253,2.4613818703324797,2.430534191071322,2.5266135423606064,4.697836104518514,2.4829159665432217,2.5387101239712297,2.580512608048373,2.4066264289833357
W15,10.622257161056629,7.632255660675683,8.024874568635228,8.305658273329815,14.028010139684904,10.622257161056629,14.548739732822764,17.99256655977431,21.005984007089467,10.296700209671416,9.939380343488073,9.719660157459131,8.088129471344626
W16,8.926570195856682,8.762435118509956,8.79845421249645,8.818171400052178,13.444943618876115,10.877676774645215,13.882450529806997,16.321862911762636,20.596196557743397,8.913554088473598,8.926570195856682,8.907002011016504,8.774425622928534
W17,1.676591116969496,1.676591116969496,1.6806684817955517,1.6833735965617214,1.428134226146174,1.7054912972158764,1.6740916286978362,1.7177777749868124,1.7015505093177243,1.6992950248774903,1.6968885706312313,1.695403981899501,1.7345795569041325
W18,5.130045038382527,5.456019172626494,5.381411001576537,5.348912690225185,5.130045038382527,7.765636295086242,21.463591193634343,9.075380432499525,5.780926725570969,5.1572503065381,5.186261831530122,5.204152036194468,6.212319636028795
W19,16.293578966342412,14.263631517647351,14.711645244545405,14.904179203883789,9.591963339668302,14.564534644255566,62.93724140916689,12.218532340308256,13.182555378060453,16.293578966342412,16.066850701611163,15.926973518803308,16.5030496566608
W20,8.786898862226684,8.711819637329354,8.730597992175541,8.737207738401082,7.06073722299712,7.3631113525426155,7.898280953616539,7.1774706141599784,10.482712878615212,8.786898862226684,8.770245880011144,8.763810346317365,7.16235908959452
W21,12.931688185330541,12.90587152303811,12.931688185330541,12.945448496984444,16.306311093838058,16.09627196501883,13.958601107906357,15.143292928375063,13.500444696661983,13.35983512297936,13.238092946187757,13.167011491884995,15.76062183018165
W22,11.001097656379061,11.012660212963171,11.004390112100095,11.001097656379061,10.980574357166592,25.307168268086315,21.763297799022304,16.756561536522668,11.055190978170875,10.982852848433728,10.986061592246136,10.987928431346065,26.72948162033392
W23,6.176649913825933,5.49634636882964,5.592216807453693,5.6394599929336,5.889522199424072,13.642954233998372,7.987013533509731,6.028228683162602,6.176649913825933,6.097052184452994,6.01188837953426,5.959226501382818,5.060434162016908
W24,64.93904409871224,64.32711382286726,64.18714739111499,64.12624417270256,26.25669513483528,63.7170924610719,79.24686085690955,59.03478081400911,128.86048084800535,63.767853817216334,63.822015502254445,63.85543025348399,64.93904409871224
W25,11.96271465236277,11.853523960979425,11.85543411959746,11.856078828596349,11.96271465236277,16.611930094226302,32.19564340979485,16.19924451957876,15.952470871711434,11.861161039835705,11.85930134800604,11.858666892572751,13.24950676481746
W26,47.79177581834676,51.69429305114326,50.51515657147926,50.00607513126973,25.91853698261187,17.475677637602175,32.279012420227275,17.475676494132557,57.00550637935782,47.0956186729126,47.52559932929599,47.79177581834676,46.69426466899355
W27,28.580666586011645,16.65795497271371,15.890003522674922,15.584226883155534,40.86393920553329,13.559280332650541,11.950570489762939,19.928512568723942,28.580666586011645,13.738392002914445,14.04542843138888,14.268164209066999,11.770519038566249
W28,40.46108886789012,46.245722494223365,47.24441858934229,47.67285104082561,48.50378163265108,194.07608391143586,40.46108886789012,50.459151528238145,41.63345165975634,50.12189315386601,49.75947168759082,49.53453994138303,194.73243833453452
W29,55.73496415849015,56.31966642191843,56.3324595304269,56.33715587418714,56.96229900880393,26.07228728370881,19.082146973405173,25.40678235603819,55.73496415849015,56.3709897878245,56.360688310558075,56.35613680342904,36.017311003464485
W30,8.453426747922736,8.383877059615072,8.374868846926683,8.397450155554543,8.64600135763187,8.335227180091657,8.552835152363622,8.244218034086598,99.27157013974902,8.533500642866212,8.51083665572337,8.497165781740238,8.453426747922736
W31,28.20481698988127,22.7015628831183,22.67811483423028,22.66790093979622,28.20481698988127,22.599109186596717,30.61120767138199,22.803666759547063,26.25913217385529,22.607660372990367,22.616779189073753,22.62240232596597,45.322894753943174
W32,11.877822331985936,11.692386535261589,11.734606704342953,11.753038162787881,11.877822331985936,12.318589166417544,11.283891483469041,11.510030595024718,11.916450222564029,11.862249338206347,11.845661980265898,11.835443297659593,14.60606876060832
W33,10.554074080729842,10.554074080729842,10.544169738027822,10.53980651797934,10.551772416451502,10.196418197445244,9.887883929763126,10.07947426664249,10.595368257507348,10.54720535840848,10.542307265063968,10.539272492561185,11.832969560613254
W34,8.177833406313614,9.890084258042435,9.86920657858835,9.86218724260989,8.177833406313614,8.895390249627773,17.147146324458692,10.746744981172807,8.566622424889909,9.806612977961523,9.827101712660314,9.834059801366148,10.911434693857528
W35,15.656229020453397,17.011583071348742,16.93664769078259,16.909162069899274,15.656229020453397,16.14485448386906,27.206111384883453,17.31093032767558,43.06401786797596,16.71108945019103,16.771481475042904,16.7981089307285,20.466682120817133
W36,14.603870156396415,15.503401627207419,15.300668112948406,15.211783190903876,17.300986552065503,15.377843659565698,16.365294611833587,14.603870156396415,17.010624992316483,14.6803266316129,14.761577365294848,14.811536897317437,15.01883080524066
W37,0.8409864179278742,0.7568905608998184,0.7684221926948743,0.7777958304815782,0.7594494516507412,2.220976598289346,0.8152590785323248,2.3361735984559355,0.8409864179278742,0.8331259677261933,0.8247454690036085,0.8195785061938182,2.2990424463557284
W38,1.0433920683288231,0.8535604206951101,0.859367770687402,0.8664393045896612,1.0433920683288231,2.8118077674384394,0.8786726029449077,2.604365781340951,0.974477214891436,1.0064281012902703,0.9650212175508152,0.94625739668714,1.3961448932766873
W39,2.2410751204687847,0.5694543667105453,0.8917389569252887,1.0444691921190394,1.8733285891926008,1.9919371728422337,2.477750737022083,1.4989377298055815,1.4495989878063453,2.0900273687723123,1.9062073309617924,1.800598732009104,2.2410751204687847
W40,1.69122784693519,1.7127871394214174,1.7078585566921618,1.7057379380314184,1.8613405333900261,1.5791543606298954,2.5161372181130135,1.734209747311908,1.516391284299015,1.693029685930924,1.6951149229325482,1.69636634694873,1.69122784693519
W41,1.7173591907368164,1.7395343324158756,1.7341793008976103,1.7313762286188403,1.8493613127406727,2.37316430228874,1.0527317576050923,2.5339890408090615,1.546042863580394,1.718111758777798,1.7173591907368164,1.7197100098698226,1.9960972280368279
W42,1.867376177380455,1.8518631116752176,1.8575657912037074,1.859541999901167,1.8717670016376593,1.2763995620149753,1.2780746452972866,1.8269705926039208,1.8767424554060825,1.8746696796829296,1.8694217972552145,1.867376177380455,1.4507697327524895
W43,1.73014329872546,1.6165955471991293,1.6349716144496915,1.646970315062584,1.863736886755763,2.6703921674147995,1.3599150133041114,1.1324221052746024,1.73014329872546,1.7199153031338925,1.706665990757459,1.699273983555318,1.5719978461835566
W44,1.8050198424987847,1.8018874215859713,1.802670671147131,1.802965604231637,1.7529208793362128,1.553516357803598,2.0512259109015822,1.764178244664449,1.8203268912180715,1.8050198424987847,1.804440064970256,1.804157054621334,1.8393748951963032
W45,5.28497621029195,5.658278060414271,5.572601876354762,5.535326371365316,3.919080308345139,3.5179429331519962,6.0330310031523116,3.084873504117041,5.28497621029195,5.316029492171132,5.349164884966049,5.369608598264914,3.138798545982934
W46,4.7102918776509135,4.585206087006117,4.54963481748292,4.536765735723456,5.3133290051417825,5.0943818668788365,4.740113764019966,4.429789501861934,4.7102918776509135,4.442760376850376,4.472367809609501,4.4833686402964394,10.297554334549051
W47,5.27303267039548,5.622596270101763,5.542373993698854,5.507470272348561,3.90180426796472,3.102489840186832,5.973453171876866,3.1158407217081283,5.27303267039548,5.302113761264771,5.333144230679951,5.35228900231367,3.4872184875829846
W48,5.707079801191093,2.409570474759235,3.1191383510085786,3.447334556417389,1.3311209277565885,2.374434328624241,5.707079801191093,2.151241544167308,3.310702443112116,5.430640289521047,5.071773600739663,4.873671855965933,2.054213130374974
W49,3.022996231336549,3.0183385957903477,3.0195029584843924,3.019935082521044,2.962485476481161,3.2431181729026357,3.758511212586086,2.7001453063070513,3.0742626802151887,3.022996231336549,3.0220957663230883,3.0216796018942267,2.655505044666385
W50,3.023116639585571,3.018343837367009,3.019536995465555,3.0199710905881583,2.961105646078687,3.0548869362798015,3.7672294384250584,2.7990698707576445,3.0756472612945633,3.023116639585571,3.0221416223944475,3.0217217002432952,3.62814619386845
W51,3.548307481290865,3.720112818990653,3.7667239450352406,3.787024741292707,3.548307481290865,3.6831554697894937,3.885569101143681,3.6746395386974466,3.9237079550804133,3.9067217424395824,3.888606655426751,3.8774352665458465,3.517038634631755
W52,0.8721587845254345,1.0510937122383346,1.0051325563490214,0.9874376268276724,1.2714862015319652,1.4146614104438067,5.852739158528138,1.8816987755787475,0.8564506320396367,0.8721587845254345,0.8991092309017823,0.913551181663798,1.3163908022248056
W53,6.418030218565337,14.152408503589559,11.868421523311874,10.940435191604857,6.671146701985116,8.086288634651018,24.819368514248648,9.9558014094905,6.27321064359523,6.418030218565337,6.877928562086595,7.2915964012660055,15.971368571351995
W54,1.5680840612670364,0.7174119185885286,0.9013400077074922,0.9852378396147042,0.46833810581902124,2.6998450019238653,1.5680840612670364,2.5166375919460466,15.45407297627751,1.4962275029000944,1.4036267484859095,1.349395921529227,5.573118808927294
W55,5.067934354408808,7.280942885177002,7.430840095416054,7.493911022159145,5.955370168884138,6.787264737643225,8.168569331274385,6.783247834956979,5.067934354408808,8.0849993279589,7.975019493746663,7.911161926697381,6.640022294223506
W56,4.193342764845933,4.726814678205634,4.591022633301964,4.54069524453855,10.660550822845423,4.193342764845933,2.200741230877724,4.944549781935368,15.05455595034724,4.226404620533239,4.28985639642596,4.325047222883534,5.358284010223318
W57,12.73168306462006,12.998538131861162,13.201305202572428,13.289397591298435,12.768164794124036,12.99141443689929,13.879070282111067,12.73168306462006,12.928433036872509,13.80611366639634,13.728207392882858,13.680111281876798,12.106830642659215
W58,8.543173919289996,9.143745408706911,8.984219154626343,8.91530617644288,8.543173919289996,8.376735463074342,11.765549144429663,9.06501107836938,9.842204425217439,8.57769322737667,8.616220939233584,8.63961616495281,9.447459776707506
W59,29.683945088279856,31.281872301066365,30.914717974911245,30.760607578837064,32.890628248039874,34.82589582829802,38.21697047356628,34.864154277728744,14.130055196174357,29.81668794978966,29.99157271200857,30.09454382928885,29.683945088279856
W60,4.026682381699861,4.022603456227164,4.016828416626718,4.014314935836808,3.9974195746332075,4.072411436162755,4.045713066805871,4.047829606097346,4.026682381699861,3.999516616971973,4.001753842896803,4.00313393817365,4.035883392133927
W61,1.60261099701327,2.1056964393057513,1.976576396502814,1.9204007724874919,1.60261099701327,2.667938652464605,2.461839522696377,2.4566931704631267,2.8084472935111506,1.6340749387540547,1.6679087177612768,1.68867590465881,1.3690172786178223
W62,0.3997587124149294,0.3997527748595268,0.399751414169661,0.39975082179073124,0.3997587124149294,0.39983494549265364,0.559863088378117,0.39938699892912166,0.36683145890260405,0.3997473320997847,0.3997478598960688,0.399748185442634,0.39974683730342975
W63,1.175975879776936,1.1764829176024454,1.17635605968354,1.1763105645470042,1.007135631871527,1.182648514089118,1.1704684169402244,1.1125573379301714,1.5129708982985994,1.175975879776936,1.1760832156044592,1.176127316868077,0.8984989726064083
W64,1.77194034292605,2.1930124191168168,2.0754766589687423,2.028604120570099,3.275349497696199,2.7087085969708506,2.40060407678361,3.209496553036889,1.9859426994112799,1.8022948687850573,1.852747589417051,1.880118956429415,1.77194034292605
W65,2.1633359507897585,2.3126079347798734,2.066932903722049,2.070806914712728,2.6588292905175743,1.6304508473728454,2.1633359507897585,2.73570544508416,1.6661197209229368,2.5971741154315846,2.4884678938072122,2.4212673636156143,4.069193283664973
W66,0.4596310427384108,0.3878299569069868,0.3787706663504711,0.3756897811285071,0.3539850255905918,0.5795725175821488,0.6255555908408797,0.4596310427384108,0.410441179738698,0.3559532488748298,0.3611475035341851,0.3635669528896451,0.8054898321842499
W67,1.0018167014952608,0.8989057985653794,0.9180683477966171,0.9264082736786463,2.110077267300773,1.0018167014952608,2.010324694970166,1.601592909077934,2.1834048662447088,0.9914189381179619,0.9803256823082849,0.9734822811746517,0.8322112793844285
W68,2.0362516865904303,1.4780508054086876,1.6058064611228433,1.6614112593884196,2.0362516865904303,0.9217224796319782,3.932042970420243,0.9522905053918489,1.026797457425436,1.9896634349902373,1.9397143598695168,1.9089858771959851,1.24845133445395
W69,1.2243017234219984,1.6784182870204722,1.5741057144552928,1.5287385094303625,2.589609019359433,1.8288523017725618,2.1353112952588105,2.1515700582948627,2.1263896817193246,1.262039421875688,1.3023150495085054,1.3271680416395502,1.2243017234219984
W70,0.8764536663211244,0.6576360663460983,0.6571060049637376,0.6569276733727197,1.1644773529417098,1.130881020326247,0.8008119842349435,0.8764536663211244,0.8127236591370611,0.6555136608904326,0.6560354047488913,0.6562124761044238,0.7058188992263552
W71,10.13052928544163,9.966795338860244,10.13052928544163,10.186143556361452,18.213380788195625,25.256024320409225,1.992722859661038,63.096917297210865,2.610948476470247,10.623690229778262,10.46477869917813,10.409865271474168,73.58764832708903
W72,8.011998656858752,8.011998656858752,7.941165606275802,7.917267211192199,4.665925656942782,5.387987166256587,19.43152421235674,9.80122112936841,11.470087569365823,7.728957579096289,7.797858149850859,7.821380548448414,9.608005480214208
W73,8.009311311122708,8.009311311122708,7.938405118668104,7.9144848157049665,4.659827284162605,7.615252709343154,19.479810001916505,6.016399931266734,11.471019751705573,7.725978207368497,7.794966350017293,7.818513738593684,8.493703732158245
W74,11.06794417931843,11.12248275341391,11.10384516169417,11.096675917320978,11.04628918487185,11.60412171835725,11.28278131137888,11.209580174402037,11.72268532535255,11.052131570715822,11.06246654961545,11.06794417931843,11.653048873347895
W75,3.6689483438687285,4.9582071839128945,4.568059935176013,4.432959443775886,3.6689483438687285,15.017583051101754,5.544232927325718,12.759872826129554,3.910545147970053,3.6819491974794962,3.748643774515017,3.8383642008279857,7.281778983522143
W76,25.682301001865188,21.323000321455613,21.32300378981269,21.32300529976785,21.323015456091177,21.957683417937513,25.682301001865188,21.90248425726411,35.91584472399758,21.323014194872872,21.323012849538735,21.323012019731724,21.322985186785093
W77,10.927766418598639,7.622349996794234,6.9675961515099,6.939550122045598,13.39623217058473,9.616490074354763,17.139480956550322,10.35777367556489,12.996652081482829,12.191657648882504,10.927766418598639,10.25823693006521,11.109257888049047
W78,14.369427332930758,6.529773598764654,7.476665630617157,7.880016830528853,11.440659715766236,8.976121686093242,12.469260363128399,6.722352970252777,14.369427332930758,10.271244374680606,9.85073095816687,9.612949463055134,10.661635386826509
W79,19.473833778279655,21.384815368783173,20.912496793360955,20.747158783160923,12.883961805150431,10.731007230386941,23.40494654087398,10.605655469086075,24.04156992093584,19.473833778279655,19.913874445961735,20.062508073443045,19.29719690036851
W80,21.893132160827466,21.48494954174413,21.586826031018933,21.624600141584903,16.723143977392237,14.871224000516914,12.589354956080312,15.92474184062866,26.506032262973132,21.893132160827466,21.813703001878405,21.77723720068174,11.1028048273448
W81,7.941329170471763,9.583067580619046,9.21010270951319,9.047130222835435,7.941329170471763,14.333966936534104,11.188407558143362,12.436793181145609,3.355793145432224,8.079566323483803,8.226734199313738,8.317359626751571,15.606633745183684
W82,0.10600867450335852,0.10252283684731497,0.10227584784944818,0.1021827762775199,0.11563359952315397,0.11225376565637446,0.12171318001553284,0.12277129011054028,0.10600867450335852,0.10191759615519401,0.10196419264983134,0.1019869915877189,0.10806953111157148
W83,10.360773843758226,10.36077410307751,10.36077404365017,10.36077401777837,10.360774362396802,10.517104491505275,10.17884091407871,10.613480653699735,11.364195814468276,10.360773865368161,10.360773888419358,10.360773902637424,10.360773843758226
W84,10.255749976272668,10.255750303918115,10.255750228832698,10.25575019614412,10.255750631563561,10.462520667880225,10.259875007048528,10.494121498076964,11.227751618036862,10.25575000357645,10.255750032701235,10.255750050665508,10.255749976272668
W85,0.21621767427399238,0.6331689423937836,0.6890587493910871,0.7134083647403646,0.8774723947873206,0.36457973378980124,0.21621767427399238,0.40732889042636167,0.9709664333199105,0.8570720241270828,0.8353194545679186,0.8219067063228332,0.30610184184471534
W86,0.20413270761209024,0.6738256376754616,0.6171052189172974,0.5924298178232393,0.9342182993353086,0.43296763523335574,0.20413270761209024,0.38948902152206183,0.7977383243887642,0.45082852174164656,0.46988843307886935,0.4827451458262747,0.3516085199870519
W87,0.5303207761439561,0.48718335072167457,0.49610142008128877,0.4999843203234029,0.9219019286618401,0.6171528016782508,0.5651576732499946,0.5303207761439561,0.4482831873580904,0.5263306654929527,0.5220746660915769,0.5194496679230448,0.4601521270589773
W88,0.7138937159994714,0.6385072022631165,0.616952131626286,0.6126784889702761,0.9002442633168295,0.7584090801681053,0.5965269888432873,0.7187156311947069,0.7138937159994714,0.5955696058066209,0.5976385220336471,0.5997923793735803,0.7266539137331927
W89,18.279748074691362,17.74879757007858,17.87077962453153,17.923483085220546,18.279748074691362,15.854938555657696,23.81181657569381,16.555922335205274,17.214368592358763,18.235634157903828,18.186490271994465,18.156923259322973,20.77055365047669
W90,1.3877765225804413,1.439475377503796,1.4265538469823913,1.4220786879204064,1.25467079796399,0.9100984096388749,1.1527285193992016,1.0152002788051913,2.0842751206233348,1.3877765225804413,1.3996990751520397,1.4040748032427042,0.9051575702034877
W91,2.011314729159378,1.532411676789631,1.634698068587681,1.679143391827375,0.9598514484326708,1.105584679174348,2.011314729159378,1.0683170188994098,1.117209205050993,1.9668289058296964,1.9190487245553647,1.889647847069427,1.136415049599714
W92,7.434098295990579,7.546553153928275,7.521219136314766,7.510109054921185,2.9663158149833055,7.025110930878219,7.434098295990579,2.219440614645851,7.6540940535011215,7.443659163553345,7.453819508000794,7.4600668188161645,3.141071101332921
W93,0.20707144747531353,0.1729434969419348,0.1795984556412662,0.18196003064031566,0.23963110523947126,0.20186100325864173,1.0433143441589805,0.20707144747531353,0.40146470659338146,0.2027081716686977,0.19397818281469917,0.19125432485254326,1.2136821976028107
W94,8.341727961108528,9.399765411117569,9.074699985408884,8.952109204501717,8.056227271475414,3.651319924201488,14.895163780593327,11.334352084669925,10.940545997721527,8.152972688523999,8.341727961108528,8.44224644168787,11.970607120409545
W95,9.990217572003564,9.828819664127606,9.869144527911965,9.883886405898009,8.28028255866333,8.528997541605479,14.353887428496535,11.20857439269232,11.78310001433721,9.990217572003564,9.957628676356418,9.943372461787424,4.90696979783084
W96,0.3586884828812971,0.2480011884842663,0.24610329353265273,0.2454616958524807,0.3140831949870221,0.34738929431657445,0.17649091806656156,0.3586884828812971,0.28459958090153814,0.24041039749395773,0.2422539328401043,0.2428845126020551,0.25293570894480155
W97,4.746851975307741,9.208015175943368,8.89724612676845,8.76211521985942,7.855762456608097,4.126770892782847,6.529728857273439,4.433206602429971,10.57019536399516,7.96807038378671,8.087944734857052,8.161922848596216,4.746851975307741
W98,2.8054993946996687,7.8904363178848635,7.970007266412081,7.996781155671946,8.159607806207296,2.3309089019526636,11.78950077584527,2.8054993946996687,11.92301753894819,8.20913500591173,8.130767918618735,8.104174743745126,4.3109428874189835
W99,3.0198572627980966,1.991301086318806,2.228312706908674,2.331253173208594,5.201970309785341,0.9478673468104675,0.8515606665886432,1.8576660789219763,3.0198572627980966,2.934703624053212,2.8437594026830557,2.7876072706802866,2.4298461088163736
W100,1.9990428219350709,1.9970598231843688,1.9975043616315036,1.9976843734786305,1.9990428219350709,1.9638035355903145,2.391109637300311,1.9951889415744248,2.4015587921256856,1.9988732924399462,1.998598644239079,1.9984490745790202,1.3929023552408604
W101,0.49086873953157567,0.445697214490514,0.45604760661867594,0.4605539318504586,0.4018650799255134,0.31408347105160944,0.8837948016785592,0.5812014587811215,0.49086873953157567,0.4871038324787677,0.4830879521042161,0.48061100647980093,0.29354403079783087
W102,1.2385359094140231,1.3514302460870757,1.315803500374718,1.3012502348608497,1.5064322025586434,0.9362359389955789,1.2072359479585082,1.2385359094140231,1.0924710734047614,1.2441779952668592,1.25507875572604,1.2605408556670845,1.236979509884085
W103,5.371373182328081,5.432044642606751,5.4307797655872925,5.430354417214191,5.4881279434297765,5.470401080414263,5.371373182328081,5.4928032763242856,6.676849351665952,5.426985361520004,5.428227739522221,5.428649578844656,5.445876468749077
W104,2.9316796192838432,2.2060360216558643,2.3728647668129246,2.4451122730195127,1.4742965835516437,2.06030642019262,1.5657014951853936,1.7224195129949555,2.9316796192838432,2.871440135578897,2.8054523746243145,2.764929353294727,1.4154981311799957
W105,1.205378857362152,1.3170777985375284,1.316381089298969,1.3160777679679314,1.1824657169658823,1.3118984767571678,1.3201176976884161,1.3140374330124056,1.205378857362152,1.3142908146203778,1.3145610916769197,1.3147277976682201,1.325529745150828
W106,0.6534197461064501,2.2587161709296466,2.28681721676651,2.2970526712357273,0.3328531901929017,0.9003933905874595,1.19529754913635,0.6534197461064501,0.17647816677111222,2.3710723828185083,2.3482140278427472,2.338321291998054,3.5986039163647012
W107,0.7938844115362365,0.6576954245376815,0.6553864912264066,0.654608732906376,0.7938844115362365,0.6316552463944423,0.8415877192614117,0.8050244850035856,1.1593684788859469,0.6494989132743466,0.6507201395691065,0.6514892356979584,0.6359572012803737
W108,0.9886160492871264,1.0025926844659792,0.9978240611763889,0.9959933672436814,1.0677380130612542,0.7734155313771512,1.2138928571265486,0.8258763485660647,1.2311921204819467,0.9835166866248977,0.9868393432004867,0.9886160492871264,0.9431808660350235
W109,1.8377035867793226,1.850115685351996,1.8448531977028393,1.8436619367768878,2.0499504491582314,1.8271325612801739,0.9176619964132317,1.8730481186053,1.5566951798854245,1.8290497584257264,1.8377035867793226,1.8391981571910458,2.026716948329411
W110,1.329544378245726,0.9508920469918768,1.0192903975208156,1.055544467817491,0.6974530005479878,0.6684229289625554,1.3213907831079033,0.7740570563245807,1.329544378245726,1.2955766694860589,1.254600104051229,1.230124457069892,1.1008739503232212
W111,0.4798778375051137,0.4794587174541451,0.4795634656915404,0.47960283636050816,0.964913291944402,0.47445569819250294,1.3463488220141107,0.4851257088219058,0.46389830133124077,0.4798778375051137,0.479799734582528,0.47976191427224124,1.215347406868384
W112,0.978881303094032,1.0168649456754255,1.015137114624525,1.0143848685346484,0.978881303094032,1.0244033890603232,1.1382500727013674,1.009324577212686,0.9513054989520039,1.0099530147942541,1.0106233506166529,1.011036808497644,1.0216232167755297
W113,7.508386231450655,6.6530695815676735,6.389516563601366,6.278934684114253,7.508386231450655,10.17336260236703,5.528665438121881,6.8325018324677895,7.981060793262776,5.6224514338392835,5.722298457453944,5.783784878587088,4.801534789145439
W114,3.2885688755615865,3.8464232823841593,3.834844874144303,3.8309547328633218,3.2885688755615865,4.428719537099415,4.345854480557089,4.400024963901779,3.788101135790006,3.800098570073244,3.8115009003217946,3.8153803534629502,3.8518653059776664
W115,3.936955702005338,3.93882235379305,3.9383945833366267,3.9382083519366042,3.940688961294788,3.818361794099628,3.9460406013927716,3.8417944070534435,3.7652741556466993,3.937111258012506,3.93727718832433,3.9373795345435494,3.936955702005338
W116,3.2559342446080155,3.2643850388016116,3.262460051202287,3.26161984349859,3.2559342446080155,2.9925159180985808,3.3053562042331293,3.8350705736323953,2.9446755288101363,3.2566435262055995,3.257399098409789,3.2578646162923635,3.7290658251609954
W117,0.23217884957736,0.30898982710674483,0.3119273164925935,0.31320610459505416,0.30545568584896793,0.29616968991628023,0.23217884957736,0.321806707739516,0.6552747085677837,0.32073875869530744,0.3195995590009177,0.31889688384010867,0.3070088692349528
W118,1.0514710245695025,0.174984067063103,0.17440232202376374,0.1742031220904528,0.2397597653501269,0.23449257314173774,1.0514710245695025,0.19576988509469284,0.42345784680640947,0.1726569350255563,0.17320707790614304,0.1734022576212344,1.1133430199839363
W119,12.891888166568858,13.45838945465337,13.255908076482772,13.183334319358824,12.578190695144498,13.32371766071215,19.12573947512674,14.767786868556145,14.347353938780813,12.651209193553573,12.821349379999516,12.891888166568858,8.771575451968614
W120,7.605930502800653,11.72730535852781,10.342430940531413,9.815739850072273,6.581308462567359,7.299165910506786,6.594778944615095,15.864064939494321,18.461662647961383,6.969633526011898,7.605930502800653,7.941121847302387,10.35590672576756
W121,0.4823930724741532,0.5011453228197851,0.4968466293771743,0.4949754271484373,0.6133524939129728,0.4823930724741532,0.5574431462460495,0.5199123264748269,0.8500890768074668,0.48395519673939,0.48562161809815163,0.4866495306870404,0.40939419207639455
W122,8.171212039406676,8.187235502443949,8.171212039406676,8.164234699366165,7.439917464209788,8.117279813729638,8.711620916334036,8.257100068179938,7.038261664961554,8.123112935219048,8.129334392970788,8.13317145069053,8.136599322133172
W123,4.534151301048962,4.076351543997919,4.388503409281263,4.534151301048962,4.88669742351249,5.112954361140569,4.734441575763151,5.0549204111270045,6.454211311360855,5.679671307458592,5.271570502724922,5.10857815748897,5.839420902550821
W124,3.004828166582825,2.999739993136785,3.0009218246979894,3.001433403104674,1.93470395826082,1.9592420295896924,2.994472976694706,2.1147655507324705,3.004828166582825,3.0044109799582253,3.003964601390283,3.003688569306047,2.0668884580188207
W125,1.5766629094164795,1.472291435608966,1.496194549622272,1.5035378848680752,1.5766629094164795,1.3680935478819987,1.631774466284978,1.522185051470413,2.069530472656906,1.5679586452368166,1.540267474089482,1.5323056604128835,2.2236629252456197
W126,0.32836772521918667,0.323230212451916,0.29102174509254536,0.2918669534767021,0.32836772521918667,0.5794991183860798,0.8614376256882148,0.5164268700348079,0.45531116585072595,0.32128226752968886,0.3127351569857398,0.30993082137912437,0.6843797307583614
W127,1.490302219697309,1.2505599739661166,1.245778366540831,1.2441023810635028,0.9370547301554758,0.835875132236672,1.1013166639179306,1.0332431282887138,1.2003060438760327,1.2314365854303506,1.2357233878449128,1.23735725454352,1.490302219697309
W128,2.1004746291883007,2.372508474437858,2.310144055437412,2.282997964397519,2.1004746291883007,2.644811148180046,2.5442524911916515,2.43915341255267,2.7387283880349997,2.123134128297462,2.147306856250427,2.162217700226868,2.298017767607799
W129,2.891019339365844,2.1953300560995213,2.3552544979204235,2.42466085765205,1.493998715569313,1.8738887338692465,1.4248539233061537,1.4058725028454704,2.891019339365844,2.8332589228875045,2.7708583810472325,2.732472656752424,0.6819001232412135
W130,0.9903634204569054,0.9637848751513026,0.9666946183305717,0.9679607717353289,0.9428485317735787,0.9865679254909153,0.8477270826977041,0.9764676396273906,0.9510650050965932,0.9754121591291447,0.9742860006409094,0.9735912360651789,0.9903634204569054
W131,0.5371836893665325,0.39422981372454713,0.42700976157264303,0.44127691456676227,0.33034462735004083,0.5371836893665325,1.0762454401691208,0.29456238109000565,0.21790421911707913,0.5252793737897085,0.5125794086520771,0.5047451488225372,3.746013437897221
W132,0.8849636221723572,0.8487590998078047,0.9041642399093681,0.9282976664184582,1.0908255275627754,0.892398857287803,0.8849636221723572,0.8839542589782239,0.6183614600572489,1.0706237025501875,1.0490804838921375,1.0357956107570103,0.8824362020009885
W133,0.223568738582517,0.24323176463784657,0.2439040621805261,0.2441556259336927,0.245548236834939,0.223568738582517,0.256490686573763,0.21094663212618747,0.21606187325314696,0.24592087908788182,0.24541341819404963,0.2451716211950257,0.3015141064920375
W134,0.2891221385755505,0.2909621242268101,0.2905376840636145,0.29039558005229293,0.26745975222800206,0.2950402787275938,0.401506620173459,0.2891221385755505,0.3814294401732765,0.2892742691302609,0.28968785055068325,0.2898580176284665,0.25973650469385995
W135,2.315104950734216,2.2901564284606395,2.308784381774073,2.315104950734216,1.2968511274692103,1.206550420916171,3.188210891715071,1.4819503802158265,3.9739743329973356,2.364688968504441,2.3467137598622934,2.340503758334703,2.034632413162249
W136,1.7694962498390394,1.7768062968071632,1.7784813883187516,1.7792106276993087,1.7694962498390394,1.9010892495469767,1.874513137686258,1.791314568362496,1.9733214954060414,1.7835063774734667,1.7828566893848523,1.7824559559433375,1.7841154379831075
W137,1.5687490504538457,1.3725419345903798,1.3722889816250092,1.372203917541403,1.2827482240132309,1.3846823447608736,1.5687490504538457,1.3603989141891892,1.26015683180724,1.3715301159313658,1.3717785952015593,1.3718629624033407,1.3664246844908097
W138,12.90539453052332,6.961642641862198,7.063424489111349,7.097861841053661,12.90539453052332,11.068059448048917,9.82368291264309,9.164512189623618,6.801523828824287,7.36976906172353,7.27033398201689,7.236373705596078,5.0502024155910386
W139,1.953599877137143,0.988239954884154,0.9409599596833493,0.9341985043397936,1.953599877137143,1.6434880144672308,1.6662016403110051,1.520824758638864,0.8820894190950131,1.3049522085744973,1.2104425525478781,1.1520822626327623,1.3934320198964112
W140,2.362354308506925,2.041495248266867,2.0482017210044443,2.050646165008551,1.8868888674626,2.3096808293099516,1.562808381550939,1.718479258823362,2.383162564337813,2.0683155246851466,2.0628665199900853,2.0605036088807664,2.362354308506925
W141,3.82252868171232,3.920695212911307,3.896180332890689,3.887423703480529,3.871495182635797,4.870898224782149,5.773868768197267,3.8589618777608927,6.22462098265326,3.82252868171232,3.843606450047296,3.8521226537328426,3.3252455345643672
W142,0.2695771876617557,0.22797843355858924,0.231244995010544,0.23352089451009286,0.2695771876617557,0.30515704019670553,0.2669726266077984,0.30497679245382525,0.22466786339752784,0.26458441951033645,0.25925820563610597,0.2559727424492022,0.6603866010535707
W143,0.492469910427575,0.4995888946858429,0.49547994372083043,0.4950060238829478,0.492469910427575,0.6639516698032537,1.3704885895645917,0.6865948464212689,0.5428711424918625,0.4927833532778293,0.4931181677197114,0.4933249227201598,0.5753442970110967
W144,14.52767253634438,13.714669458593992,13.99752156591823,14.099812839762658,14.98881956100685,16.23412773972816,12.479618620712717,15.098607268395547,14.366175305150158,14.87985564210004,14.631174367514246,14.52767253634438,13.953598577017317
W145,20.953078401375542,15.946583788339069,17.036810625521817,17.513273047458487,11.282829273702095,12.81696707202937,20.953078401375542,13.630498150149581,15.675912624537094,20.5183922831095,20.05558559004686,19.770573758873315,11.749118917289287
W146,0.8690369034552636,0.5342908392281314,0.5308389267109385,0.5293363379949191,0.8155295510424517,0.5224713516075764,0.40795321724890843,0.5577670148974575,0.8690369034552636,0.5229160335287119,0.5233904229670711,0.5236830537237042,0.47222405305391224
W147,38.87949634451003,38.87949634451003,38.93979469026812,38.96487746567699,43.78981029060378,21.192238867298173,47.499872348834934,16.430136710111793,41.523558494011695,39.14797480526356,39.10512091229245,39.07291482863931,36.429355433926474
W148,8.250279046182762,11.029948329840987,10.4009257276646,10.126509565267206,8.250279046182762,8.647273016829322,18.05722377087832,8.98952334949347,13.721105612059095,8.485412951296741,8.740982969082408,8.896664399175839,6.867734928033406
W149,7.069532736871026,7.087640148198457,7.083494871265507,7.081689411749788,7.138234368332339,7.105698502040543,6.824140500857892,7.069532736871026,8.22731870832724,7.0710435650325145,7.072654779763661,7.073648388858568,7.138228804267907
W150,2.5593421767468194,2.046931197327683,2.0485666529267097,2.0492840662041982,2.0541949236310995,2.0399974343752416,2.5593421767468194,2.088110992095066,2.592541477411088,2.0535770073067012,2.0529204063265447,2.0525167130110646,1.4675350300905654
W151,0.43826465330871234,0.7847145170902419,0.8230237891527249,0.8397067232943409,1.0883373413694224,0.6177308466002915,0.41518944726390317,0.951997898402652,1.0520444349306362,0.9380461484426258,0.9231662014185624,0.9139893819948919,0.43826465330871234
W152,0.9856997152611267,1.3721741516299575,1.376310527289079,1.3781102343329608,1.3901986146642367,1.3540843619557688,0.8054739225247737,1.7513904906225868,0.7895948467055895,1.388699070920218,1.387099016716703,1.3861118403690518,0.9856997152611267
W153,2.1053299708372526,2.1957382858077614,2.160389393094062,2.149776412031359,2.0944559397722706,3.082935357642762,2.4914682359995854,2.9276657012432263,2.7354671948990235,2.09781332146253,2.102604167344918,2.1053299708372526,2.2754199748911677
W154,1.9079763325482353,1.7299833207057165,1.7708262136426538,1.7885974170392263,1.629978552762604,1.7084617047358412,1.8335452627195072,1.5513907684887842,1.9079763325482353,1.8931663955221327,1.8773641605333353,1.867614936370023,1.629987657743184
W155,1.9038522864089802,1.9378086092837608,1.929320903733499,1.9258023928501689,1.537936918789321,2.0439850398695683,2.4094043547085393,2.06360291666556,1.3938520855075247,1.9038522864089802,1.9082074755131306,1.9115057513259852,1.8392552195356107
W156,1.4412948974723239,1.4412948974723239,1.4436825803239344,1.4444854944768037,1.4877664256881244,1.4951331931705927,2.3190316284110324,1.5557861149185435,1.3029320116374676,1.450845002889386,1.4484998882655242,1.4477036164904735,1.3265632703335555
W157,0.4431580004092581,0.45197685176825814,0.44977204730880566,0.44896170101151756,0.48182004233954323,0.6163857620390598,0.5699117667476091,0.43384533546866705,0.4560575750028645,0.4431580004092581,0.44491009329750575,0.4456923441774032,0.6425542559186876
W158,0.5317465923658078,0.5933803152417644,0.5704165350569024,0.5622511282361725,0.7264607578954845,0.5483876920860802,0.578932475865225,0.5464023598349415,0.5317465923658078,0.5349618139123984,0.5383919317015303,0.540507877306743,0.5334932508489763
W159,1.118879895308389,0.718557349442671,0.8059724930441708,0.843913462017769,0.4592249419658605,0.4224344049172188,0.5387364585388738,0.400595271858509,0.35704923592297866,1.0851006854986638,1.033396157457855,1.0047423934181052,1.118879895308389
W160,0.33209069959097925,0.3653980973389377,0.3565412648715931,0.35317108630255584,0.3505166038884263,0.3305046484206481,0.4245527210870522,0.33209069959097925,0.3263057770742304,0.333319170917598,0.33632147133611545,0.3381733347457997,0.45006320787081616
W161,1.1049456819406416,1.0580662112795836,1.0473180375545545,1.0426382215146839,1.10934804417547,1.0889360216441255,1.0111515003740827,1.0649260936327047,0.8272435139568358,1.0150624066827028,1.0192338766970197,1.021806714925511,1.1049456819406416
W162,1.2030630482755917,1.0732820015834776,1.039632215782122,1.0249927731961685,0.9629062628781444,0.8846450106576174,1.220494991036013,0.8837805397758797,1.2030630482755917,0.9643850007377318,0.9685887840234924,0.9730909921809231,0.8835759606251307
W163,0.3782349979053295,0.4210215351849335,0.40923214011997766,0.4052228304341702,0.4782625771085344,0.8096450357598971,0.7298392019425779,0.8071625405925625,0.3782349979053295,0.38158828155774405,0.38516460965055893,0.38737019288085495,0.6792782640236287
W164,1.6088275930262483,1.264925632484417,1.2545372321895667,1.2500178788883325,1.232800371278035,1.4463360703289845,1.6088275930262483,1.5489573416315991,1.5447108773269265,1.2336240703871542,1.2345036005865622,1.2350465588607171,1.3103790012220269
W165,1.9613320085853168,2.0226494725858983,2.022650722886367,2.022651267207096,2.0226549284441186,1.9613320085853168,2.806877673837919,2.2088898203576934,2.086163933377071,2.022654473789106,2.0226539888113844,2.0226536896754723,2.022644016731969
W166,1.5898658095764278,1.2378826471201274,1.3093162090428874,1.3403847031638068,0.9771210934729688,1.6524835612569844,1.2423343619991631,1.5077290453236576,1.5898658095764278,1.5585362932932574,1.5251011148370648,1.5044698504169205,1.7266575408554892
W167,2.5536232819102223,2.2879125951064987,2.348875743697272,2.3754029417544547,2.061341234785459,2.0925652652698457,2.9046001159906956,2.106904207645922,2.5536232819102223,2.5315114496522915,2.50791874118338,2.493363509583822,2.061343688067107
W168,2.852939716228527,2.8379142643315793,2.841359003223592,2.8428584154631884,2.872986120187278,2.822872882107055,3.0937191544971374,2.852939716228527,2.873135142071155,2.851688203097376,2.850353099847704,2.849529540832603,2.7980077638458454
W169,1.939379317103309,1.9653150972186617,1.9593705093202192,1.9567827023193818,1.9912618807351241,1.8193539793204754,2.1095149694949997,1.7324876109582874,1.939379317103309,1.9415402120123937,1.9438453097048418,1.945267145312803,3.291107335433547
W170,0.21125919312572672,0.19297155286776682,0.19255775040714507,0.1923775949377878,0.19850839023831168,0.2018514381911176,0.19468552851640128,0.19563177693305045,0.19116573341254314,0.19131623184452806,0.19147676490931803,0.19157578087196792,0.21125919312572672
W171,0.5307326548744157,0.5106257586591589,0.510009813021029,0.5097886492539406,0.5307326548744157,0.4399795671100221,0.8130418639991388,0.4811036000387452,0.5201363795653982,0.5081622063311116,0.508682904629045,0.5088974266289783,0.5402363352778619
W172,0.3240398422386722,0.19352899492779824,0.19134913206304743,0.19040008764139926,0.20602185044660812,0.23059078833587987,0.3240398422386722,0.23656954833907035,0.18401599662121426,0.18480883262846845,0.18565452873415733,0.18617614814942932,0.24523718441664294
W173,8.52754092132432,8.031403398124358,8.144142856171584,8.193402671873567,9.003257937321534,7.8477358495396,8.52754092132432,8.219800919178493,8.631668189162571,8.485782412156187,8.441321572277035,8.413940571145305,8.941390223407852
W174,0.549095734310553,0.5916450746905481,0.5763807968366987,0.5721217851331963,0.6762337792783547,0.4810160274222495,0.6332909838933518,0.5628637318654806,0.549095734310553,0.5517516853503817,0.5545844916960118,0.5563316321229823,0.892562420396358
W175,0.4418784354038051,0.20186964974211488,0.21628985672596177,0.222566187466057,0.26575269112250144,0.1735980339077906,0.4418784354038051,0.1925305032194169,0.22359463261177165,0.2599337563770532,0.2539338962745975,0.250487357685318,0.5594815535300383
W176,1.4734488731611532,1.9911233944272178,1.9069830591311516,1.8764337205698218,1.4734488731611532,1.555091532920657,2.4069264852406724,1.4439821590364288,1.6231403111352425,1.653887540400855,1.723465046208053,1.7557280599858405,1.670068377604685
W177,2.8506562093421524,2.7742244077465927,2.793321000304622,2.800833429840183,2.9081838282596175,2.3600751319574265,2.0833392370210144,2.600857826314802,2.1351267769423097,2.8506562093421524,2.838413147539943,2.8312715719133266,4.042340348989559
W178,10.434863349501802,10.738211995099057,10.668627313254909,10.638985576400467,11.042322221826394,11.481090433327422,11.604684043055892,11.526889872604732,20.97742354007478,10.460113303466867,10.490885878564377,10.508741722385812,10.434863349501802
W179,0.387046419227521,0.3886580497046059,0.38828860479841454,0.3881277872440332,0.3902709589696185,0.3722920718337962,0.5500490680356073,0.37877267523867353,0.387046419227521,0.387180672942645,0.38732389035105325,0.38741223238285444,0.3587539252482088
W180,0.43040026318935204,0.3912514368318793,0.3913208810134226,0.391344236796639,0.43040026318935204,0.38793317351829026,0.31496329012756485,0.39588051560154575,0.3619613659961449,0.3915292902623748,0.39146103739804,0.3914378659552102,0.4508577838476779
W181,0.531479550361697,0.7154168959779669,0.6731948833962046,0.6548567772659712,1.361162614185479,1.5218006707593186,0.531479550361697,1.2559672289308161,0.8731669982341936,0.5467775603818243,0.5632836507080483,0.5734180973274386,0.9001453162284262
W182,6.277755201128474,8.140637279190905,7.588603043974425,7.368956851024651,5.753347235743939,10.1455807068559,15.943666117222147,9.943081503812088,10.584765864281486,5.950166184793018,6.277755201128474,6.439618270121944,10.210456634439995
W183,1.9836613003095371,1.9793876818434482,1.9804560587069724,1.9808288824737115,1.928127339515428,2.030690650671621,0.936338760895113,2.0315421709801025,1.4103915101830853,1.9836613003095371,1.9826930351029923,1.9823291621072425,1.5976715469023548
W184,0.26300274896963355,0.1519409559920343,0.14820807949766962,0.14658290753209793,0.1343908666513553,0.16822773172914846,0.10640513789164287,0.14201198015846883,0.12997462952373487,0.14219428966756917,0.14249162135449508,0.14267501570527738,0.26300274896963355
W185,0.15015496408661277,0.16227917446707124,0.16765589206473422,0.16999632474866366,0.17646868831833928,0.18092828102781974,0.15015496408661277,0.19294254717974096,0.14358540502576028,0.18994316675889722,0.1867435130284802,0.18476983563526989,0.4111722877736701
W186,5.213279682648696,4.28686266793124,4.499185664774041,4.591617494739256,3.360247471549342,3.6349030738641743,4.273355727906044,3.5214779370851295,5.213279682648696,5.1360869083770675,5.053744018299017,5.002953710816958,3.67226998986942
W187,4.2075320885454754,3.6348844442204755,3.765561314309482,3.822251493479027,4.2075320885454754,1.7901648735810385,4.4404414440212685,2.8416955903682903,1.8570566201262542,4.1595704534296365,4.106631324779421,4.074220861996023,3.0684706327567812
W188,3.665092980908353,3.0200510515275725,3.167353745698208,3.2315784262233116,2.4732073179869003,1.541631909527229,1.961058848258427,1.7401414506110324,3.665092980908353,3.6111141109558003,3.5535805301860792,3.518116935030528,4.466619467291194
W189,8.761783525833941,8.661765843077339,8.641644022527148,8.633400421975757,8.972728223747014,8.052647678910569,8.581709629093384,9.191762443749031,8.761783525833941,8.587610000556904,8.595052426668333,8.59958955036862,5.899483607220167
W190,2.2202177666994016,3.0202782887638757,2.9683491595680676,2.9466928311297025,2.794358678956887,2.2202177666994016,3.247974445951834,3.4621849135033003,2.6592684166846494,2.813118148806066,2.838653442379312,2.85360588662055,4.828742587945896
W191,18.70457368247932,19.761557484884644,19.855458929363472,19.893886723665197,17.3679911799363,20.172229120784564,18.70457368247932,19.353263931242214,17.636595766104758,20.137915139842388,20.086340087123038,20.0574985546042,17.367931046654682
W192,3.08755975854954,3.794182187478741,3.6775301476386324,3.6266921081516856,2.2214727939952255,3.283899080771401,3.9429996736674235,4.3012196641024305,2.2703661910162203,3.3265474285904935,3.372015091593592,3.4000468094697043,3.08755975854954
W193,4.662934914367078,2.7038555018351724,3.0281959559702174,3.179056976802542,2.6072047495372184,4.71913589587611,8.055052056632302,2.1230588780507187,4.662934914367078,4.450955345824839,4.225325878668464,4.102209003046146,5.485198388565344
W194,9.602724645827971,10.254855059637036,10.104999613472906,10.039835904886294,3.5997480067658802,9.602724645827971,6.846199830437527,10.911635027978122,6.344671332457043,9.656892455363804,9.714708177922486,9.75038727404435,2.514905880062638
W195,2.0100097833194273,1.8679094146328175,1.869034457061548,1.886869500356139,2.0100097833194273,1.7325944067005736,12.565769436614026,5.1339952906439805,2.015089378635129,1.9939133040503578,1.9773785034516544,1.9673002221666298,17.36797657194387
W196,6.347844383479488,3.074462220168703,3.739770481220485,4.064337380515757,6.347844383479488,3.998441656462306,6.531635232895507,3.8396079849840614,1.682052166115166,6.0629210380416865,5.759418621857341,5.57243536144462,6.905748546362625
W197,1.9091078597444533,1.9555629704699151,1.9440830742323851,1.9382542951756465,2.075731804609264,2.588862214762992,4.916525206783592,2.4632054705067583,1.5020933256201578,1.9096394467508229,1.9091078597444533,1.9141832802730483,2.505844797583471
W198,6.070804087992478,6.486777729824624,6.391247789693261,6.349696374716389,6.9050543775459525,3.901220347003608,5.701126987562661,5.319532471628691,6.070804087992478,6.105381110815855,6.14228169286245,6.165051104358605,3.122703913853092
W199,10.134175237488991,4.281391101073952,4.2839248901989775,4.2850281235664145,10.134135714135882,4.292451007266853,4.6149600725017645,4.270339938019744,9.085399664907746,4.291529014156922,4.290545596707416,4.289939055893612,10.134175237488991
W200,12.551030534374535,6.230101508795408,6.160782308078296,6.130718910305525,12.551030534374535,6.323155933995579,45.63587020727033,6.536954009871443,73.30330621580217,6.264865660727267,6.202800823906993,6.164577295529215,7.349277645977599
W201,5.001649051082564,16.352847751228474,13.696013174491,12.549606111802236,5.001649051082564,7.529823991348739,28.322583068109015,3.1239858588949962,1.834597874699283,5.923449276581504,6.91158868588421,7.523576043529857,10.512558616346269
W202,0.893938262780489,0.8957975040801669,0.8925633817661146,0.8914136507346364,2.636074100441314,1.0822030689596869,1.1631920391938573,3.65851229553532,2.2969233942260665,0.893938262780489,0.8901687381605344,0.8886643803141087,6.272503955583727
W203,6.916120253732354,6.916120253732354,6.779170830069401,6.732860233586941,5.203488759988211,7.984128282243859,15.760115940375293,8.433515679840749,13.265978954388027,6.367137860143783,6.500969133873877,6.546655815587899,4.336954582134801
W204,0.15288129821484547,0.15288129821484547,0.15266631625864346,0.15259402209902986,0.4486985914197752,0.1653584452546438,0.15191406548509392,0.1678063865560024,0.2664043145836638,0.1520213879479218,0.15223255626481869,0.15230425597653957,0.1737210267665265
W205,7.4721020487148975,2.175398302727338,2.164114681048641,2.1592013041243523,2.126136443695566,2.1211403350976217,2.3438621395983166,1.8902675184615056,2.2345197160176555,2.1302440025866956,2.1346250284927244,2.13732701234575,7.4721020487148975
W206,12.97783931402754,12.977704874769916,12.977735683785289,12.977749096544327,12.977570435301278,13.418242674178044,12.515361549942494,14.160835046158821,46.45255970701444,12.977828110764305,12.9778161603088,12.977808789225637,12.97783931402754
W207,39.645745772449864,29.621160517621163,31.843019943196115,32.76925492659931,20.486623686620767,25.532153482554147,35.2083694626741,25.474953822670827,39.645745772449864,38.776747402636225,37.514736033478776,36.80045305274003,22.972792448665473
W208,9.68860645688428,9.136790892287209,9.037468757863735,8.994045083880744,10.41632389778357,9.061225322972856,9.776280273563918,8.699033744518328,9.68860645688428,8.735948728418709,8.775237523100584,8.79942573150273,8.957668596407034
W209,4.329828814590416,4.619058924191743,4.552881122448009,4.524051183575312,4.907113856845906,6.399814983020686,5.463653881847351,4.273338281505355,4.329828814590416,4.353976412462266,4.37972545487061,4.395602896086031,6.632943080490918
W210,4.284641529857612,4.284641529857612,4.285154488016168,4.285336719914669,4.604264345181248,4.260405158119488,8.776622856841449,4.37348508854809,4.309632718074117,4.286695327955862,4.286248499005415,4.2860710961918,4.482240952596118
W211,0.11565619353484224,0.2289935836509488,0.2261699998182073,0.2243091907757536,0.11565619353484224,0.7311286061237879,0.12322728655104845,0.37543806722275236,0.6275392650870759,0.21769853281905557,0.21500436869376383,0.2160261787628301,0.8507114104648862
W212,4.337787122532271,3.441828250266685,3.4251206588562337,3.4192603930100804,4.337787122532271,4.534957156262135,3.4192472273787944,5.65003904942096,7.5064656652168775,3.375034479104997,3.389970323801471,3.395679755304067,2.646686767282722
W213,6.549294731334903,5.099821904720709,5.0998218992345015,5.099821896846052,5.252991122829637,5.099821928660544,5.671395994465022,5.099821880780862,7.420489842507309,5.099821882775856,5.099821884903925,5.099821886216451,6.549294731334903
W214,3.229331152943942,2.5320921547314317,2.5838157438226537,2.6063680431488057,2.758604021396704,2.7033193958633057,4.148016569092492,3.229331152943942,2.307667845389153,2.739647624709299,2.719443124697795,2.706989235226169,3.9310458247987303
W215,1.5913723199265113,1.8107576440731032,1.8365807314890337,1.846682509420134,1.6981785677459393,1.5913723199265113,0.9071641157935578,2.378400075111584,1.923505205515554,1.9141031307375427,1.8972117210332047,1.888426631778979,1.2743245929139986
W216,0.7041557848481076,0.9767222442822965,0.9636047404571888,0.9594771188175668,0.9327867096954526,0.6998556090106323,0.7041557848481076,1.0396892218049556,1.2334184514199318,0.9360906096626052,0.9400799059793965,0.9423671312074914,0.8404756437186883
W217,1.3553673203441683,1.3315884635614779,1.3304516308169534,1.329956743658052,1.3279162974522458,1.3325921688487634,1.3365505039372738,1.326628563563861,1.3553673203441683,1.3270418068488938,1.3274826273320364,1.3277545353681455,1.5243078425884398
W218,3.0436712917135846,3.05042341056969,3.0487354328391003,3.0481171462426198,3.1790018512019955,2.9112791401130087,3.0098367265570944,3.087376035623226,4.626555400042419,3.0436712917135846,3.0450256435178313,3.0456228451156155,3.357008346007036
W219,0.04297911162204255,0.06305892364878056,0.0584576567892735,0.056454420334256364,0.08313469732624683,0.06921003998763556,0.04297911162204255,0.0447118744227435,0.04794759358345748,0.04465258356321828,0.046437635028355774,0.047538645068622876,0.05539228037093451
W220,0.00041429371113481394,0.0021159496134177504,0.0015852566234997034,0.001356192156441592,0.004431734438507706,0.3837426942128114,0.047886397203157516,0.440430219468841,0.00041429371113481394,0.00034502285242984465,0.00038692935352084974,0.00041593674576022614,0.08905122701066169
W221,3.6582568990535194,3.7526716542728535,3.730985710054941,3.721553867298667,4.197669237445667,3.6582568990535194,7.010589118729535,3.8476469469531795,12.994873396005863,3.666103574015646,3.674477811527318,3.679645253410614,4.84091916269846
W222,7.329169603845134,7.408223738828449,7.388470455250353,7.381736993364875,7.252034415531601,7.4668522253425875,8.348424740422395,7.471281998226707,6.471292792038563,7.329169603845134,7.348057778098241,7.3546753834828245,7.417122148849079
W223,1.7803917692337194,1.613156592426164,1.6210305598290815,1.6242474380182539,1.737341733277184,1.2848407777800057,1.7803917692337194,1.0853259026467748,3.4256391483755873,1.7592025219237966,1.7300274464518497,1.7131904533461244,1.0721020863547912
W224,2.4000349152163083,2.97368643312057,2.9130433024422704,2.8866330659373483,2.7088472631983067,2.4132648107985313,2.4000349152163083,2.554757015195128,3.237968903710606,2.7309384627271256,2.7544987484954992,2.7690286205792276,2.257638565704425
W225,5.025062506643462,3.935983551173356,4.281772995741239,4.431418606253142,2.392457599717347,5.424210655158203,7.456693520412745,5.025062506643462,3.752662262019741,5.302206559534185,5.171669759094395,5.0909493863692274,3.534166971514665
W226,2.362770461659933,2.6299390424590388,2.1662182236560117,2.0138737257916444,5.6300534836100375,4.804173333270647,4.343194199134186,5.238448702577105,2.7762734396782363,2.623285191560488,2.362770461659933,2.2364124296641292,5.630053654534457
W227,5.554686876468998,4.356987452081499,4.368514986373457,4.3726676380583935,4.407226534524713,6.008921440391334,9.142579108356584,5.554686876468998,4.306584917597532,4.40304617002904,4.393414200648162,4.389189739030617,7.349979204110962
W228,3.4368295124909896,4.205907785288109,4.029031502329074,3.9565362238481767,4.9821553265244045,5.076528548753329,3.963606307014393,3.4395562397390216,3.4368295124909896,3.5006482590688948,3.5950047669966496,3.6435648984223,5.542994974945057
W229,8.073519964723213,4.499105855108668,4.337187106446182,4.266753651990398,8.073519964723213,4.200454018362146,6.150208065898828,5.207835154656566,5.3862257004656575,3.8525490499388177,3.915116397435576,3.9537221649221146,3.796230790431601
W230,8.936707162565801,8.909932285673154,8.903824793797185,8.901169194991454,8.936707162565801,10.306133935139918,11.685301024920216,9.963434105125117,8.883359123826711,8.885565854767458,8.887921303828627,8.889374947041079,10.622662913812508
W231,5.0070074185784526,4.482216664981699,4.482514003511702,4.482615041015798,4.393953061647789,5.0070074185784526,4.496770128487903,4.690811854939316,4.468235282617996,4.48340750948057,4.483120658297554,4.483021364261451,5.078267931433973
W232,6.921852368334447,5.620506417248649,5.604225577441645,5.598749987886742,4.860053837735559,6.39876105541349,6.103678684083091,7.2491625727328115,4.835926551768762,5.555366584088053,5.571367382637791,5.576799613901935,6.921852368334447
W233,9.644583267098582,10.308293093096308,10.157636441086648,10.091781557365945,9.644583267098582,10.995270651910758,7.492448978919378,15.030707178002679,8.681890416676051,9.700520671042074,9.760063490550118,9.79672409720451,14.04341120230182
W234,12.09796839605909,11.388417274477302,11.446304492303813,11.471545081447749,12.09796839605909,11.137290679457395,14.735968736732923,11.64193832648643,15.60857278531172,11.620720211804517,11.598105277726459,11.584165728568667,12.602977393326665
W235,15.852609578497088,15.134142456317882,15.161705084817006,15.17370167193149,14.27927050759094,15.254348716485405,15.299940175467336,15.852609578497088,15.013762123143035,15.244338167059333,15.233658644927111,15.227070793988117,21.826787316689895
W236,1.7925869263664056,1.7925448947220017,1.7925352624683362,1.7925310690483407,1.7925028630647772,1.6593676596175686,2.674212964611839,1.6593683274894078,3.7412295943252016,1.792506365703207,1.792510101946206,1.7925124064738944,1.7925869263664056
W237,3.9229169728444555,4.374443648870998,4.236350242392688,4.1797430771144715,4.715751897497562,8.244315894768654,10.54740984947189,6.533965882817946,3.9229169728444555,3.937726187144338,3.953523882064061,3.963268343644375,5.51845637283429
W238,13.375980888028879,13.386648490667973,13.384185545988986,13.383116694747098,12.651282316550466,13.397523043621245,13.53421735451754,13.375980888028879,13.043125086373278,13.376861945924482,13.377803350495832,13.378384828112209,13.139872660954927
W239,6.650008322785046,7.881621021046834,8.16250173144446,8.284624945636669,6.650008322785046,9.103555989954556,9.427188722187266,9.229122443994193,7.476552765939934,9.002097133875676,8.893797676143366,8.826960143210378,8.866071927187775
W240,5.545592039144395,5.545592039144395,5.545841475549405,5.54592730686257,5.287501872366644,6.4943058117750345,5.467966469961063,6.8395402893294115,5.53379315768363,5.546590670016571,5.546356725260244,5.546272623812855,5.55773094483851
W241,2.675348754945841,3.893668982984065,3.7125900211268394,3.6365507595302002,4.187964258340651,4.459921869044207,6.098527075307705,3.098533969565539,4.676036566529506,3.165290871122981,3.2545698327028374,3.30500501783901,2.675348754945841
W242,4.087922781306695,4.266095477279258,4.306863691053593,4.324604879866001,4.443821127929103,3.8421108596642126,4.083524147698385,3.680690325784547,4.087922781306695,4.429027687034473,4.41324420405925,4.403507141546357,4.007536230739698
W243,4.239807323362728,4.441833395747156,4.534364557113339,4.574616839054903,4.15135195087996,4.239807323362728,3.5799150113402156,3.7241226392032463,4.8448699443237935,4.8113564623001235,4.775593229286655,4.753526824766947,5.428713228074336
W244,2.8870686977554083,2.7191479089963675,2.745833966689381,2.757454384458695,2.7845654204691304,2.602796763233348,2.8870686977554083,2.8356570475595717,2.948987276951182,2.8259419192118562,2.8155800597246516,2.8091894510870214,2.784581695984673
W245,5.180860215363486,4.671242739414063,4.660605599462652,4.656342827614309,4.159733770668728,7.631660464427246,7.573993502163097,6.625113130219873,5.180860215363486,4.628689253690235,4.635026990873758,4.6390578625942736,7.79636326966947
W246,9.416785893527194,14.374579709676413,14.437101970102525,14.464274621915289,14.100000830166849,11.590865509050333,9.416785893527194,12.649155762517363,14.646314784874734,14.623777778852434,14.599716218605602,14.584863899868736,11.214616937245522
W247,4.742827456800563,4.740838061579359,4.741294516352344,4.74149313227776,4.742827456800563,4.488453505320541,4.161348241400264,4.5552845915360525,4.738842417141508,4.742661912376614,4.74248527935668,4.7423763068973175,4.425584102457479
W248,2.1267527958910697,2.2717893003492797,2.1968629984270995,2.1825644972415357,1.735706295294965,2.5962887248597624,2.126480236679985,1.9432817916140794,2.2347589068599403,1.9708123027728852,2.1109566982070236,2.1267527958910697,1.3750385375974332
W249,9.985448432183915,5.363267482287324,6.442319972561132,6.896981968239088,3.3771515573426862,2.9707916596064,10.413390025200796,2.924922008167762,9.985448432183915,9.608689217438728,9.13854473341497,8.85873607162492,3.604015876969132
W250,1.280006800368932,1.0108218257313597,1.0111514105309685,1.011262183442804,1.1021869599249718,1.280006800368932,1.0742885662806592,1.5756786426252234,1.202808407007282,1.0121385375760312,1.011815587897354,1.011705875564849,1.6295523310695912
W251,5.81799492321826,5.675052467085536,5.723867100327659,5.742464608390372,5.888266252268743,4.0549887411957695,4.681591335343662,3.8558529896159404,5.462368387902463,5.870478155676881,5.83551276824892,5.81799492321826,4.527193851018426
W252,0.31712406199510995,0.38664638551150865,0.38933247965161616,0.3905684053385458,0.31712406199510995,0.5761111745360243,0.5704172377230685,0.5577961931142847,0.39656837850372184,0.3994878947169876,0.3967484850299218,0.39555377441700096,0.46820674653528543
W253,0.731927171724289,1.1438553515319665,1.0296574750997265,0.9861470678272557,1.0034826780481325,1.0829325298545178,1.1587956658709542,1.055541744117757,1.7636431187568329,0.7610732847779075,0.7921808496508889,0.8113771607974071,0.731927171724289
W254,0.3589413520158255,0.3595619195888146,0.3591144381264716,0.3589413520158255,0.38105288210998306,0.3182868706122877,0.48403607688597866,0.2727863715356363,0.3380941650134624,0.35777205417319763,0.3580759440675571,0.3582410163419818,0.5063714837228341
W255,1.986176149466399,2.0137725384169523,2.0074492833707613,2.0046962719719628,1.437913497368743,1.88054480383467,2.0413585428884446,1.9253356278756333,1.986176149466399,1.9884762453207872,1.9909296641090364,1.992442900420762,1.1908921731800273
W256,5.267399093706629,5.267399093706629,5.222580648460724,5.20749863684673,3.318880094475148,5.3307860238259925,7.6339549258359325,5.90002969265507,4.278073253751998,5.087849190460403,5.13201049664943,5.146994683678391,10.607799525938049
W257,8.211432819518857,7.819108120227471,7.857028984656107,7.873546724981815,8.211432819518857,7.626814289372093,7.745354770084364,7.9847874335603395,7.512247719001769,7.970960440040923,7.9562153368057915,7.947122601767845,7.653967910751613
W258,5.056634000680708,5.648406948947981,5.671023891511682,5.680867703097698,4.9371355629375095,5.549620455393724,2.6789885398266593,5.747039977125532,5.056634000680708,5.738826409862437,5.730063875485663,5.724658510467706,7.0131304758982855
W259,10.670282133591705,10.670280450145283,10.670280835935099,10.670281003889404,10.670278766698813,24.920277105616247,27.950530319130557,31.93708716014773,10.713256884090189,10.670281993304501,10.670281843661,10.670281751360362,10.670282133591705
W260,53.79487829680504,22.14145680327277,22.54636376531589,22.717680568618196,24.923804584309167,32.0594911044505,54.63058434513171,33.28994035919937,53.79487829680504,24.516873688647646,24.077654133483698,23.804045433041395,21.422038041994963
W261,1.1878394928266514,1.1878411820577202,1.1878407949422565,1.187840626410826,1.1878394928266514,3.2219515595203694,2.571751112938191,2.702598334995729,17.001044531568617,1.187839633595904,1.1878397837536103,1.18783987637142,1.1878428712888236
W262,0.47403772698818636,0.2663729893538583,0.31031747148297945,0.32627423951787937,0.13485028514830605,0.30285639536622294,0.47403772698818636,0.45829786298555875,0.22256416531192713,0.44228754781390794,0.4061030909959,0.3897381777074742,0.32992938781494796
W263,23.36657424772681,22.16158816125325,21.981447819364455,21.902869245702533,22.94193405812347,19.662638859207984,23.36657424772681,21.039784222097616,21.371883990368357,21.43805482529996,21.508565860211725,21.55201979951251,14.406788608041342
W264,9.28200216381994,9.45654443387236,9.416486417149182,9.399058013763174,12.000814968593723,9.631753603697286,8.766987194565171,9.28200216381994,14.439439207358944,9.296521986954957,9.312015268896465,9.321574192338609,5.976828506856116
W265,10.568801361446388,10.610309335115366,10.599933237502682,10.596191912345287,5.806852724072521,9.819478703918731,11.107659904157417,7.797346144319466,6.003265617435466,10.568801361446388,10.577484121994289,10.581110645300926,10.11158285011618
W266,12.916813072487837,12.681199193501328,12.735221807887708,12.758735495783133,12.916813072487837,9.383393612730362,11.730311804252395,11.201053714058476,12.445270884391812,12.897190588801893,12.876256998374464,12.863343848556475,7.896705346218136
W267,16.578262489744887,16.674353814425785,16.65032349721021,16.642181236866065,15.526549932717494,17.841825089346468,23.28455205426016,17.8928868758731,17.833649425092077,16.578262489744887,16.601478532383023,16.609469565130883,20.133312679928256
W268,5.950916561274641,5.464921692981999,5.542037121481904,5.573437259182279,9.77375344632501,6.329387782422742,3.076936251620731,5.950916561274641,5.127722959346102,5.904503320506413,5.833555072890794,5.793786449437845,5.6135034773928965
W269,9.575252595327356,9.575252485001801,9.57525251028473,9.575252521291706,9.575252374676175,11.193199490854159,9.903185452975798,10.042557201717615,11.243107143856342,9.575252586133594,9.575252576326564,9.575252570277646,9.575252595327356
W270,2.6470046572664008,2.6470046572664008,2.644818564829652,2.644083513733595,2.752434370325797,2.54254942028937,2.965486303756861,2.5228447163024357,3.4256216936022668,2.6382628253241216,2.6404089757325737,2.6411377620828773,2.470544809332569
W271,3.2053591719594654,2.200737133130133,2.1945955717947543,2.1919220213759263,2.7839899771318137,2.173942052551623,3.359261168242658,2.2275437848450013,3.2053591719594654,2.17617453396693,2.1785559969498633,2.180024937196186,2.2544474358228315
W272,1.5399029206055594,1.5083615839137618,1.515590168832755,1.5187370807997707,1.5425898955366084,1.5399029206055594,2.3222726835324106,1.503487749231463,1.6300659723119986,1.5372746351386815,1.5344710263680708,1.532741734046791,1.7678864178222307
W273,2.3767914650435324,2.2583894398611366,2.2468667717964386,2.2458889805938114,2.2393116241009126,2.3180348614643034,2.4692728673397495,2.271584152090082,2.4082945616867475,2.240128451036173,2.240999740939415,2.2415371481413686,2.3767914650435324
W274,14.298000111428161,14.214365170777915,14.216120940285215,14.21671124785494,14.072845115665547,14.12941550478175,13.075897458072443,13.631868378382173,12.971825139054038,14.221384825992732,14.21966181803741,14.219076671097122,14.298000111428161
W275,13.424346035286888,13.297712286572061,13.32674836992892,13.339386374742606,13.424346035286888,13.559213653419677,9.3988137894384,13.170903086403532,10.085224065861064,13.413800161668949,13.402549531030457,13.39560937947168,13.629104054683339
W276,3.5130253920074925,2.7439956047544567,2.743995672169826,2.7439957015192262,2.7439958989305895,4.0232502842580695,3.5130253920074925,3.9745648707320758,3.025790441979665,2.743995874415907,2.7439958482662594,2.7439958321370552,2.743995310578302
W277,5.1355789847023985,6.054559733901989,6.361534863980521,6.4956245339998455,4.731541669283212,5.001461552840212,5.1355789847023985,5.021515496443683,7.478280962146784,7.351863628976564,7.217240857796021,7.134321009383927,4.923321108417448
W278,7.77541084851691,7.70152621649825,7.720000144618884,7.726451960692013,8.58619229741479,8.920220434939989,6.812605126160943,8.248176096442814,7.977343428685946,7.77541084851691,7.758707661960916,7.752413169179453,7.146566099753972
W279,13.290083155045224,13.170409299624913,13.198257910446001,13.21030281233638,13.290083155045224,13.789860866192777,13.49359559614139,13.252739995690174,15.380101523001871,13.280292470718535,13.269812528493791,13.26332975919854,14.026336117837912
W280,0.8912477771868413,0.9492808293945822,0.9318675873346801,0.9243793994186091,1.0253118292052072,1.5119790283412635,1.4687693993293836,1.5138761218780814,0.8733245551974929,0.8796513934578731,0.8869493412737479,0.8912477771868413,0.7266045118272397
W281,2.203481329410072,2.6094014827506165,2.1888071113493774,2.0854668682827593,5.213589509012526,2.2507379323464756,2.203481329410072,2.211117458851055,4.729610719213417,2.1380440675820225,2.068009414379553,2.030141173702013,2.3439718365891453
W282,1.7319714225581138,1.2638350091831114,1.2699896266563473,1.272668313476001,0.9557267410922712,1.2906742076201438,1.7319714225581138,1.2369508480256035,1.349411445248021,1.28843932272752,1.2860550410476244,1.2845842309778672,0.7518679137950218
W283,2.6122093665995485,3.4060814457800133,3.2059633183926497,3.119134766922843,2.6122093665995485,10.054444645099657,5.106109516477397,3.330389106453694,27.175383302863537,2.637317846809751,2.687637969455054,2.734849947974047,6.385240103522956
W284,4.362614545830049,4.385007884033971,4.379413208860738,4.377198068739603,4.113781277122818,4.650594302286391,1.513161197729366,4.730841959816363,3.4078988164772714,4.362614545830049,4.366116637548929,4.368219252239472,3.161818362261242
W285,1.9664821935693497,1.7681480240296816,1.779755411341511,1.784808119924935,1.9664821935693497,1.724791223073674,1.8187845983826798,1.7174755348072457,16.87449084266741,1.814566255723001,1.810066300204625,1.8072905704627427,1.9664822190841345
W286,4.484657642856519,1.8267749908821196,1.8023192964596222,1.7934882638066252,3.0505163542451497,4.865848422408606,1.3790944710918758,4.484657642856519,3.0261646164985754,1.7289072507596572,1.7493184481766257,1.7578799295524552,2.6050733306180294
W287,6.304666587520852,5.561692267383975,5.7467264232745014,5.820182405083702,4.944777816909564,5.298262394707442,7.5324036195248665,5.222263673069145,4.790576650202303,6.304666587520852,6.188577646836389,6.132866744276531,6.37258680035916
W288,0.692588000639876,0.7985095173177623,0.7936859765855717,0.7918610374331775,0.692588000639876,0.493826812397877,1.1608612043398827,0.8699049199354192,0.6465164044513276,0.779219871089745,0.7827379582573929,0.7844923661110738,0.5111837317255815
W289,1.2075829113870435,1.2594984886863787,1.2406166607159324,1.2323893458526034,1.2075829113870435,1.3416282026469697,1.1769384495252566,1.343959899689825,2.691036290876959,1.1838350055523206,1.191188192562685,1.1957219525993803,1.2075923116897016
W290,5.381562592742448,5.844289248177916,5.827641293727943,5.820391900595339,5.855784680148057,5.7716042674175645,5.381562592742448,5.845390003255418,5.938865776430492,5.777665252036804,5.78412968490695,5.788116566792826,5.855793164907371
W291,6.079392145138385,6.079392145138385,6.105816396690016,6.114699584081093,5.176917647142257,7.967339253342461,7.333670974076173,7.482486034443101,5.963901275189968,6.185013261697286,6.159094068065403,6.150290818758153,5.756915571331846
W292,6.535716863119975,6.262304967489247,6.325103847393214,6.352417030982982,6.535716863119975,6.46648360359018,6.1516402881187116,6.351443097051014,5.987280002576222,6.512993821313897,6.488743036605846,6.473778757108252,6.301389506816813
W293,17.7802731508544,20.89769334326522,20.985655205891156,21.023234733796055,17.7802731508544,20.523564978502996,14.89519494067685,21.279618414755134,15.601440432094407,21.247979510120953,21.210418121273783,21.188632788935777,13.231269631901082
W294,26.26277488773508,15.715212666466153,15.359530442956876,15.20403378409376,18.157148226261775,17.24341200032776,26.26277488773508,17.24341214927232,14.147730635987118,14.279897324166734,14.420565642406945,14.50716974472459,18.157102840892218
W295,4.118188589701281,3.055011515108695,3.195478630134554,3.3032769525940067,4.118188589701281,16.16980746290694,12.087890488718749,28.779406457813707,3.5632067934472116,4.017338038630215,3.909653332433552,3.843177415953198,7.791131060192119
W296,14.010120094510361,14.085437458256322,13.950219970106822,13.956321093600298,19.738279470609648,14.010120094510361,18.32897154501654,19.93057912715656,19.84519475450416,14.00222639037276,13.994186468742264,13.989422860717276,15.56366401104433
W297,18.640767687079627,23.74381233433313,22.583836242380293,22.072801646997846,28.59076772142357,30.218021173153275,30.50477586148369,29.42579848869718,45.95932551989632,18.985194587546815,19.46084707387736,19.75266275858445,18.640767687079627
W298,18.44029869302657,18.25355627934389,18.300251401159585,18.317319479069504,13.934213567699997,16.40749246545817,13.573942833342825,13.523804820392108,18.211735002658536,18.44029869302657,18.402647133806806,18.386158573192656,20.48709141341294
W299,16.79160128713346,18.626926939018844,18.213826163152234,18.032642975917117,20.777963808470716,16.79160128713346,20.666773262581657,20.787086154220123,20.68117529063603,16.947916145698695,17.113948532471017,17.21599828162009,17.825691048782552
W300,18.835594233831067,19.900162583983594,19.657017054060187,19.551009616052905,21.20913383020881,20.56062329830378,23.078572746357803,18.835594233831067,27.789376150739336,18.92465817699656,19.019592950462012,19.078113300598748,18.26654274526441
W301,11.443318586787907,11.51980443801553,11.500672994667745,11.493679829298452,10.608937802668535,11.426335400730657,12.700042497619716,8.578476570837292,12.446017338605385,11.443318586787907,11.458727342763035,11.465480182880077,12.351735579820646
W302,21.294644680889647,21.15635746866382,21.188074741550878,21.20187803904528,21.017775131525593,21.775273758377356,21.294644680889647,21.017775130379157,21.74681282083512,21.28313227507175,21.270849729544725,21.263272615459037,21.01777494708295
W303,14.355026033344584,14.293327967426695,14.307467556861303,14.313623172640217,14.231625434886345,14.964256193363848,14.355026033344584,14.231625398342743,14.827390692562345,14.34988472783115,14.344400486926165,14.341017766911666,14.231625079968222
W304,23.83044311759308,23.830443225882235,23.830443201065965,23.83044319026216,24.499963402656267,22.311312803041584,24.698630241840355,23.830443334171342,25.945214370996684,23.830443126617165,23.830443136243122,23.830443142180453,23.83044311759308
W305,15.573955004538037,15.52026014832853,15.522753363864386,15.52375444827355,16.049387721343216,14.865039408715685,15.50604476647363,17.292609644439352,15.03124904259619,15.528654117783432,15.528019618318122,15.527609711641032,15.573955004538037
W306,21.029872902790245,21.029872950771175,21.029872939775572,21.029872934988582,21.029873033523167,21.06933457513965,21.55911042165083,21.02987299875216,21.305516135728762,21.02987290678864,21.029872911053708,21.029872913684475,21.029872902790245
W307,14.152449742656586,13.615424445933755,13.008338261804052,12.825530420197051,11.792093474780598,9.945186136883871,11.64682482378724,11.123990519413987,14.152449742656586,13.90618920774708,13.64292874264909,13.505797747819686,17.949472142725647
W308,17.87624865493267,17.87254856223734,17.87340546549359,17.873776859295162,17.86874750986376,18.68963604634722,17.87624865493267,17.86874753076019,21.85043567345338,17.875944202497884,17.87561866277023,17.875417466544626,17.86874866667343
W309,15.26856851512963,15.221194185946935,15.23303905237889,15.23731603443441,14.65166104644683,17.61722652627123,15.851416883766662,14.459961716842534,18.37626116145568,15.26856851512963,15.258699269818731,15.254555859202219,14.459961463164465
W310,12.878282673994152,12.52871251002988,12.609055873908288,12.643991410816879,12.713351008055914,12.176638464996532,13.701514490598493,12.9073410226464,13.123350756128357,12.84925684191267,12.818272223187034,12.799149833610347,12.878282673994152
W311,12.71395142622628,12.748067780207553,12.722605750718133,12.71395142622628,12.807336033220066,14.961397914748717,12.461937727314707,13.1131459862085,13.13183075294089,12.64651978883434,12.670766665959436,12.67922271406475,14.612948745512657
W312,15.145697600111433,15.655039437033208,15.527836959334254,15.47347302199431,18.699350327409256,15.099324785812792,13.843482321196493,16.20901897368932,9.962893147750306,15.145697600111433,15.201412026060165,15.233098034429608,9.072927752141894
W313,13.04783705199072,12.8683619358865,12.908966480366256,12.926741009605545,7.068573755691482,10.480836171754863,12.694799699118597,13.04783705199072,17.249281644469075,13.032652973521799,13.016502040891641,13.006563655074865,18.35757557818419
W314,9.324227479746401,9.356562882118387,9.324227479746401,9.313290583348875,20.11086917187971,7.923155701025222,10.906273132813725,24.96317653254837,41.73627766604588,9.22721074551223,9.258603094156026,9.269538139774552,8.123077171019059
W315,11.741877643584981,11.750438674876824,11.472328460574465,11.413732733087544,50.04674000274786,36.386910665246305,11.741877643584981,13.739672832239588,14.859733050971826,11.652745216507244,11.58931088444878,11.55042911678799,22.30241180714148
W316,8.19739819324947,8.460460451361818,8.377595399958333,8.333299056981483,17.73043282147183,19.463893411200978,13.514136478081253,21.11843017959319,20.713146575704897,8.207077172556103,8.19739819324947,8.217761630866297,7.606585225950472
W317,10.599123812680403,17.026721590886538,15.449226787331622,14.775406698280285,26.396656131355968,10.599123812680403,26.706675571581822,13.472196079320858,32.388793376697016,10.956112696015326,11.517904233977431,11.867157602356894,26.02013206124174
W318,10.043165131690957,6.457896811573262,7.110365710017318,7.453874045103046,3.7982696582162983,12.225503205704642,12.65839097269564,21.901698263458826,10.043165131690957,9.724611491947972,9.383880642234399,9.173236706579885,4.825688906502869
W319,9.908351615643515,13.153604547667383,12.212891818442078,11.802600788602975,17.222516147758842,11.465135839339741,17.603778932276374,15.609813767359265,28.430021772609056,9.913132652086524,10.034623751517072,10.153619502191402,9.908351615643515
W320,23.714970835210693,23.90980330470348,23.8610901961646,23.843449405009125,26.253927996508814,46.37968959023128,23.271482149079077,19.98389989328316,26.561779304837373,23.714970835210693,23.755251957915444,23.772331107659866,43.78689098762228
W321,12.21614807116326,11.981449599627132,12.035348953262776,12.058792859190232,12.21614807116326,14.77723225442609,23.858865851374553,11.669465197163971,11.745451878345662,12.19663917417976,12.175819296899936,12.162972447801346,19.182515035407157
W322,11.786258728817003,11.836016681539757,11.798849129672801,11.786258728817003,10.730705048800829,23.923345736748043,10.520365807565714,13.676358094500724,10.088469978701731,11.687544369740275,11.72336355382938,11.73585957445747,15.37169752552645
W323,20.971029400892398,14.920690981117362,16.046803560420543,16.53585947802358,20.971029400892398,11.025605566167872,16.281673396998666,10.962497938043438,12.386263486276208,20.27989844094384,19.603176706574573,19.208502292334725,15.363269629348359
W324,18.687226775504108,19.101169933314615,18.955770854987705,18.902477787253602,19.732519189882087,18.464792956433445,17.92101614520112,19.73251922404473,26.57444119067679,18.518011814056752,18.635490040945037,18.687226775504108,19.7325190846567
W325,13.327699731887845,12.742312089881066,12.879987942453793,12.939264956573847,12.11637044386547,16.20692640835372,13.327699731887845,20.887873933996033,8.166960090684205,13.280428224467,13.229704385310898,13.198263091011334,19.629851780066506
W326,19.096021829945688,19.062672507469948,19.087581658502277,19.096021829945688,19.121934998783026,22.012371099738118,20.1119685463739,14.099511900748436,38.267223072372104,19.161416419477735,19.137964681611326,19.129766763996173,19.390275863580186
W327,9.870758234457387,9.810483105640895,9.792718267573264,9.784982673821348,9.734184830912424,9.870758234457387,10.209917061982043,9.88757709285433,10.320823583272265,9.838701669215125,9.80422079331953,9.783026882241504,13.105252082992783
W328,20.845510943308724,21.780908342383594,21.566928008027656,21.473699362332606,22.069076587788583,21.42956125100793,22.825214952092214,22.069076567665213,20.845510943308724,20.923623296305422,21.00691327795364,21.058270278159362,22.069075959872418
W329,18.144561005301338,18.665917720284536,18.517937303993495,18.455753343184888,19.310419674568855,20.271457681219708,21.519482596446124,15.378830446249259,18.019428144515356,18.07337676436593,18.144561005301338,18.184064802270463,18.998044876025364
W330,19.812105136968224,22.66583189347864,21.95109548997072,21.637520934962236,19.46430725069393,19.812105136968224,21.598559956854483,19.46430720345786,27.391919455725617,20.008526242538853,20.217018460990293,20.345082123577026,19.464307105915786
W331,17.872314855744296,17.872315124998515,17.87231506329437,17.87231503643139,19.008869882230588,22.897124613417898,19.6000957667696,17.872315394252634,19.20135882148873,17.87231487818214,17.87231490211642,17.87231491687919,17.872314855744296
W332,18.059304804795083,17.784706244842813,17.788838747922288,17.807844450819957,20.11672629810594,20.56671802023926,20.589894791867614,24.926384685241736,31.511644664882958,18.059304804795083,17.98918667939427,17.95448768220001,20.499640797849445
W333,21.44357639733424,20.075626793538746,20.38957461799909,20.52616834576969,18.702621930415393,19.112228635176194,21.44357639733424,18.702621886371386,23.08923824888459,21.329782318997047,21.20835769733796,21.133441482783873,18.702621220246787
W334,15.3368063038753,11.890573634272874,12.683492790538184,13.028162497244095,8.801125959587374,9.265850733675371,10.962916744228997,11.564371728000472,11.263516747056427,15.051119777530552,14.746048624539846,14.55771260028326,15.3368063038753
W335,22.47423171352466,20.146678648061105,20.51467113973452,20.75482551902917,22.47423171352466,19.862786809978658,17.76097029990053,14.761460751187666,37.50190092665167,22.2610284932209,22.033505251267428,21.89311691371997,18.914810495553855
W336,20.196342565562855,20.284208147588757,20.26411337625506,20.255357439136734,20.37160815112672,24.872174820952146,20.196342565562855,20.37160815902271,22.169791901866887,20.203682450170206,20.211508306752364,20.216333492517386,20.371607749118464
W337,14.317187590492598,16.316174917187087,15.709002602545425,15.446722785803319,14.317187590492598,19.045213474281965,18.192305693927665,20.89865846086008,15.8243886276712,14.45505631209041,14.60262274408424,14.693902179947758,22.49546647810096
W338,20.61695394555061,20.617218812719784,20.617158114031056,20.617131688737082,20.61695394555061,13.104556137702438,18.303597710924482,14.138491300959966,23.871229935939198,20.61697601783184,20.616999562197286,20.61701408444198,20.61748367945921
W339,10.018115666186945,10.32677015091776,10.256059611151839,10.225271278109938,12.97696064439397,10.635151718133763,11.473890189872133,11.46462203169225,15.324955857175059,10.04384640295475,10.071291391649895,10.088218602072988,10.018115666186945
W340,12.13298081888618,14.03708966124765,13.274458635535508,13.038167319047858,18.091132518658807,14.976477775762506,16.39824328497198,10.895204398271652,23.629624893019276,11.098719601745804,11.867716896449487,12.13298081888618,12.547734614263772
W341,15.76962401239641,19.65996759348049,18.627200001275394,18.182929019285666,25.620278129526948,18.111485319350333,19.333334602177153,15.76962401239641,25.16508098506239,15.949524799791675,16.142579328000824,16.317478430131537,15.497182005491622
W342,9.704395471676815,15.048443139842135,13.670589107166373,13.14068404361498,21.83126446315403,14.829392695077631,15.784501052642963,15.94458459304676,9.704395471676815,10.094372138795238,10.510055042492427,10.776017094679805,26.43240015249553
W343,18.77434583136451,18.774345924148705,18.77434590288566,18.774345893628716,20.177639314970648,21.336138673025022,20.15778943374521,18.774346016932906,22.473962911425637,18.774345839096526,18.77434584734422,18.774345852431434,18.77434583136451
W344,18.439597301058512,18.45273147584407,18.449720561216314,18.448409939648062,18.439597301058512,21.840040994158603,18.408699525798447,18.465876977185676,18.536068155280322,18.440691383579583,18.441858521317197,18.442578460484395,26.194651536449193
W345,17.765717005810192,15.811371442647001,14.993441289560513,14.865904582403534,19.688197548262217,20.339475358886233,17.765717005810192,20.17200396204068,27.474295129752164,17.27325253042497,16.756079561350802,16.441178299680324,21.353016283100462
W346,18.785381776240772,18.68720599277099,18.709756348663017,18.719564074168336,18.785381776240772,20.43763001822769,18.58844415713751,17.538588898227488,24.560078553599872,18.777222828352865,18.76851524686834,18.763142073555006,18.857482220772393
W347,10.782143137250067,10.681787734021208,10.642093531416599,10.630456623552572,11.890777722577136,11.075749439483069,11.38376914824421,11.346888544872746,15.831127267851366,10.76254783019613,10.741642371395502,10.728745944051276,10.782143137250067
W348,21.08438372667974,16.139438632381484,17.072489485066264,17.473081254930808,21.08438372667974,24.67496755090389,15.197330279794649,15.77271954082301,12.907494028526848,20.55930663920748,20.096908137901927,19.809957165759112,13.870318616800246
W349,7.96554365175621,5.7794923705373185,6.205935029173936,6.392319005524362,3.9554132492356016,8.956535604559274,7.96554365175621,25.222026761028225,3.28799794347251,7.764510697454807,7.550550721859313,7.418826083892495,6.919820959905232
W350,21.592279863793934,18.687820997490537,19.356007966082917,19.646483278118684,13.278879032696592,21.592279863793934,15.460032073348213,16.002795203238545,41.08517487566604,21.35149646970323,21.094369691275723,20.935631134683064,12.51906863867934
W351,16.0260522730099,15.87075965776093,15.909590939744483,15.924868688936014,14.519042640812552,17.72826251952789,20.7971358133236,19.456470167726998,19.234382680883236,16.0260522730099,16.001244840327374,15.986738439208883,14.51901408060777
W352,6.536349099075285,6.714393579822674,6.64054602193844,6.627094195238979,6.536349099075285,6.673937910661905,7.348140211806344,7.057487682275128,6.943388556716276,6.547642598573253,6.5596816626681305,6.567103446260636,6.825174892483397
W353,21.70347053398113,19.757192452025198,20.20396166231538,20.39833032405691,21.70347053398113,18.76536554412961,18.036924119118265,14.217197096910189,24.747196415605266,21.541617222047293,21.368898595846094,21.26232922196516,17.023493129202528
W354,24.47335186666433,23.14169495951695,23.341410696932748,23.456903906876775,22.263359440682567,20.903615057936374,24.47335186666433,22.26335946621757,31.447105361016085,24.34744565377982,24.213040547589348,24.13008727129044,22.263359250077563
W355,47.19106789924255,30.604280477063888,35.173110581363446,37.15278326780474,54.90057737956746,20.086279645468856,44.7945598165071,58.10287987976813,27.271793495355528,53.35594610244504,49.84987164746158,47.19106789924255,25.397704169861484
W356,13.44221295248191,13.688915457587184,13.632523885946096,13.607971813951353,13.484755257025732,13.44221295248191,13.933970551370638,13.484755280016469,13.676788265104383,13.462833679213409,13.484968056697449,13.498573108279501,13.762576936092108
W357,13.89469361260277,11.882906253225963,12.619171069482196,12.876548591312249,10.347027780387226,9.86426339961585,9.692272492489144,9.839909889745366,10.2719283741983,14.814834760931028,14.15929931702291,13.89469361260277,15.079291723205468
W358,18.454844470734717,21.67273383102383,20.555515951314483,20.1812411832374,27.45552912290321,20.411422098894246,26.179781909126635,18.454844470734717,33.57267328362853,18.60272713442791,18.759935846004836,18.856624555583338,19.08757728226113
W359,21.716395741602664,21.716395776963974,21.71639576886034,21.716395765332404,21.716395741602664,19.53351273053524,21.250402558445206,21.716395812325278,25.441194448432235,21.71639574454944,21.716395747692754,21.716395749631555,19.604904114909615
