,ModelNickname,Estimator,Xvars,HyperParams,Scaler,Observations,Tuned,CrossValidated,DynamicallyTested,Integration,TestSetLength,TestSetRMSE,TestSetMAPE,TestSetMAE,TestSetR2,LastTestSetPrediction,LastTestSetActual,CILevel,CIPlusMinus,InSampleRMSE,InSampleMAPE,InSampleMAE,InSampleR2,ValidationSetLength,ValidationMetric,ValidationMetricValue,models,weights,LevelTestSetRMSE,LevelTestSetMAPE,LevelTestSetMAE,LevelTestSetR2,LevelInSampleRMSE,LevelInSampleMAPE,LevelInSampleMAE,LevelInSampleR2,best_model,Series,FcstMAPE,ObjectEstimator,Used Anomalies
0,auto_arima,arima,,"{'order': (1, 1, 2), 'seasonal_order': (1, 0, 1, 12), 'trend': None}",,249,False,False,True,0,4,22444.017531197056,0.03316582554692209,17112.279452309143,0.7867769344364929,455987.4002569851,438059.0,0.95,116985.65359265484,45176.656130526586,0.09586269190502883,25398.090053349886,0.7931423076097835,,,,,,22444.017531197056,0.03316582554692209,17112.279452309143,0.7867769344364929,45176.656130526586,0.09586269190502883,25398.090053349886,0.7931423076097835,True,Hou-Dom,0.06532574345518065,Forecaster,False
1,arima_cv_uv,arima,,"{'order': (2, 1, 0), 'seasonal_order': (0, 1, 1, 12)}",,249,True,True,True,0,4,19757.697963452927,0.034561767532155487,17330.98428096433,0.8347636212313728,460109.3876260332,438059.0,0.95,115041.09558455963,47227.64465979132,0.092618382695133,24889.428448377308,0.773933565426967,,rmse,67335.49012635654,,,19757.697963452927,0.034561767532155487,17330.98428096433,0.8347636212313728,47227.64465979132,0.092618382695133,24889.428448377308,0.773933565426967,False,Hou-Dom,0.07295518161963208,Forecaster,False
2,hwes_cv_uv,hwes,,"{'trend': 'add', 'seasonal': 'add'}",,249,True,True,True,0,4,19257.12244419044,0.03661537058571819,18637.91167724588,0.8430303217237702,450875.2929067922,438059.0,0.95,77246.57842785983,39834.73558240727,0.09592563588835802,21222.256977411074,0.8391698791100195,,rmse,77516.7371181606,,,19257.12244419044,0.03661537058571819,18637.91167724588,0.8430303217237702,39834.73558240727,0.09592563588835802,21222.256977411074,0.8391698791100195,False,Hou-Dom,0.02086444560417384,Forecaster,False
3,prophet_tune_uv,prophet,[],{'n_changepoints': 0},,249,True,False,True,0,4,21744.15456750997,0.04199304623374281,20650.146648377573,0.7998673077738722,456638.8918810885,438059.0,0.95,201068.0071322588,78216.60376421726,0.20109600973373346,48200.466136386196,0.3799290004289334,36,rmse,205878.9497201733,,,21744.15456750997,0.04199304623374281,20650.146648377573,0.7998673077738722,78216.60376421726,0.20109600973373346,48200.466136386196,0.3799290004289334,False,Hou-Dom,0.08659283182653668,Forecaster,False
4,silverkite_tune_uv,silverkite,,{'changepoints': 4},,249,True,False,True,0,4,29775.86799303556,0.04598918543975171,24419.81555068704,0.6247144476975313,446189.3824511557,438059.0,0.95,264097.96801960666,82275.40426774757,0.21529480438894077,52536.35994567288,0.31390609572369543,36,rmse,195792.3595024728,,,29775.86799303556,0.04598918543975171,24419.81555068704,0.6247144476975313,82275.40426774757,0.21529480438894077,52536.35994567288,0.31390609572369543,False,Hou-Dom,0.05873676144730609,Forecaster,False
5,silverkite_cv_uv,silverkite,,{'changepoints': 1},,249,True,True,True,0,4,29775.86799303556,0.04598918543975171,24419.81555068704,0.6247144476975313,446189.3824511557,438059.0,0.95,169217.36217358068,82275.40426774757,0.21529480438894077,52536.35994567288,0.31390609572369543,,rmse,91724.38340131419,,,29775.86799303556,0.04598918543975171,24419.81555068704,0.6247144476975313,82275.40426774757,0.21529480438894077,52536.35994567288,0.31390609572369543,False,Hou-Dom,0.05873676144730609,Forecaster,False
6,hwes_tune_uv,hwes,,"{'trend': None, 'seasonal': 'add'}",,249,True,False,True,0,4,26407.164202503638,0.05122792753851528,25099.660219581492,0.7048270767293177,465884.77621451137,438059.0,0.95,83407.20100445428,39701.48061605368,0.0958433098762566,20995.66996949579,0.8402440956653018,36,rmse,208699.58893676524,,,26407.164202503638,0.05122792753851528,25099.660219581492,0.7048270767293177,39701.48061605368,0.0958433098762566,20995.66996949579,0.8402440956653018,False,Hou-Dom,0.026248673309414126,Forecaster,False
7,mlr_cv_mv,mlr,"['Anomaly_2020-06-01', 'cp2', 'Anomaly_2020-09-01', 'Anomaly_2020-08-01', 'Anomaly_2021-05-01']",{},,249,True,True,True,0,4,48846.050638956694,0.054871128093879694,30340.86776639751,-0.009931446666036958,435578.2491071268,438059.0,0.95,73706.91488181154,34672.5765555507,0.08975537294792262,22527.800761576935,0.881682818017869,,mae,139516.26617813602,,,48846.050638956694,0.054871128093879694,30340.86776639751,-0.009931446666036958,34672.5765555507,0.08975537294792262,22527.800761576935,0.881682818017869,False,Hou-Dom,0.09164034494688535,Forecaster,False
8,mlr_tune_mv,mlr,"['Anomaly_2020-06-01', 'cp2', 'Anomaly_2020-09-01', 'Anomaly_2020-08-01', 'Anomaly_2021-05-01']",{},minmax,249,True,False,True,0,4,48846.05081203267,0.05487112843768618,30340.867957746057,-0.00993145382300753,435578.2493263438,438059.0,0.95,54084.6990590317,34672.576555550695,0.08975537293936985,22527.800755868106,0.8816828180178691,36,mae,184021.80622431554,,,48846.05081203267,0.05487112843768618,30340.867957746057,-0.00993145382300753,34672.576555550695,0.08975537293936985,22527.800755868106,0.8816828180178691,False,Hou-Dom,0.09164034508236128,Forecaster,False
9,arima_tune_uv,arima,,"{'order': (0, 1, 2), 'seasonal_order': (2, 1, 0, 12)}",,249,True,False,True,0,4,37881.88900283169,0.07117002755709337,33854.52644950677,0.39256999759392786,495428.0784294803,438059.0,0.95,83432.9323824642,48828.8237579619,0.09635419415397559,26020.344563445404,0.758344860426008,36,rmse,231608.50639808722,,,37881.88900283169,0.07117002755709337,33854.52644950677,0.39256999759392786,48828.8237579619,0.09635419415397559,26020.344563445404,0.758344860426008,False,Hou-Dom,0.07212088920622292,Forecaster,False
10,knn_tune_uv,knn,"['Anomaly_2020-06-01', 'cp2', 'Anomaly_2020-09-01', 'Anomaly_2020-08-01', 'Anomaly_2021-05-01', 'AR1', 'AR12', 'AR24', 'AR36']",{'n_neighbors': 95},minmax,249,True,False,True,0,4,45667.76608373547,0.07214494773604788,37874.021052631564,0.11721992907085665,464416.6842105263,438059.0,0.95,150562.2500187968,74833.97468375062,0.20541607051590927,43598.364764022735,0.44884568585722473,36,rmse,175255.70769835167,,,45667.76608373547,0.07214494773604788,37874.021052631564,0.11721992907085665,74833.97468375062,0.20541607051590927,43598.364764022735,0.44884568585722473,False,Hou-Dom,0.07413482391025186,Forecaster,False
11,xgboost_tune_mv,xgboost,"['Anomaly_2020-06-01', 'cp2', 'Anomaly_2020-09-01', 'Anomaly_2020-08-01', 'Anomaly_2021-05-01']","{'n_estimators': 200, 'scale_pos_weight': 5, 'learning_rate': 0.1, 'gamma': 3, 'subsample': 0.9}",minmax,249,True,False,True,0,4,62293.691667524436,0.0796588233949183,43464.2734375,-0.6425595452855983,442695.5,438059.0,0.95,208.05174986982416,107.47052696711457,0.00020071403598576117,79.30118471244131,0.9999988632777979,36,mae,96395.64348958334,,,62293.691667524436,0.0796588233949183,43464.2734375,-0.6425595452855983,107.47052696711457,0.00020071403598576117,79.30118471244131,0.9999988632777979,False,Hou-Dom,0.13127451357201803,Forecaster,False
12,weighted,combo,,"{'how': 'weighted', 'determine_best_by': 'LevelTestSetMAPE'}",,249,False,False,,0,4,55845.80134377347,0.08253287238595534,44281.22730752973,-0.3201219088783105,430070.2001565512,438059.0,0.95,62828.18217277505,40674.920792553916,0.11874472201748602,27692.256791897722,0.8390233822171025,,,,"['auto_arima', 'arima_cv_uv', 'hwes_cv_uv', 'prophet_tune_uv', 'silverkite_tune_uv', 'silverkite_cv_uv', 'hwes_tune_uv', 'mlr_cv_mv', 'mlr_tune_mv', 'arima_tune_uv', 'knn_tune_uv', 'xgboost_tune_mv', 'knn_tune_mv', 'knn_cv_mv', 'lightgbm_cv_mv', 'xgboost_cv_uv', 'xgboost_tune_uv', 'xgboost_cv_mv', 'theta_cv_uv', 'theta_tune_uv', 'lightgbm_cv_uv', 'auto_arima_anom', 'avg', 'lightgbm_tune_uv', 'mlp_cv_uv', 'elasticnet_cv_mv', 'mlp_cv_mv', 'mlp_tune_mv', 'mlp_tune_uv', 'elasticnet_tune_mv', 'lightgbm_tune_mv', 'elasticnet_tune_uv', 'stacking_mv', 'sgd_tune_mv', 'sgd_cv_mv', 'elasticnet_cv_uv', 'mlr_tune_uv', 'mlr_cv_uv', 'knn_cv_uv', 'lstm', 'stacking_uv', 'sgd_cv_uv', 'sgd_tune_uv', 'prophet_cv_uv']","(0.031090652001827007, 0.0309856084090921, 0.030831076311713036, 0.03042641023202844, 0.030125703738701055, 0.030125703738701055, 0.029731492304925937, 0.029457344181696227, 0.02945734415582504, 0.028230864159351464, 0.02815750214337197, 0.02759208860690672, 0.027320368886137116, 0.02710475761952772, 0.02703818502070363, 0.026862585517139128, 0.026607994712028522, 0.02651254727366705, 0.026435753653385845, 0.026400210967263672, 0.0259992648169381, 0.025711294393794815, 0.024675147273003205, 0.02289337409631607, 0.022763815599044213, 0.02261576293990168, 0.02255388250520985, 0.022553882344982644, 0.022553882029083917, 0.022440562988635816, 0.021643651273577653, 0.021201824103095738, 0.019599197311984413, 0.01836514519919836, 0.017613031295571978, 0.016463815518578277, 0.014863921057415005, 0.014863921057415005, 0.013983536183855266, 0.012284811451154351, 0.011524203296689578, 0.006112777112747979, 0.0033986796085560206, 0.0028264229092570007)",55845.80134377347,0.08253287238595534,44281.22730752973,-0.3201219088783105,40674.920792553916,0.11874472201748602,27692.256791897722,0.8390233822171025,False,Hou-Dom,0.07463477636674169,Forecaster,False
13,knn_tune_mv,knn,"['Anomaly_2020-06-01', 'cp2', 'Anomaly_2020-09-01', 'Anomaly_2020-08-01', 'Anomaly_2021-05-01']",{'n_neighbors': 92},minmax,249,True,False,True,0,4,49823.933311914494,0.08326975250123148,43103.491847826095,-0.05077323902453856,476615.1847826087,438059.0,0.95,110343.50869688009,73608.53951881808,0.20655343699319922,45946.89640743009,0.46674862048918786,36,mae,93646.66567028985,,,49823.933311914494,0.08326975250123148,43103.491847826095,-0.05077323902453856,73608.53951881808,0.20655343699319922,45946.89640743009,0.46674862048918786,False,Hou-Dom,0.08803001078982255,Forecaster,False
14,knn_cv_mv,knn,"['Anomaly_2020-06-01', 'cp2', 'Anomaly_2020-09-01', 'Anomaly_2020-08-01', 'Anomaly_2021-05-01']",{'n_neighbors': 54},minmax,249,True,True,True,0,4,49466.172374247806,0.08613504691579868,44469.91203703704,-0.0357372542389609,474979.81481481483,438059.0,0.95,97826.76554941904,66935.85142994391,0.18506196671281963,37372.49330551208,0.5590461184479225,,mae,60332.51090534978,,,49466.172374247806,0.08613504691579868,44469.91203703704,-0.0357372542389609,66935.85142994391,0.18506196671281963,37372.49330551208,0.5590461184479225,False,Hou-Dom,0.08286054317376171,Forecaster,False
15,lightgbm_cv_mv,lightgbm,"['Anomaly_2020-06-01', 'cp2', 'Anomaly_2020-09-01', 'Anomaly_2020-08-01', 'Anomaly_2021-05-01']","{'n_estimators': 150, 'boosting_type': 'goss', 'max_depth': 1, 'learning_rate': 0.01}",minmax,249,True,True,True,0,4,55399.44368111626,0.08701974138735175,45630.39807461873,-0.2991036161564429,471988.58185343543,438059.0,0.95,116905.46475083042,62557.17998742559,0.1733170074673449,44011.18393120743,0.6148499915370529,,mae,60923.70701790499,,,55399.44368111626,0.08701974138735175,45630.39807461873,-0.2991036161564429,62557.17998742559,0.1733170074673449,44011.18393120743,0.6148499915370529,False,Hou-Dom,0.12415419977315195,Forecaster,False
16,xgboost_cv_uv,xgboost,"['Anomaly_2020-06-01', 'cp2', 'Anomaly_2020-09-01', 'Anomaly_2020-08-01', 'Anomaly_2021-05-01', 'AR1', 'AR12', 'AR24', 'AR36']","{'n_estimators': 150, 'scale_pos_weight': 5, 'learning_rate': 0.1, 'gamma': 3, 'subsample': 0.8}",minmax,249,True,True,True,0,4,60075.926576879,0.08935331274786718,48003.9921875,-0.5276854424091912,432587.15625,438059.0,0.95,4545.543563997804,2108.0747346311687,0.00421589849001613,1611.624853286385,0.9995626314082393,,rmse,105610.36986358983,,,60075.926576879,0.08935331274786718,48003.9921875,-0.5276854424091912,2108.0747346311687,0.00421589849001613,1611.624853286385,0.9995626314082393,False,Hou-Dom,0.08731368123907748,Forecaster,False
17,xgboost_tune_uv,xgboost,"['Anomaly_2020-06-01', 'cp2', 'Anomaly_2020-09-01', 'Anomaly_2020-08-01', 'Anomaly_2021-05-01', 'AR1', 'AR12', 'AR24', 'AR36']","{'n_estimators': 200, 'scale_pos_weight': 5, 'learning_rate': 0.1, 'gamma': 0, 'subsample': 0.8}",minmax,249,True,False,True,0,4,60121.90929866413,0.09273661281077676,49476.21875,-0.530024949183747,427234.1875,438059.0,0.95,1633.2830794282906,973.8980336570357,0.001964230119048416,738.7621405516431,0.999906652527411,36,rmse,197472.27330281152,,,60121.90929866413,0.09273661281077676,49476.21875,-0.530024949183747,973.8980336570357,0.001964230119048416,738.7621405516431,0.999906652527411,False,Hou-Dom,0.08704822744995752,Forecaster,False
18,xgboost_cv_mv,xgboost,"['Anomaly_2020-06-01', 'cp2', 'Anomaly_2020-09-01', 'Anomaly_2020-08-01', 'Anomaly_2021-05-01']","{'n_estimators': 200, 'scale_pos_weight': 10, 'learning_rate': 0.1, 'gamma': 0, 'subsample': 0.8}",minmax,249,True,True,True,0,4,72678.19954501138,0.09400502988527647,51172.125,-1.2358430010676744,424119.65625,438059.0,0.95,279.807910862593,130.74830614749357,0.00027135252484732975,96.40526885269954,0.9999983175284531,,mae,76603.06948005698,,,72678.19954501138,0.09400502988527647,51172.125,-1.2358430010676744,130.74830614749357,0.00027135252484732975,96.40526885269954,0.9999983175284531,False,Hou-Dom,0.13608757704442434,Forecaster,False
19,theta_cv_uv,theta,,"{'theta': 1, 'model_mode': <ModelMode.ADDITIVE: 'additive'>, 'season_mode': <SeasonalityMode.ADDITIVE: 'additive'>, 'trend_mode': <TrendMode.LINEAR: 'linear'>}",,249,True,True,True,0,4,60313.88211519528,0.09502555323141845,49876.924312172545,-0.5398114692751075,474145.14532609226,438059.0,0.95,86806.61918470694,47134.81303220638,0.11363980985489791,29982.15260309599,0.776382955719968,,rmse,84035.66819191769,,,60313.88211519528,0.09502555323141845,49876.924312172545,-0.5398114692751075,47134.81303220638,0.11363980985489791,29982.15260309599,0.776382955719968,False,Hou-Dom,0.09187070139460587,Forecaster,False
20,theta_tune_uv,theta,,"{'theta': 0.5, 'model_mode': <ModelMode.ADDITIVE: 'additive'>, 'season_mode': <SeasonalityMode.ADDITIVE: 'additive'>, 'trend_mode': <TrendMode.EXPONENTIAL: 'exponential'>}",,249,True,False,True,0,4,60716.37107242912,0.09549788596999043,50236.021044406254,-0.5604311005938158,471473.5228322053,438059.0,0.95,124635.76248255638,46671.81129499919,0.11187758181811064,29702.956269984395,0.7807545258897021,36,rmse,182658.60872002167,,,60716.37107242912,0.09549788596999043,50236.021044406254,-0.5604311005938158,46671.81129499919,0.11187758181811064,29702.956269984395,0.7807545258897021,False,Hou-Dom,0.09234545572800323,Forecaster,False
21,lightgbm_cv_uv,lightgbm,"['Anomaly_2020-06-01', 'cp2', 'Anomaly_2020-09-01', 'Anomaly_2020-08-01', 'Anomaly_2021-05-01', 'AR1', 'AR12', 'AR24', 'AR36']","{'n_estimators': 200, 'boosting_type': 'gbdt', 'max_depth': 2, 'learning_rate': 0.1}",minmax,249,True,True,True,0,4,59973.37944969979,0.10082612685060877,51079.341330858704,-0.5224745016412395,507756.0919928644,438059.0,0.95,49598.1406677849,27659.6246588303,0.07315551873819236,18778.284512948383,0.9247046509843772,,rmse,106483.14057887298,,,59973.37944969979,0.10082612685060877,51079.341330858704,-0.5224745016412395,27659.6246588303,0.07315551873819236,18778.284512948383,0.9247046509843772,False,Hou-Dom,0.0671407481211099,Forecaster,False
22,auto_arima_anom,arima,"['Anomaly_2020-06-01', 'cp2', 'Anomaly_2020-09-01', 'Anomaly_2020-08-01', 'Anomaly_2021-05-01']","{'order': (1, 1, 2), 'seasonal_order': (1, 0, 1, 12)}",,249,False,False,True,0,4,59556.736546894506,0.1046530142761523,54469.12047882294,-0.501394321695267,412106.8787104076,438059.0,0.95,93859.6125013634,44984.67063361572,0.09511437477794144,25208.141366529326,0.7948967221864972,,,,,,59556.736546894506,0.1046530142761523,54469.12047882294,-0.501394321695267,44984.67063361572,0.09511437477794144,25208.141366529326,0.7948967221864972,False,Hou-Dom,0.060515638477432146,Forecaster,False
23,avg,combo,,{'how': 'simple'},,249,False,False,,0,4,69866.2562305708,0.11842254777299195,61949.25622225486,-1.0661789328741502,409019.1069053434,438059.0,0.95,73468.80619211207,41837.239437055745,0.12234583203718948,28685.30689822318,0.8296918592722315,,,,"['knn_cv_mv', 'mlr_cv_mv', 'elasticnet_cv_mv', 'sgd_cv_mv', 'xgboost_cv_mv', 'lightgbm_cv_mv', 'mlp_cv_mv', 'knn_tune_mv', 'mlr_tune_mv', 'elasticnet_tune_mv', 'sgd_tune_mv', 'xgboost_tune_mv', 'lightgbm_tune_mv', 'mlp_tune_mv', 'stacking_mv', 'auto_arima', 'auto_arima_anom', 'knn_cv_uv', 'mlr_cv_uv', 'elasticnet_cv_uv', 'sgd_cv_uv', 'xgboost_cv_uv', 'lightgbm_cv_uv', 'mlp_cv_uv', 'hwes_cv_uv', 'arima_cv_uv', 'prophet_cv_uv', 'silverkite_cv_uv', 'theta_cv_uv', 'knn_tune_uv', 'mlr_tune_uv', 'elasticnet_tune_uv', 'sgd_tune_uv', 'xgboost_tune_uv', 'lightgbm_tune_uv', 'mlp_tune_uv', 'hwes_tune_uv', 'arima_tune_uv', 'prophet_tune_uv', 'silverkite_tune_uv', 'theta_tune_uv', 'stacking_uv', 'lstm']",,69866.2562305708,0.11842254777299195,61949.25622225486,-1.0661789328741502,41837.239437055745,0.12234583203718948,28685.30689822318,0.8296918592722315,False,Hou-Dom,0.08179264318419197,Forecaster,False
24,lightgbm_tune_uv,lightgbm,"['Anomaly_2020-06-01', 'cp2', 'Anomaly_2020-09-01', 'Anomaly_2020-08-01', 'Anomaly_2021-05-01', 'AR1', 'AR12', 'AR24', 'AR36']","{'n_estimators': 250, 'boosting_type': 'gbdt', 'max_depth': 2, 'learning_rate': 0.001}",minmax,249,True,False,True,0,4,89035.80290854252,0.14210083143353996,75418.90338833329,-2.3555394062673978,425008.7697236918,438059.0,0.95,166005.30658956608,85564.30766547317,0.2387117155194124,66864.52626301485,0.27945540105210653,36,rmse,170859.51903233444,,,89035.80290854252,0.14210083143353996,75418.90338833329,-2.3555394062673978,85564.30766547317,0.2387117155194124,66864.52626301485,0.27945540105210653,False,Hou-Dom,0.12072764982792251,Forecaster,False
25,mlp_cv_uv,mlp,"['Anomaly_2020-06-01', 'cp2', 'Anomaly_2020-09-01', 'Anomaly_2020-08-01', 'Anomaly_2021-05-01', 'AR1', 'AR12', 'AR24', 'AR36']","{'activation': 'relu', 'hidden_layer_sizes': (25, 25), 'solver': 'lbfgs'}",minmax,249,True,True,True,0,4,76155.72928224978,0.14382255611161662,69337.42445285377,-1.4549245400666524,530642.7012928865,438059.0,0.95,75092.86657024597,38371.64171341987,0.09962632263616587,26670.048528733103,0.8550906704137067,,rmse,105636.28081932913,,,76155.72928224978,0.14382255611161662,69337.42445285377,-1.4549245400666524,38371.64171341987,0.09962632263616587,26670.048528733103,0.8550906704137067,False,Hou-Dom,0.13184945361441314,Forecaster,False
26,elasticnet_cv_mv,elasticnet,"['Anomaly_2020-06-01', 'cp2', 'Anomaly_2020-09-01', 'Anomaly_2020-08-01', 'Anomaly_2021-05-01']","{'alpha': 1.6, 'l1_ratio': 0.5}",minmax,249,True,True,True,0,4,90745.17904868796,0.1457900528198079,77270.1311589876,-2.4856205570694785,419765.6414347331,438059.0,0.95,157199.17960202042,89321.81951758882,0.25171518875070864,71012.40814701426,0.2147811652912166,,mae,61072.770498712,,,90745.17904868796,0.1457900528198079,77270.1311589876,-2.4856205570694785,89321.81951758882,0.25171518875070864,71012.40814701426,0.2147811652912166,False,Hou-Dom,0.11836014088041337,Forecaster,False
27,mlp_cv_mv,mlp,"['Anomaly_2020-06-01', 'cp2', 'Anomaly_2020-09-01', 'Anomaly_2020-08-01', 'Anomaly_2021-05-01']","{'activation': 'tanh', 'hidden_layer_sizes': (25, 25), 'solver': 'lbfgs'}",minmax,249,True,True,True,0,4,91762.88050744502,0.14661239233240256,77832.84884504828,-2.5642409896770832,425440.9011549517,438059.0,0.95,183760.83011598446,95390.68696409374,0.2531969260395609,78431.34779638762,0.10445474188125725,,mae,65761.71674272016,,,91762.88050744502,0.14661239233240256,77832.84884504828,-2.5642409896770832,95390.68696409374,0.2531969260395609,78431.34779638762,0.10445474188125725,False,Hou-Dom,0.11918730906300773,Forecaster,False
28,mlp_tune_mv,mlp,"['Anomaly_2020-06-01', 'cp2', 'Anomaly_2020-09-01', 'Anomaly_2020-08-01', 'Anomaly_2021-05-01']","{'activation': 'tanh', 'hidden_layer_sizes': (25, 25), 'solver': 'lbfgs'}",minmax,249,True,False,True,0,4,91762.88140781884,0.14661239446168886,77832.84990656533,-2.564241059621472,425440.90009343467,438059.0,0.95,214890.44282775142,100800.38876232872,0.2793795459089259,81469.96636309041,-4.4719783431901305e-13,36,mae,92561.56849664316,,,91762.88140781884,0.14661239446168886,77832.84990656533,-2.564241059621472,100800.38876232872,0.2793795459089259,81469.96636309041,-4.4719783431901305e-13,False,Hou-Dom,0.12260200769080747,Forecaster,False
29,mlp_tune_uv,mlp,"['Anomaly_2020-06-01', 'cp2', 'Anomaly_2020-09-01', 'Anomaly_2020-08-01', 'Anomaly_2021-05-01', 'AR1', 'AR12', 'AR24', 'AR36']","{'activation': 'tanh', 'hidden_layer_sizes': (25, 25), 'solver': 'lbfgs'}",minmax,249,True,False,True,0,4,91762.88318296647,0.1466123986597202,77832.85199941765,-2.5642411975215476,425440.89800058235,438059.0,0.95,215403.75607791723,100800.38876230638,0.27937948871936236,81469.9625541791,-3.9968028886505635e-15,36,rmse,172350.89951266855,,,91762.88318296647,0.1466123986597202,77832.85199941765,-2.5642411975215476,100800.38876230638,0.27937948871936236,81469.9625541791,-3.9968028886505635e-15,False,Hou-Dom,0.12260207289245059,Forecaster,False
30,elasticnet_tune_mv,elasticnet,"['Anomaly_2020-06-01', 'cp2', 'Anomaly_2020-09-01', 'Anomaly_2020-08-01', 'Anomaly_2021-05-01']","{'alpha': 1, 'l1_ratio': 0.5}",minmax,249,True,False,True,0,4,91459.10195192158,0.14811831446257234,78356.00048002093,-2.5406814025636755,416043.65092393575,438059.0,0.95,178703.9367994148,84322.0272426638,0.23936280370269844,66546.52348699216,0.3002262225804473,36,mae,94118.19921954435,,,91459.10195192158,0.14811831446257234,78356.00048002093,-2.5406814025636755,84322.0272426638,0.23936280370269844,66546.52348699216,0.3002262225804473,False,Hou-Dom,0.11776838863029707,Forecaster,False
31,lightgbm_tune_mv,lightgbm,"['Anomaly_2020-06-01', 'cp2', 'Anomaly_2020-09-01', 'Anomaly_2020-08-01', 'Anomaly_2021-05-01']","{'n_estimators': 200, 'boosting_type': 'goss', 'max_depth': 3, 'learning_rate': 0.001}",minmax,249,True,False,True,0,4,95985.12630135544,0.15870860838351086,83654.94902111472,-2.899786808354402,416022.12153713376,438059.0,0.95,160868.019121633,86941.1903061648,0.2424447540745748,68622.53872279357,0.25607911831071883,36,mae,92233.34361572594,,,95985.12630135544,0.15870860838351086,83654.94902111472,-2.899786808354402,86941.1903061648,0.2424447540745748,68622.53872279357,0.25607911831071883,False,Hou-Dom,0.1306265783360452,Forecaster,False
32,elasticnet_tune_uv,elasticnet,"['Anomaly_2020-06-01', 'cp2', 'Anomaly_2020-09-01', 'Anomaly_2020-08-01', 'Anomaly_2021-05-01', 'AR1', 'AR12', 'AR24', 'AR36']","{'alpha': 1.9, 'l1_ratio': 0.75}",minmax,249,True,False,True,0,4,97058.34695050458,0.16458012402225206,86353.31361973728,-2.9874822717661575,409960.4304683509,438059.0,0.95,166092.04046558196,90122.99879822608,0.2538508504834717,71782.87495782002,0.20063182415690395,36,rmse,170861.0001950239,,,97058.34695050458,0.16458012402225206,86353.31361973728,-2.9874822717661575,90122.99879822608,0.2538508504834717,71782.87495782002,0.20063182415690395,False,Hou-Dom,0.12064858240278992,Forecaster,False
33,stacking_mv,stacking,"['Anomaly_2020-06-01', 'cp2', 'Anomaly_2020-09-01', 'Anomaly_2020-08-01', 'Anomaly_2021-05-01']","{'estimators': [('knn_tune_mv', KNeighborsRegressor(n_neighbors=92)), ('elasticnet_cv_mv', ElasticNet(alpha=1.6)), ('xgboost_cv_mv', XGBRegressor(base_score=None, booster=None, callbacks=None,
             colsample_bylevel=None, colsample_bynode=None,
             colsample_bytree=None, early_stopping_rounds=None,
             enable_categorical=False, eval_metric=None, gamma=0, gpu_id=None,
             grow_policy=None, importance_type=None,
             interaction_constraints=None, learning_rate=0.1, max_bin=None,
             max_cat_to_onehot=None, max_delta_step=None, max_depth=None,
             max_leaves=None, min_child_weight=None, missing=nan,
             monotone_constraints=None, n_estimators=200, n_jobs=None,
             num_parallel_tree=None, predictor=None, random_state=None,
             reg_alpha=None, reg_lambda=None, ...)), ('lightgbm_cv_mv', LGBMRegressor(boosting_type='goss', learning_rate=0.01, max_depth=1,
              n_estimators=150))], 'final_estimator': BaggingRegressor(base_estimator=MLPRegressor(hidden_layer_sizes=(100, 100, 100),
                                             solver='lbfgs'),
                 max_features=0.5, max_samples=0.9)}",minmax,249,,False,True,0,4,99175.84695402172,0.18587770121021027,92816.3356117315,-3.1633681978945694,337305.01392463176,438059.0,0.95,63242.38551159017,43355.612207418766,0.125595647791773,30391.4370946635,0.8098093316062427,,,,,,99175.84695402172,0.18587770121021027,92816.3356117315,-3.1633681978945694,43355.612207418766,0.125595647791773,30391.4370946635,0.8098093316062427,False,Hou-Dom,0.1794767410240932,Forecaster,False
34,sgd_tune_mv,sgd,"['Anomaly_2020-06-01', 'cp2', 'Anomaly_2020-09-01', 'Anomaly_2020-08-01', 'Anomaly_2021-05-01']","{'penalty': 'l1', 'l1_ratio': 0, 'learning_rate': 'constant'}",minmax,249,True,False,True,0,4,110116.87692098104,0.20227722745786442,102150.03788174278,-4.132639428138116,336103.58092919836,438059.0,0.95,66471.06951049242,38616.18021203053,0.10465329589933452,27055.42310236468,0.8532378007945706,36,mae,152850.09382091634,,,110116.87692098104,0.20227722745786442,102150.03788174278,-4.132639428138116,38616.18021203053,0.10465329589933452,27055.42310236468,0.8532378007945706,False,Hou-Dom,0.10637887684948058,Forecaster,False
35,sgd_cv_mv,sgd,"['Anomaly_2020-06-01', 'cp2', 'Anomaly_2020-09-01', 'Anomaly_2020-08-01', 'Anomaly_2021-05-01']","{'penalty': 'l1', 'l1_ratio': 0, 'learning_rate': 'constant'}",minmax,249,True,True,True,0,4,114864.62509007117,0.21227219572212996,107046.57310932339,-4.584773745235164,330007.8785076768,438059.0,0.95,65244.41725426137,38887.66946147211,0.10473369016616,27417.52249461749,0.851166937180318,,mae,125506.79045615961,,,114864.62509007117,0.21227219572212996,107046.57310932339,-4.584773745235164,38887.66946147211,0.10473369016616,27417.52249461749,0.851166937180318,False,Hou-Dom,0.11938023505371183,Forecaster,False
36,elasticnet_cv_uv,elasticnet,"['Anomaly_2020-06-01', 'cp2', 'Anomaly_2020-09-01', 'Anomaly_2020-08-01', 'Anomaly_2021-05-01', 'AR1', 'AR12', 'AR24', 'AR36']","{'alpha': 1.4, 'l1_ratio': 0}",scale,249,True,True,True,0,4,121323.25034283518,0.22754431762343078,116483.72048609519,-5.2304735727691005,359680.7759665005,438059.0,0.95,93500.18556500012,58943.10841772216,0.1707378694882957,42276.18764516901,0.6580664966940234,,rmse,103222.99543207629,,,121323.25034283518,0.22754431762343078,116483.72048609519,-5.2304735727691005,58943.10841772216,0.1707378694882957,42276.18764516901,0.6580664966940234,False,Hou-Dom,0.12111954527621954,Forecaster,False
37,mlr_tune_uv,mlr,"['Anomaly_2020-06-01', 'cp2', 'Anomaly_2020-09-01', 'Anomaly_2020-08-01', 'Anomaly_2021-05-01', 'AR1', 'AR12', 'AR24', 'AR36']",{},,249,True,False,True,0,4,126443.05364567113,0.24880558441879208,124029.97438926694,-5.767416966047846,300574.13344191934,438059.0,0.95,92888.44533458655,38371.640888084694,0.09962137476420609,26669.692170982795,0.8550906766474127,36,rmse,196564.57477033266,,,126443.05364567113,0.24880558441879208,124029.97438926694,-5.767416966047846,38371.640888084694,0.09962137476420609,26669.692170982795,0.8550906766474127,False,Hou-Dom,0.1318724766472252,Forecaster,False
38,mlr_cv_uv,mlr,"['Anomaly_2020-06-01', 'cp2', 'Anomaly_2020-09-01', 'Anomaly_2020-08-01', 'Anomaly_2021-05-01', 'AR1', 'AR12', 'AR24', 'AR36']",{},,249,True,True,True,0,4,126443.05364567113,0.24880558441879208,124029.97438926694,-5.767416966047846,300574.13344191934,438059.0,0.95,101811.61406058162,38371.640888084694,0.09962137476420609,26669.692170982795,0.8550906766474127,,rmse,106511.02589234675,,,126443.05364567113,0.24880558441879208,124029.97438926694,-5.767416966047846,38371.640888084694,0.09962137476420609,26669.692170982795,0.8550906766474127,False,Hou-Dom,0.1318724766472252,Forecaster,False
39,knn_cv_uv,knn,"['Anomaly_2020-06-01', 'cp2', 'Anomaly_2020-09-01', 'Anomaly_2020-08-01', 'Anomaly_2021-05-01', 'AR1', 'AR12', 'AR24', 'AR36']",{'n_neighbors': 20},minmax,249,True,True,True,0,4,138186.58204843462,0.260505167193611,133373.85,-7.082854004190999,350424.7,438059.0,0.95,118126.92036215411,49362.671483014725,0.13472670541796028,28598.07441314554,0.7601869035142634,,rmse,104941.65415878773,,,138186.58204843462,0.260505167193611,133373.85,-7.082854004190999,49362.671483014725,0.13472670541796028,28598.07441314554,0.7601869035142634,False,Hou-Dom,0.20359743833029623,Forecaster,False
40,lstm,rnn,,"{'lags': 48, 'layers_struct': [('LSTM', {'units': 100, 'dropout': 0, 'return_sequences': False}), ('LSTM', {'units': 100, 'dropout': 0, 'return_sequences': False}), ('Dense', {'units': 10}), ('Dense', {'units': 10})], 'epochs': 8, 'random_seed': 42, 'validation_split': 0.2}",minmax,249,False,False,,0,4,155062.53740911416,0.28307980610296285,146182.31328009666,-9.177632317752202,364622.18952227384,438059.0,0.95,147514.2030220552,79378.36840363286,0.23181461236582612,50803.72698836401,0.38692486515334157,,,,,,155062.53740911416,0.28307980610296285,146182.31328009666,-9.177632317752202,79378.36840363286,0.23181461236582612,50803.72698836401,0.38692486515334157,False,Hou-Dom,0.1421706196558092,Forecaster,False
41,stacking_uv,stacking,"['Anomaly_2020-06-01', 'cp2', 'Anomaly_2020-09-01', 'Anomaly_2020-08-01', 'Anomaly_2021-05-01', 'AR1', 'AR12', 'AR24', 'AR36']","{'estimators': [('knn_cv_uv', KNeighborsRegressor(n_neighbors=20)), ('sgd_cv_uv', SGDRegressor(l1_ratio=0.5, learning_rate='constant')), ('elasticnet_cv_uv', ElasticNet(alpha=1.4, l1_ratio=0)), ('xgboost_cv_uv', XGBRegressor(base_score=None, booster=None, callbacks=None,
             colsample_bylevel=None, colsample_bynode=None,
             colsample_bytree=None, early_stopping_rounds=None,
             enable_categorical=False, eval_metric=None, gamma=3, gpu_id=None,
             grow_policy=None, importance_type=None,
             interaction_constraints=None, learning_rate=0.1, max_bin=None,
             max_cat_to_onehot=None, max_delta_step=None, max_depth=None,
             max_leaves=None, min_child_weight=None, missing=nan,
             monotone_constraints=None, n_estimators=150, n_jobs=None,
             num_parallel_tree=None, predictor=None, random_state=None,
             reg_alpha=None, reg_lambda=None, ...))], 'final_estimator': BaggingRegressor(base_estimator=MLPRegressor(hidden_layer_sizes=(100, 100, 100),
                                             solver='lbfgs'),
                 max_features=0.5, max_samples=0.9)}",minmax,249,False,False,True,0,4,151353.10650918717,0.29318765589640783,148431.94015264395,-8.696514762318353,314783.5157189375,438059.0,0.95,55895.41854821225,36245.329707397614,0.09427226314641392,25970.620671606186,0.8707056059266546,,,,,,151353.10650918717,0.29318765589640783,148431.94015264395,-8.696514762318353,36245.329707397614,0.09427226314641392,25970.620671606186,0.8707056059266546,False,Hou-Dom,0.1312345042035643,Forecaster,False
42,sgd_cv_uv,sgd,"['Anomaly_2020-06-01', 'cp2', 'Anomaly_2020-09-01', 'Anomaly_2020-08-01', 'Anomaly_2021-05-01', 'AR1', 'AR12', 'AR24', 'AR36']","{'penalty': 'l2', 'l1_ratio': 0.5, 'learning_rate': 'constant'}",minmax,249,True,True,True,0,4,184543.75788362933,0.3651010093288157,182282.48885582417,-13.41556618535671,248972.6862242822,438059.0,0.95,80657.88720357478,39699.58502226089,0.10814093984485226,27162.68326092339,0.8448872419420056,,rmse,102702.98187671146,,,184543.75788362933,0.3651010093288157,182282.48885582417,-13.41556618535671,39699.58502226089,0.10814093984485226,27162.68326092339,0.8448872419420056,False,Hou-Dom,0.18277506241827296,Forecaster,False
43,sgd_tune_uv,sgd,"['Anomaly_2020-06-01', 'cp2', 'Anomaly_2020-09-01', 'Anomaly_2020-08-01', 'Anomaly_2021-05-01', 'AR1', 'AR12', 'AR24', 'AR36']","{'penalty': 'elasticnet', 'l1_ratio': 0.85, 'learning_rate': 'optimal'}",minmax,249,True,False,True,0,4,202771.05588913758,0.4011691079103261,197645.30548871122,-16.403833100510067,189421.221754768,438059.0,0.95,84401.87546925906,41805.529838002374,0.09597545417194128,29834.476145623365,0.8279942164916667,36,rmse,175596.05517704712,,,202771.05588913758,0.4011691079103261,197645.30548871122,-16.403833100510067,41805.529838002374,0.09597545417194128,29834.476145623365,0.8279942164916667,False,Hou-Dom,0.28295770615188304,Forecaster,False
44,prophet_cv_uv,prophet,"['Anomaly_2020-06-01', 'cp2', 'Anomaly_2020-09-01', 'Anomaly_2020-08-01', 'Anomaly_2021-05-01']",{'n_changepoints': 0},,249,True,True,True,0,4,205566.64529383287,0.4087739235119645,204689.36689376103,-16.887031903586678,233008.25769432838,438059.0,0.95,134520.72839709505,78216.60376421726,0.20109600973373346,48200.466136386196,0.3799290004289334,,rmse,93983.17783014973,,,205566.64529383287,0.4087739235119645,204689.36689376103,-16.887031903586678,78216.60376421726,0.20109600973373346,48200.466136386196,0.3799290004289334,False,Hou-Dom,0.08659283182653668,Forecaster,False
45,lightgbm_tune_uv,lightgbm,"['Anomaly_2020-06-01', 'cp2', 'Anomaly_2020-09-01', 'Anomaly_2020-08-01', 'Anomaly_2021-05-01', 'AR1', 'AR12', 'AR24', 'AR36']","{'n_estimators': 250, 'boosting_type': 'dart', 'max_depth': 1, 'learning_rate': 0.1}",minmax,249,True,False,True,0,4,108091.92187269249,0.052132163002713144,74265.71834738587,0.014036235069213032,1251905.1539021537,1208889.0,0.95,248751.0949299384,138198.2642830995,0.13282692815615296,99592.40545728164,0.6658873825611246,36.0,rmse,476378.8713056686,,,108091.92187269249,0.052132163002713144,74265.71834738587,0.014036235069213032,138198.2642830995,0.13282692815615296,99592.40545728164,0.6658873825611246,True,IAH-DOM,0.12072764982792251,Forecaster,False
46,mlp_tune_uv,mlp,"['Anomaly_2020-06-01', 'cp2', 'Anomaly_2020-09-01', 'Anomaly_2020-08-01', 'Anomaly_2021-05-01', 'AR1', 'AR12', 'AR24', 'AR36']","{'activation': 'relu', 'hidden_layer_sizes': (25, 25), 'solver': 'lbfgs'}",scale,249,True,False,True,0,4,103928.7072763688,0.05655230033308639,71579.02051031048,0.0885233912177793,1408527.9446437974,1208889.0,0.95,147423.1618988764,71811.43856373004,0.06772591348762272,51401.421012912266,0.9097857893935621,36.0,rmse,480104.53543146234,,,103928.7072763688,0.05655230033308639,71579.02051031048,0.0885233912177793,71811.43856373004,0.06772591348762272,51401.421012912266,0.9097857893935621,False,IAH-DOM,0.12260207289245059,Forecaster,False
47,knn_tune_mv,knn,"['Anomaly_2020-06-01', 'cp2', 'Anomaly_2020-09-01', 'Anomaly_2020-08-01', 'Anomaly_2021-05-01']",{'n_neighbors': 92},minmax,249,True,False,True,0,4,119891.85943652829,0.0568444338974793,81167.52445652179,-0.21298063887978236,1255324.793478261,1208889.0,0.95,407323.32552899834,216216.72241640504,0.2329810523933513,127237.6967238212,0.18216393343906823,36.0,mae,93646.66567028985,,,119891.85943652829,0.0568444338974793,81167.52445652179,-0.21298063887978236,216216.72241640504,0.2329810523933513,127237.6967238212,0.18216393343906823,False,IAH-DOM,0.08803001078982255,Forecaster,False
48,lightgbm_cv_mv,lightgbm,"['Anomaly_2020-06-01', 'cp2', 'Anomaly_2020-09-01', 'Anomaly_2020-08-01', 'Anomaly_2021-05-01']","{'n_estimators': 150, 'boosting_type': 'goss', 'max_depth': 1, 'learning_rate': 0.01}",minmax,249,True,True,True,0,4,111863.76524262075,0.05935029199213619,81882.05745301268,-0.055974288019086105,1316030.8523074435,1208889.0,0.95,283950.0288104527,164309.890504737,0.18028740438319368,118797.29954613229,0.5277030813952803,,mae,60923.70701790499,,,111863.76524262075,0.05935029199213619,81882.05745301268,-0.055974288019086105,164309.890504737,0.18028740438319368,118797.29954613229,0.5277030813952803,False,IAH-DOM,0.12415419977315195,Forecaster,False
49,mlp_tune_mv,mlp,"['Anomaly_2020-06-01', 'cp2', 'Anomaly_2020-09-01', 'Anomaly_2020-08-01', 'Anomaly_2021-05-01']","{'activation': 'tanh', 'hidden_layer_sizes': (25, 25), 'solver': 'lbfgs'}",minmax,249,True,False,True,0,4,116455.22122522215,0.059777952099719346,83686.75,-0.14443836087550843,1292086.4861515982,1208889.0,0.95,444721.3741935426,239087.10323997572,0.25619411328100833,152460.5686590066,-5.4143356464919634e-12,36.0,mae,92561.56849664316,,,116455.22122522215,0.059777952099719346,83686.75,-0.14443836087550843,239087.10323997572,0.25619411328100833,152460.5686590066,-5.4143356464919634e-12,False,IAH-DOM,0.12260200769080747,Forecaster,False
50,mlp_cv_mv,mlp,"['Anomaly_2020-06-01', 'cp2', 'Anomaly_2020-09-01', 'Anomaly_2020-08-01', 'Anomaly_2021-05-01']","{'activation': 'tanh', 'hidden_layer_sizes': (25, 25), 'solver': 'lbfgs'}",minmax,249,True,True,True,0,4,116455.21126074062,0.05977795339737425,83686.75,-0.14443816502796647,1292086.514200106,1208889.0,0.95,256921.67928203897,239087.1032393285,0.2561941101295306,152460.7062608374,-2.220446049250313e-16,,mae,65761.71674272016,,,116455.21126074062,0.05977795339737425,83686.75,-0.14443816502796647,239087.1032393285,0.2561941101295306,152460.7062608374,-2.220446049250313e-16,False,IAH-DOM,0.11918730906300773,Forecaster,False
51,mlp_cv_uv,mlp,"['Anomaly_2020-06-01', 'cp2', 'Anomaly_2020-09-01', 'Anomaly_2020-08-01', 'Anomaly_2021-05-01', 'AR1', 'AR12', 'AR24', 'AR36']","{'activation': 'tanh', 'hidden_layer_sizes': (25,), 'solver': 'lbfgs'}",minmax,249,True,True,True,0,4,116455.18070177555,0.05977795737701316,83686.75,-0.1444375644049296,1292086.6002190728,1208889.0,0.95,446359.73673640593,239087.10323933678,0.2561941097503218,152460.72281809256,-6.972200594645983e-14,,rmse,232830.6721137894,,,116455.18070177555,0.05977795737701316,83686.75,-0.1444375644049296,239087.10323933678,0.2561941097503218,152460.72281809256,-6.972200594645983e-14,False,IAH-DOM,0.13184945361441314,Forecaster,False
52,lightgbm_cv_uv,lightgbm,"['Anomaly_2020-06-01', 'cp2', 'Anomaly_2020-09-01', 'Anomaly_2020-08-01', 'Anomaly_2021-05-01', 'AR1', 'AR12', 'AR24', 'AR36']","{'n_estimators': 150, 'boosting_type': 'goss', 'max_depth': 3, 'learning_rate': 0.001}",minmax,249,True,True,True,0,4,121673.26871651367,0.06365118272535816,89460.84904544754,-0.24929449998925235,1279105.801909105,1208889.0,0.95,251671.62916469452,218298.05082381566,0.23554443722368393,138133.22838479304,0.1663429725012242,,rmse,230086.652654779,,,121673.26871651367,0.06365118272535816,89460.84904544754,-0.24929449998925235,218298.05082381566,0.23554443722368393,138133.22838479304,0.1663429725012242,False,IAH-DOM,0.0671407481211099,Forecaster,False
53,lightgbm_tune_mv,lightgbm,"['Anomaly_2020-06-01', 'cp2', 'Anomaly_2020-09-01', 'Anomaly_2020-08-01', 'Anomaly_2021-05-01']","{'n_estimators': 200, 'boosting_type': 'goss', 'max_depth': 3, 'learning_rate': 0.001}",minmax,249,True,False,True,0,4,123310.12326433389,0.06486957003843591,91246.62938841258,-0.2831337874769664,1275534.2412231748,1208889.0,0.95,548836.0227254234,212363.04555310975,0.22969681657864616,134173.29291338346,0.21105706802992052,36.0,mae,92233.34361572594,,,123310.12326433389,0.06486957003843591,91246.62938841258,-0.2831337874769664,212363.04555310975,0.22969681657864616,134173.29291338346,0.21105706802992052,False,IAH-DOM,0.1306265783360452,Forecaster,False
54,silverkite_tune_uv,silverkite,,{'changepoints': 2},,249,True,False,True,0,4,125398.05889045309,0.06632234639475013,93384.12001832126,-0.3269547240151933,1271042.887808485,1208889.0,0.95,280263.41893827985,228822.94643719867,0.23541036263275647,152103.0256526493,0.005786373920313226,36.0,rmse,493134.75824362796,,,125398.05889045309,0.06632234639475013,93384.12001832126,-0.3269547240151933,228822.94643719867,0.23541036263275647,152103.0256526493,0.005786373920313226,False,IAH-DOM,0.05873676144730609,Forecaster,False
55,silverkite_cv_uv,silverkite,"['Anomaly_2020-06-01', 'cp2', 'Anomaly_2020-09-01', 'Anomaly_2020-08-01', 'Anomaly_2021-05-01']",{'changepoints': 0},,249,True,True,True,0,4,125398.05889045309,0.06632234639475013,93384.12001832126,-0.3269547240151933,1271042.887808485,1208889.0,0.95,475897.6365462882,228822.94643719867,0.23541036263275647,152103.0256526493,0.005786373920313226,,rmse,229073.98410281865,,,125398.05889045309,0.06632234639475013,93384.12001832126,-0.3269547240151933,228822.94643719867,0.23541036263275647,152103.0256526493,0.005786373920313226,False,IAH-DOM,0.05873676144730609,Forecaster,False
56,hwes_tune_uv,hwes,,"{'trend': None, 'seasonal': 'add'}",,249,True,False,True,0,4,103156.84380370953,0.06712990446009272,91534.62154593604,0.10201192563109895,1116979.1480358853,1208889.0,0.95,119717.4151579592,100939.24208514772,0.09295338233813483,54320.77573725504,0.8065357861404059,36.0,rmse,530052.0800617617,,,103156.84380370953,0.06712990446009272,91534.62154593604,0.10201192563109895,100939.24208514772,0.09295338233813483,54320.77573725504,0.8065357861404059,False,IAH-DOM,0.026248673309414126,Forecaster,False
57,hwes_cv_uv,hwes,,"{'trend': None, 'seasonal': 'add'}",,249,True,True,True,0,4,103156.84380370953,0.06712990446009272,91534.62154593604,0.10201192563109895,1116979.1480358853,1208889.0,0.95,178063.24417564645,100939.24208514772,0.09295338233813483,54320.77573725504,0.8065357861404059,,rmse,181215.6319059486,,,103156.84380370953,0.06712990446009272,91534.62154593604,0.10201192563109895,100939.24208514772,0.09295338233813483,54320.77573725504,0.8065357861404059,False,IAH-DOM,0.02086444560417384,Forecaster,False
58,arima_tune_uv,arima,,"{'order': (1, 1, 1), 'seasonal_order': (2, 1, 0, 12)}",,249,True,False,True,0,4,120327.8514122356,0.07133537035304832,99486.87772012001,-0.22181879387140735,1174951.404989741,1208889.0,0.95,314308.6064502206,141509.0243398961,0.09307167010458114,71231.91712626645,0.6197678481710605,36.0,rmse,575969.1110030737,,,120327.8514122356,0.07133537035304832,99486.87772012001,-0.22181879387140735,141509.0243398961,0.09307167010458114,71231.91712626645,0.6197678481710605,False,IAH-DOM,0.07212088920622292,Forecaster,False
59,prophet_cv_uv,prophet,[],{'n_changepoints': 0},,249,True,True,True,0,4,118825.7910999668,0.0732487492103652,98055.70287794032,-0.19150510084527617,1047985.7561792044,1208889.0,0.95,231901.14381993283,206420.1027624365,0.21273875869668785,132893.95093885748,0.19093289526176516,,rmse,262333.27197941515,,,118825.7910999668,0.0732487492103652,98055.70287794032,-0.19150510084527617,206420.1027624365,0.21273875869668785,132893.95093885748,0.19093289526176516,False,IAH-DOM,0.08659283182653668,Forecaster,False
60,elasticnet_cv_uv,elasticnet,"['Anomaly_2020-06-01', 'cp2', 'Anomaly_2020-09-01', 'Anomaly_2020-08-01', 'Anomaly_2021-05-01', 'AR1', 'AR12', 'AR24', 'AR36']","{'alpha': 1.4, 'l1_ratio': 0.5}",minmax,249,True,True,True,0,4,147111.03008184492,0.07810507907235566,110907.28266524652,-0.8262698530394985,1225806.4640339317,1208889.0,0.95,425174.29176608525,220587.06834774604,0.23871280116709112,142746.53675916768,0.14876828250811513,,rmse,230501.29125452755,,,147111.03008184492,0.07810507907235566,110907.28266524652,-0.8262698530394985,220587.06834774604,0.23871280116709112,142746.53675916768,0.14876828250811513,False,IAH-DOM,0.12111954527621954,Forecaster,False
61,knn_cv_mv,knn,"['Anomaly_2020-06-01', 'cp2', 'Anomaly_2020-09-01', 'Anomaly_2020-08-01', 'Anomaly_2021-05-01']",{'n_neighbors': 54},minmax,249,True,True,True,0,4,156103.50945301162,0.08118483373323196,115611.00925925933,-1.056363140888429,1195080.7037037036,1208889.0,0.95,353791.56565188506,195312.2686313201,0.21260602602893175,115384.69379238396,0.33266062730792767,,mae,60332.51090534978,,,156103.50945301162,0.08118483373323196,115611.00925925933,-1.056363140888429,195312.2686313201,0.21260602602893175,115384.69379238396,0.33266062730792767,False,IAH-DOM,0.08286054317376171,Forecaster,False
62,stacking_mv,stacking,"['Anomaly_2020-06-01', 'cp2', 'Anomaly_2020-09-01', 'Anomaly_2020-08-01', 'Anomaly_2021-05-01']","{'estimators': [('knn_tune_mv', KNeighborsRegressor(n_neighbors=92)), ('elasticnet_cv_mv', ElasticNet(alpha=1.6)), ('xgboost_cv_mv', XGBRegressor(base_score=None, booster=None, callbacks=None,
             colsample_bylevel=None, colsample_bynode=None,
             colsample_bytree=None, early_stopping_rounds=None,
             enable_categorical=False, eval_metric=None, gamma=0, gpu_id=None,
             grow_policy=None, importance_type=None,
             interaction_constraints=None, learning_rate=0.1, max_bin=None,
             max_cat_to_onehot=None, max_delta_step=None, max_depth=None,
             max_leaves=None, min_child_weight=None, missing=nan,
             monotone_constraints=None, n_estimators=200, n_jobs=None,
             num_parallel_tree=None, predictor=None, random_state=None,
             reg_alpha=None, reg_lambda=None, ...)), ('lightgbm_cv_mv', LGBMRegressor(boosting_type='goss', learning_rate=0.01, max_depth=1,
              n_estimators=150))], 'final_estimator': BaggingRegressor(base_estimator=MLPRegressor(hidden_layer_sizes=(100, 100, 100),
                                             solver='lbfgs'),
                 max_features=0.5, max_samples=0.9)}",minmax,249,,False,True,0,4,159885.8626950614,0.08132442146816472,116045.92912375659,-1.1572208360506324,1230562.720490727,1208889.0,0.95,73814.04971162628,74863.10222184577,0.059889111589585625,55985.4975341852,0.8938932468971713,,,,,,159885.8626950614,0.08132442146816472,116045.92912375659,-1.1572208360506324,74863.10222184577,0.059889111589585625,55985.4975341852,0.8938932468971713,False,IAH-DOM,0.1794767410240932,Forecaster,False
63,elasticnet_cv_mv,elasticnet,"['Anomaly_2020-06-01', 'cp2', 'Anomaly_2020-09-01', 'Anomaly_2020-08-01', 'Anomaly_2021-05-01']","{'alpha': 1.6, 'l1_ratio': 0.5}",minmax,249,True,True,True,0,4,152652.0460559317,0.08289734945794759,117347.53859522066,-0.9664356388571502,1229824.2197642308,1208889.0,0.95,522237.4157453252,217579.06541575462,0.23623823400381347,143299.1894288034,0.17182538671776582,,mae,61072.770498712,,,152652.0460559317,0.08289734945794759,117347.53859522066,-0.9664356388571502,217579.06541575462,0.23623823400381347,143299.1894288034,0.17182538671776582,False,IAH-DOM,0.11836014088041337,Forecaster,False
64,xgboost_tune_mv,xgboost,"['Anomaly_2020-06-01', 'cp2', 'Anomaly_2020-09-01', 'Anomaly_2020-08-01', 'Anomaly_2021-05-01']","{'n_estimators': 200, 'scale_pos_weight': 5, 'learning_rate': 0.1, 'gamma': 3, 'subsample': 0.9}",minmax,249,True,False,True,0,4,175898.5052621011,0.09052770374790495,128897.84375,-1.6109513225997332,1179523.625,1208889.0,0.95,507.83068971448245,285.9252903329937,0.00016732737300873942,203.3283817488263,0.9999985698129503,36.0,mae,96395.64348958334,,,175898.5052621011,0.09052770374790495,128897.84375,-1.6109513225997332,285.9252903329937,0.00016732737300873942,203.3283817488263,0.9999985698129503,False,IAH-DOM,0.13127451357201803,Forecaster,False
65,elasticnet_tune_mv,elasticnet,"['Anomaly_2020-06-01', 'cp2', 'Anomaly_2020-09-01', 'Anomaly_2020-08-01', 'Anomaly_2021-05-01']","{'alpha': 1, 'l1_ratio': 0.5}",minmax,249,True,False,True,0,4,175712.39163319208,0.09750186247615136,137715.38810774934,-1.6054290863763931,1199553.6987156356,1208889.0,0.95,487954.18361248,207793.57461068756,0.2267876949666482,138838.8695815052,0.24464357433046668,36.0,mae,94118.19921954435,,,175712.39163319208,0.09750186247615136,137715.38810774934,-1.6054290863763931,207793.57461068756,0.2267876949666482,138838.8695815052,0.24464357433046668,False,IAH-DOM,0.11776838863029707,Forecaster,False
66,weighted,combo,,"{'how': 'weighted', 'determine_best_by': 'LevelTestSetMAPE'}",,249,False,False,,0,4,188054.9917938224,0.11978226876920565,165431.41530484892,-1.9843118893485472,1118895.4384076663,1208889.0,0.95,258802.22407290325,117808.89182486224,0.13432593670617582,76586.12380362503,0.7693272834636399,,,,"['lightgbm_tune_uv', 'mlp_tune_uv', 'knn_tune_mv', 'lightgbm_cv_mv', 'mlp_tune_mv', 'mlp_cv_mv', 'mlp_cv_uv', 'lightgbm_cv_uv', 'lightgbm_tune_mv', 'silverkite_tune_uv', 'silverkite_cv_uv', 'hwes_tune_uv', 'hwes_cv_uv', 'arima_tune_uv', 'prophet_cv_uv', 'elasticnet_cv_uv', 'knn_cv_mv', 'stacking_mv', 'elasticnet_cv_mv', 'xgboost_tune_mv', 'elasticnet_tune_mv', 'xgboost_cv_mv', 'xgboost_tune_uv', 'xgboost_cv_uv', 'arima_cv_uv', 'avg', 'knn_cv_uv', 'theta_tune_uv', 'theta_cv_uv', 'auto_arima', 'sgd_tune_uv', 'mlr_tune_mv', 'mlr_cv_mv', 'prophet_tune_uv', 'auto_arima_anom', 'lstm', 'stacking_uv', 'sgd_tune_mv', 'sgd_cv_mv', 'elasticnet_tune_uv', 'mlr_cv_uv', 'mlr_tune_uv', 'sgd_cv_uv', 'knn_tune_uv']","(0.03053999475992252, 0.030274814730451488, 0.03025728858105272, 0.03010695308834638, 0.030081296211318324, 0.030081296133467314, 0.030081295894714376, 0.029848927093644718, 0.029775831630893156, 0.029688674321473155, 0.029688674321473155, 0.02964022599157725, 0.02964022599157725, 0.0293879248782679, 0.029273134358460746, 0.02898178556097554, 0.028797019937038294, 0.028788645563823934, 0.028694279923231668, 0.028236507364541853, 0.02781810235156098, 0.025289954152000478, 0.025041680292928057, 0.024939562711350508, 0.024819018476493215, 0.02330033644858681, 0.022828178510032843, 0.02211847091234925, 0.021965109611665593, 0.020788586188332406, 0.019607195065873505, 0.018146032936646937, 0.018146032928431144, 0.017799834620427606, 0.015918252560081336, 0.0148207156094852, 0.01392679805417672, 0.011236091285744331, 0.009618547445574145, 0.00801478180146801, 0.008014024003636985, 0.008014024002511885, 0.003187510534397282, 0.0027763631599929564)",188054.9917938224,0.11978226876920565,165431.41530484892,-1.9843118893485472,117808.89182486224,0.13432593670617582,76586.12380362503,0.7693272834636399,False,IAH-DOM,0.07463477636674169,Forecaster,False
67,xgboost_cv_mv,xgboost,"['Anomaly_2020-06-01', 'cp2', 'Anomaly_2020-09-01', 'Anomaly_2020-08-01', 'Anomaly_2021-05-01']","{'n_estimators': 200, 'scale_pos_weight': 10, 'learning_rate': 0.1, 'gamma': 0, 'subsample': 0.8}",minmax,249,True,True,True,0,4,227871.76003367276,0.13964214828833701,193231.625,-3.3818296597026043,1074900.5,1208889.0,0.95,685.5653011616064,321.05346499741614,0.00021314318668311043,237.84052230046947,0.9999981968061291,,mae,76603.06948005698,,,227871.76003367276,0.13964214828833701,193231.625,-3.3818296597026043,321.05346499741614,0.00021314318668311043,237.84052230046947,0.9999981968061291,False,IAH-DOM,0.13608757704442434,Forecaster,False
68,xgboost_tune_uv,xgboost,"['Anomaly_2020-06-01', 'cp2', 'Anomaly_2020-09-01', 'Anomaly_2020-08-01', 'Anomaly_2021-05-01', 'AR1', 'AR12', 'AR24', 'AR36']","{'n_estimators': 150, 'scale_pos_weight': 10, 'learning_rate': 0.1, 'gamma': 0, 'subsample': 0.9}",minmax,249,True,False,True,0,4,218975.80921802408,0.14378048613689545,196267.390625,-3.046380853915206,1028515.6875,1208889.0,0.95,8281.098267880117,4454.866652565386,0.002708358525991265,3311.2892458920187,0.9996528180666073,36.0,rmse,486739.23051374033,,,218975.80921802408,0.14378048613689545,196267.390625,-3.046380853915206,4454.866652565386,0.002708358525991265,3311.2892458920187,0.9996528180666073,False,IAH-DOM,0.08704822744995752,Forecaster,False
69,xgboost_cv_uv,xgboost,"['Anomaly_2020-06-01', 'cp2', 'Anomaly_2020-09-01', 'Anomaly_2020-08-01', 'Anomaly_2021-05-01', 'AR1', 'AR12', 'AR24', 'AR36']","{'n_estimators': 150, 'scale_pos_weight': 10, 'learning_rate': 0.1, 'gamma': 3, 'subsample': 0.8}",minmax,249,True,True,True,0,4,223209.80795747766,0.14548262688753466,199152.0,-3.2043709320595717,1039127.125,1208889.0,0.95,7643.124160472272,3992.920993794496,0.002430374667069688,2982.3848664906104,0.9997210867579949,,rmse,251898.519034603,,,223209.80795747766,0.14548262688753466,199152.0,-3.2043709320595717,3992.920993794496,0.002430374667069688,2982.3848664906104,0.9997210867579949,False,IAH-DOM,0.08731368123907748,Forecaster,False
70,arima_cv_uv,arima,"['Anomaly_2020-06-01', 'cp2', 'Anomaly_2020-09-01', 'Anomaly_2020-08-01', 'Anomaly_2021-05-01']","{'order': (0, 1, 2), 'seasonal_order': (0, 1, 1, 12)}",,249,True,True,True,0,4,205241.05239807622,0.14749191119720473,197991.54003338396,-2.554699908095004,1000495.4786568122,1208889.0,0.95,337906.14628232596,137228.3692079487,0.08868441317584405,67470.14329049169,0.6424239944122052,,rmse,279374.2995608076,,,205241.05239807622,0.14749191119720473,197991.54003338396,-2.554699908095004,137228.3692079487,0.08868441317584405,67470.14329049169,0.6424239944122052,False,IAH-DOM,0.07295518161963208,Forecaster,False
71,avg,combo,,{'how': 'simple'},,249,False,False,,0,4,251601.6107853366,0.17280597099992157,235445.79592688466,-4.341968362096468,1037802.906449739,1208889.0,0.95,211434.80009827626,107362.58650277457,0.12293412903132381,71138.65036481022,0.8084218302502841,,,,"['knn_cv_mv', 'mlr_cv_mv', 'elasticnet_cv_mv', 'sgd_cv_mv', 'xgboost_cv_mv', 'lightgbm_cv_mv', 'mlp_cv_mv', 'knn_tune_mv', 'mlr_tune_mv', 'elasticnet_tune_mv', 'sgd_tune_mv', 'xgboost_tune_mv', 'lightgbm_tune_mv', 'mlp_tune_mv', 'stacking_mv', 'auto_arima', 'auto_arima_anom', 'knn_cv_uv', 'mlr_cv_uv', 'elasticnet_cv_uv', 'sgd_cv_uv', 'xgboost_cv_uv', 'lightgbm_cv_uv', 'mlp_cv_uv', 'hwes_cv_uv', 'arima_cv_uv', 'prophet_cv_uv', 'silverkite_cv_uv', 'theta_cv_uv', 'knn_tune_uv', 'mlr_tune_uv', 'elasticnet_tune_uv', 'sgd_tune_uv', 'xgboost_tune_uv', 'lightgbm_tune_uv', 'mlp_tune_uv', 'hwes_tune_uv', 'arima_tune_uv', 'prophet_tune_uv', 'silverkite_tune_uv', 'theta_tune_uv', 'stacking_uv', 'lstm']",,251601.6107853366,0.17280597099992157,235445.79592688466,-4.341968362096468,107362.58650277457,0.12293412903132381,71138.65036481022,0.8084218302502841,False,IAH-DOM,0.08179264318419197,Forecaster,False
72,knn_cv_uv,knn,"['Anomaly_2020-06-01', 'cp2', 'Anomaly_2020-09-01', 'Anomaly_2020-08-01', 'Anomaly_2021-05-01', 'AR1', 'AR12', 'AR24', 'AR36']",{'n_neighbors': 39},minmax,249,True,True,True,0,4,261128.93610071138,0.18067610712667853,245979.44871794872,-4.754193682270432,1036776.4871794871,1208889.0,0.95,398881.34439327253,173406.36728621845,0.19016645643259686,102916.29577464786,0.4739611978858459,,rmse,228134.45465659446,,,261128.93610071138,0.18067610712667853,245979.44871794872,-4.754193682270432,173406.36728621845,0.19016645643259686,102916.29577464786,0.4739611978858459,False,IAH-DOM,0.20359743833029623,Forecaster,False
73,theta_tune_uv,theta,,"{'theta': 0.5, 'model_mode': <ModelMode.ADDITIVE: 'additive'>, 'season_mode': <SeasonalityMode.ADDITIVE: 'additive'>, 'trend_mode': <TrendMode.EXPONENTIAL: 'exponential'>}",,249,True,False,True,0,4,290014.5597560681,0.1925058254219373,264361.8140924491,-6.097641840888799,1083102.8452220126,1208889.0,0.95,278001.1395578909,148623.3136437012,0.14916215225107674,105247.0030998084,0.5840131341987744,36.0,rmse,505648.93763600296,,,290014.5597560681,0.1925058254219373,264361.8140924491,-6.097641840888799,148623.3136437012,0.14916215225107674,105247.0030998084,0.5840131341987744,False,IAH-DOM,0.09234545572800323,Forecaster,False
74,theta_cv_uv,theta,,"{'theta': 1, 'model_mode': <ModelMode.ADDITIVE: 'additive'>, 'season_mode': <SeasonalityMode.ADDITIVE: 'additive'>, 'trend_mode': <TrendMode.EXPONENTIAL: 'exponential'>}",,249,True,True,True,0,4,292824.0550612897,0.195062119014402,267702.907979707,-6.2358237234974645,1078076.4990538207,1208889.0,0.95,236076.6850240312,148800.85606934878,0.14929893847387396,104537.03650258546,0.5830186814656267,,rmse,210760.9446893055,,,292824.0550612897,0.195062119014402,267702.907979707,-6.2358237234974645,148800.85606934878,0.14929893847387396,104537.03650258546,0.5830186814656267,False,IAH-DOM,0.09187070139460587,Forecaster,False
75,auto_arima,arima,,"{'order': (2, 1, 4), 'seasonal_order': (1, 0, 2, 12), 'trend': None}",,249,False,False,True,0,4,295924.9289601354,0.21467292874961075,287648.05873559404,-6.389883319027492,907539.4430854224,1208889.0,0.95,235404.20293226925,126749.5189296353,0.08661473429591014,69680.97725136497,0.694948472941334,,,,,,295924.9289601354,0.21467292874961075,287648.05873559404,-6.389883319027492,126749.5189296353,0.08661473429591014,69680.97725136497,0.694948472941334,False,IAH-DOM,0.06532574345518065,Forecaster,False
76,sgd_tune_uv,sgd,"['Anomaly_2020-06-01', 'cp2', 'Anomaly_2020-09-01', 'Anomaly_2020-08-01', 'Anomaly_2021-05-01', 'AR1', 'AR12', 'AR24', 'AR36']","{'penalty': 'l2', 'l1_ratio': 0.85, 'learning_rate': 'optimal'}",minmax,249,True,False,True,0,4,325919.50272482773,0.2343648754341649,315773.2798870757,-7.963862275831712,923406.2129546416,1208889.0,0.95,138960.61677124162,163574.21412349725,0.13151182060482608,134752.81168488477,0.5319229106259135,36.0,rmse,426734.8585919604,,,325919.50272482773,0.2343648754341649,315773.2798870757,-7.963862275831712,163574.21412349725,0.13151182060482608,134752.81168488477,0.5319229106259135,False,IAH-DOM,0.28295770615188304,Forecaster,False
77,mlr_tune_mv,mlr,"['Anomaly_2020-06-01', 'cp2', 'Anomaly_2020-09-01', 'Anomaly_2020-08-01', 'Anomaly_2021-05-01']",{},minmax,249,True,False,True,0,4,363062.51259423565,0.2587201682742972,348552.72424690693,-10.12339334420037,867376.2853301931,1208889.0,0.95,140379.65498441816,91692.38384667355,0.08630290906254066,59985.8897259054,0.8529197947514249,36.0,mae,184021.80622431554,,,363062.51259423565,0.2587201682742972,348552.72424690693,-10.12339334420037,91692.38384667355,0.08630290906254066,59985.8897259054,0.8529197947514249,False,IAH-DOM,0.09164034508236128,Forecaster,False
78,mlr_cv_mv,mlr,"['Anomaly_2020-06-01', 'cp2', 'Anomaly_2020-09-01', 'Anomaly_2020-08-01', 'Anomaly_2021-05-01']",{},,249,True,True,True,0,4,363062.5127705581,0.25872016841124174,348552.72441914014,-10.123393355004591,867376.2848663885,1208889.0,0.95,127267.73371834471,91692.38384667352,0.08630290909071522,59985.88972103302,0.8529197947514249,,mae,139516.26617813602,,,363062.5127705581,0.25872016841124174,348552.72441914014,-10.123393355004591,91692.38384667352,0.08630290909071522,59985.88972103302,0.8529197947514249,False,IAH-DOM,0.09164034494688535,Forecaster,False
79,prophet_tune_uv,prophet,[],{'n_changepoints': 3},,249,True,False,True,0,4,358564.7757383778,0.2644907540317763,351224.2902782878,-9.849500006802177,785681.5586067735,1208889.0,0.95,355550.0470084174,178291.33780195337,0.1786112459266557,106155.88290602983,0.39641136832686086,36.0,rmse,491693.434152845,,,358564.7757383778,0.2644907540317763,351224.2902782878,-9.849500006802177,178291.33780195337,0.1786112459266557,106155.88290602983,0.39641136832686086,False,IAH-DOM,0.08659283182653668,Forecaster,False
80,auto_arima_anom,arima,"['Anomaly_2020-06-01', 'cp2', 'Anomaly_2020-09-01', 'Anomaly_2020-08-01', 'Anomaly_2021-05-01']","{'order': (2, 1, 4), 'seasonal_order': (1, 0, 2, 12)}",,249,False,False,True,0,4,401545.7405812786,0.2958537911416486,395483.7710558254,-12.606440414142224,805076.0365316607,1208889.0,0.95,166665.70521658508,126861.11216260171,0.08669803840404454,69487.80384858255,0.6944110875222702,,,,,,401545.7405812786,0.2958537911416486,395483.7710558254,-12.606440414142224,126861.11216260171,0.08669803840404454,69487.80384858255,0.6944110875222702,False,IAH-DOM,0.060515638477432146,Forecaster,False
81,lstm,rnn,,"{'lags': 48, 'layers_struct': [('LSTM', {'units': 100, 'dropout': 0, 'return_sequences': False}), ('LSTM', {'units': 100, 'dropout': 0, 'return_sequences': False}), ('Dense', {'units': 10}), ('Dense', {'units': 10})], 'epochs': 8, 'random_seed': 42, 'validation_split': 0.2}",minmax,249,False,False,,0,4,438340.727078046,0.31414801961907574,424682.52713323385,-15.214297026915503,928363.657381475,1208889.0,0.95,230438.23351167692,221331.148347338,0.2508578815466274,145285.54135300042,0.18581112640726571,,,,,,438340.727078046,0.31414801961907574,424682.52713323385,-15.214297026915503,221331.148347338,0.2508578815466274,145285.54135300042,0.18581112640726571,False,IAH-DOM,0.1421706196558092,Forecaster,False
82,stacking_uv,stacking,"['Anomaly_2020-06-01', 'cp2', 'Anomaly_2020-09-01', 'Anomaly_2020-08-01', 'Anomaly_2021-05-01', 'AR1', 'AR12', 'AR24', 'AR36']","{'estimators': [('knn_cv_uv', KNeighborsRegressor(n_neighbors=39)), ('sgd_cv_uv', SGDRegressor(l1_ratio=1, learning_rate='constant')), ('elasticnet_cv_uv', ElasticNet(alpha=1.4)), ('xgboost_cv_uv', XGBRegressor(base_score=None, booster=None, callbacks=None,
             colsample_bylevel=None, colsample_bynode=None,
             colsample_bytree=None, early_stopping_rounds=None,
             enable_categorical=False, eval_metric=None, gamma=3, gpu_id=None,
             grow_policy=None, importance_type=None,
             interaction_constraints=None, learning_rate=0.1, max_bin=None,
             max_cat_to_onehot=None, max_delta_step=None, max_depth=None,
             max_leaves=None, min_child_weight=None, missing=nan,
             monotone_constraints=None, n_estimators=150, n_jobs=None,
             num_parallel_tree=None, predictor=None, random_state=None,
             reg_alpha=None, reg_lambda=None, ...))], 'final_estimator': BaggingRegressor(base_estimator=MLPRegressor(hidden_layer_sizes=(100, 100, 100),
                                             solver='lbfgs'),
                 max_features=0.5, max_samples=0.9)}",minmax,249,False,False,True,0,4,454923.07557723834,0.3290482304847909,443495.9916335512,-16.46426892982547,915052.1489037201,1208889.0,0.95,229378.64660243262,129710.5388553143,0.14129949492092972,81348.22474357484,0.7056674949554427,,,,,,454923.07557723834,0.3290482304847909,443495.9916335512,-16.46426892982547,129710.5388553143,0.14129949492092972,81348.22474357484,0.7056674949554427,False,IAH-DOM,0.1312345042035643,Forecaster,False
83,sgd_tune_mv,sgd,"['Anomaly_2020-06-01', 'cp2', 'Anomaly_2020-09-01', 'Anomaly_2020-08-01', 'Anomaly_2021-05-01']","{'penalty': 'l1', 'l1_ratio': 0, 'learning_rate': 'constant'}",minmax,249,True,False,True,0,4,514343.6850599917,0.3738981139996239,501123.48548002,-21.32447741025889,714475.6882431321,1208889.0,0.95,186131.21280778243,100733.1026202355,0.09505433152219991,70852.88292950693,0.8224862000350295,36.0,mae,152850.09382091634,,,514343.6850599917,0.3738981139996239,501123.48548002,-21.32447741025889,100733.1026202355,0.09505433152219991,70852.88292950693,0.8224862000350295,False,IAH-DOM,0.10637887684948058,Forecaster,False
84,sgd_cv_mv,sgd,"['Anomaly_2020-06-01', 'cp2', 'Anomaly_2020-09-01', 'Anomaly_2020-08-01', 'Anomaly_2021-05-01']","{'penalty': 'l1', 'l1_ratio': 0, 'learning_rate': 'constant'}",minmax,249,True,True,True,0,4,549821.5507811275,0.40086004595850266,536864.1402701107,-24.51044262777558,678357.6312398805,1208889.0,0.95,180270.50361983074,106197.08895886473,0.09839232191590172,77657.51930744972,0.8027064333591528,,mae,125506.79045615961,,,549821.5507811275,0.40086004595850266,536864.1402701107,-24.51044262777558,106197.08895886473,0.09839232191590172,77657.51930744972,0.8027064333591528,False,IAH-DOM,0.11938023505371183,Forecaster,False
85,elasticnet_tune_uv,elasticnet,"['Anomaly_2020-06-01', 'cp2', 'Anomaly_2020-09-01', 'Anomaly_2020-08-01', 'Anomaly_2021-05-01', 'AR1', 'AR12', 'AR24', 'AR36']","{'alpha': 0.8, 'l1_ratio': 1}",scale,249,True,False,True,0,4,581523.9595394089,0.4275923168871394,570637.757384705,-27.53709119146027,604027.6937121534,1208889.0,0.95,172035.11138339294,108747.01566060625,0.10095479212123462,78186.1277473654,0.7931181483603158,36.0,rmse,485390.7832602906,,,581523.9595394089,0.4275923168871394,570637.757384705,-27.53709119146027,108747.01566060625,0.10095479212123462,78186.1277473654,0.7931181483603158,False,IAH-DOM,0.12064858240278992,Forecaster,False
86,mlr_cv_uv,mlr,"['Anomaly_2020-06-01', 'cp2', 'Anomaly_2020-09-01', 'Anomaly_2020-08-01', 'Anomaly_2021-05-01', 'AR1', 'AR12', 'AR24', 'AR36']",{},minmax,249,True,True,True,0,4,581540.7500876652,0.42760494819458916,570654.4682810808,-27.538739138432234,604008.6042277345,1208889.0,0.95,217236.9273842048,108747.01563497438,0.10095375477695584,78185.91045831422,0.7931181484578408,,rmse,264325.6666629087,,,581540.7500876652,0.42760494819458916,570654.4682810808,-27.538739138432234,108747.01563497438,0.10095375477695584,78185.91045831422,0.7931181484578408,False,IAH-DOM,0.1318724766472252,Forecaster,False
87,mlr_tune_uv,mlr,"['Anomaly_2020-06-01', 'cp2', 'Anomaly_2020-09-01', 'Anomaly_2020-08-01', 'Anomaly_2021-05-01', 'AR1', 'AR12', 'AR24', 'AR36']",{},,249,True,False,True,0,4,581540.7501131548,0.42760494821334283,570654.4683057761,-27.538739140934005,604008.6041941273,1208889.0,0.95,233568.42078121763,108747.01563497435,0.10095375477603673,78185.91045989748,0.7931181484578408,36.0,rmse,485385.4236624491,,,581540.7501131548,0.42760494821334283,570654.4683057761,-27.538739140934005,108747.01563497435,0.10095375477603673,78185.91045989748,0.7931181484578408,False,IAH-DOM,0.1318724766472252,Forecaster,False
88,sgd_cv_uv,sgd,"['Anomaly_2020-06-01', 'cp2', 'Anomaly_2020-09-01', 'Anomaly_2020-08-01', 'Anomaly_2021-05-01', 'AR1', 'AR12', 'AR24', 'AR36']","{'penalty': 'l2', 'l1_ratio': 1, 'learning_rate': 'constant'}",minmax,249,True,True,True,0,4,688054.9987240752,0.5080553969085857,678182.901824584,-38.95036816160083,516347.57784871635,1208889.0,0.95,172501.69935314578,111043.95411874402,0.10718756392183262,80024.57850770421,0.7842863955701527,,rmse,254140.37863018748,,,688054.9987240752,0.5080553969085857,678182.901824584,-38.95036816160083,111043.95411874402,0.10718756392183262,80024.57850770421,0.7842863955701527,False,IAH-DOM,0.18277506241827296,Forecaster,False
89,knn_tune_uv,knn,"['Anomaly_2020-06-01', 'cp2', 'Anomaly_2020-09-01', 'Anomaly_2020-08-01', 'Anomaly_2021-05-01', 'AR1', 'AR12', 'AR24', 'AR36']",{'n_neighbors': 8},minmax,249,True,False,True,0,4,701322.8084070064,0.5149085821258684,691336.4375,-40.505954312157016,641411.875,1208889.0,0.95,161715.37861183906,97777.57134418511,0.08829679722670342,64719.505281690144,0.8327499750356886,36.0,rmse,499710.5163389856,,,701322.8084070064,0.5149085821258684,691336.4375,-40.505954312157016,97777.57134418511,0.08829679722670342,64719.505281690144,0.8327499750356886,False,IAH-DOM,0.07413482391025186,Forecaster,False
90,arima_tune_uv,arima,,"{'order': (1, 1, 1), 'seasonal_order': (0, 1, 1, 12)}",,249,True,False,True,0,4,14695.334971041102,0.04336827833311199,12559.687207487106,0.9241946447030637,275147.9974382749,252301.0,0.95,80955.19899943125,37573.450713913306,0.12471669591777042,21337.94723321085,0.8668389469298585,36,rmse,207189.4104920117,,,14695.334971041102,0.04336827833311199,12559.687207487106,0.9241946447030637,37573.450713913306,0.12471669591777042,21337.94723321085,0.8668389469298585,True,IAH-Int,0.07212088920622292,Forecaster,False
91,auto_arima,arima,,"{'order': (5, 1, 4), 'seasonal_order': (1, 0, 1, 12), 'trend': None}",,249,False,False,True,0,4,19969.37047075051,0.05947415367263664,17470.57396243175,0.8600188182009889,279831.2019288297,252301.0,0.95,66283.4806563674,37004.11655298784,0.12174233488513919,22051.21901476348,0.8708438361930265,,,,,,19969.37047075051,0.05947415367263664,17470.57396243175,0.8600188182009889,37004.11655298784,0.12174233488513919,22051.21901476348,0.8708438361930265,False,IAH-Int,0.06532574345518065,Forecaster,False
92,knn_cv_uv,knn,"['Anomaly_2020-06-01', 'cp2', 'Anomaly_2020-09-01', 'Anomaly_2020-08-01', 'Anomaly_2021-05-01', 'AR1', 'AR12', 'AR24', 'AR36']",{'n_neighbors': 39},minmax,249,True,True,True,0,4,28207.900089960734,0.07889974349475594,26208.346153846156,0.7206926135271495,276735.0512820513,252301.0,0.95,125972.5180490114,59946.36188083024,0.39159953970323985,32741.46021427712,0.6483127537856719,,rmse,102965.58745615675,,,28207.900089960734,0.07889974349475594,26208.346153846156,0.7206926135271495,59946.36188083024,0.39159953970323985,32741.46021427712,0.6483127537856719,False,IAH-Int,0.20359743833029623,Forecaster,False
93,hwes_tune_uv,hwes,,"{'trend': 'add', 'seasonal': 'add'}",,249,True,False,True,0,4,26250.96048375902,0.08185509802617294,24683.61783084793,0.7581025422774255,212861.15902726026,252301.0,0.95,80329.55982396378,31362.28632242798,0.15460618228285095,17560.473661785796,0.9072251015746051,36,rmse,210855.58083343247,,,26250.96048375902,0.08185509802617294,24683.61783084793,0.7581025422774255,31362.28632242798,0.15460618228285095,17560.473661785796,0.9072251015746051,False,IAH-Int,0.026248673309414126,Forecaster,False
94,hwes_cv_uv,hwes,,"{'trend': 'add', 'seasonal': 'add'}",,249,True,True,True,0,4,26250.96048375902,0.08185509802617294,24683.61783084793,0.7581025422774255,212861.15902726026,252301.0,0.95,74291.30472820584,31362.28632242798,0.15460618228285095,17560.473661785796,0.9072251015746051,,rmse,80150.56934100662,,,26250.96048375902,0.08185509802617294,24683.61783084793,0.7581025422774255,31362.28632242798,0.15460618228285095,17560.473661785796,0.9072251015746051,False,IAH-Int,0.02086444560417384,Forecaster,False
95,stacking_uv,stacking,"['Anomaly_2020-06-01', 'cp2', 'Anomaly_2020-09-01', 'Anomaly_2020-08-01', 'Anomaly_2021-05-01', 'AR1', 'AR12', 'AR24', 'AR36']","{'estimators': [('knn_cv_uv', KNeighborsRegressor(n_neighbors=39)), ('sgd_cv_uv', SGDRegressor(learning_rate='constant', penalty='l1')), ('elasticnet_cv_uv', ElasticNet(alpha=0.1, l1_ratio=0.25)), ('xgboost_cv_uv', XGBRegressor(base_score=None, booster=None, callbacks=None,
             colsample_bylevel=None, colsample_bynode=None,
             colsample_bytree=None, early_stopping_rounds=None,
             enable_categorical=False, eval_metric=None, gamma=0, gpu_id=None,
             grow_policy=None, importance_type=None,
             interaction_constraints=None, learning_rate=0.1, max_bin=None,
             max_cat_to_onehot=None, max_delta_step=None, max_depth=None,
             max_leaves=None, min_child_weight=None, missing=nan,
             monotone_constraints=None, n_estimators=200, n_jobs=None,
             num_parallel_tree=None, predictor=None, random_state=None,
             reg_alpha=None, reg_lambda=None, ...))], 'final_estimator': BaggingRegressor(base_estimator=MLPRegressor(hidden_layer_sizes=(100, 100, 100),
                                             solver='lbfgs'),
                 max_features=0.5, max_samples=0.9)}",minmax,249,False,False,True,0,4,40887.69816051665,0.09079628456147609,32747.794777234332,0.4131511856644038,261948.4127052608,252301.0,0.95,71877.52902358986,46906.32502558043,0.2353123008307346,34016.2870638836,0.7846753380520045,,,,,,40887.69816051665,0.09079628456147609,32747.794777234332,0.4131511856644038,46906.32502558043,0.2353123008307346,34016.2870638836,0.7846753380520045,False,IAH-Int,0.1312345042035643,Forecaster,False
96,weighted,combo,,"{'how': 'weighted', 'determine_best_by': 'LevelTestSetMAPE'}",,249,False,False,,0,4,40235.935420373804,0.09752460917277896,33575.79732226877,0.4317111796670269,278798.8258255133,252301.0,0.95,68641.60557027618,42836.82433482316,0.26480315306291463,28810.266743274486,0.8221279245398588,,,,"['arima_tune_uv', 'auto_arima', 'knn_cv_uv', 'hwes_tune_uv', 'hwes_cv_uv', 'stacking_uv', 'avg', 'stacking_mv', 'knn_tune_uv', 'xgboost_cv_uv', 'elasticnet_tune_uv', 'lightgbm_tune_mv', 'elasticnet_tune_mv', 'theta_cv_uv', 'theta_tune_uv', 'elasticnet_cv_mv', 'xgboost_cv_mv', 'lightgbm_cv_uv', 'xgboost_tune_uv', 'lightgbm_tune_uv', 'mlp_tune_uv', 'mlp_tune_mv', 'mlp_cv_mv', 'lightgbm_cv_mv', 'xgboost_tune_mv', 'elasticnet_cv_uv', 'knn_cv_mv', 'silverkite_tune_uv', 'silverkite_cv_uv', 'knn_tune_mv', 'auto_arima_anom', 'arima_cv_uv', 'lstm', 'sgd_cv_mv', 'prophet_cv_uv', 'sgd_tune_mv', 'mlr_tune_mv', 'mlr_cv_mv', 'mlr_cv_uv', 'mlr_tune_uv', 'prophet_tune_uv', 'sgd_tune_uv', 'sgd_cv_uv', 'mlp_cv_uv']","(0.03166697056431874, 0.030916074595684444, 0.030010405280712384, 0.02987261930157468, 0.02987261930157468, 0.029455758945795694, 0.028736226440558708, 0.028332173321117295, 0.027384865756642836, 0.027331783567516314, 0.02706292264125447, 0.026139794218121203, 0.026136094678924953, 0.026030582527856023, 0.02601600010883062, 0.025940661423442424, 0.025919601639896775, 0.02572083321619815, 0.02569869810325595, 0.02565477760981277, 0.025639048116673866, 0.02563904809160195, 0.025281405700432868, 0.0245577467513467, 0.024296758929472837, 0.024221132507477813, 0.024047262482715822, 0.022550558180155594, 0.022550558180155594, 0.02232543384256282, 0.021995090668577712, 0.02110272584275177, 0.018609236975643376, 0.01854286914344975, 0.018538732774456182, 0.018159653376380796, 0.014278121825299113, 0.01427812181514571, 0.011996805785606673, 0.011996805785606638, 0.01191228906491719, 0.010764961568285282, 0.009937353842347719, 0.0028788155058471583)",40235.935420373804,0.09752460917277896,33575.79732226877,0.4317111796670269,42836.82433482316,0.26480315306291463,28810.266743274486,0.8221279245398588,False,IAH-Int,0.07463477636674169,Forecaster,False
97,avg,combo,,{'how': 'simple'},,249,False,False,,0,4,47952.40260586272,0.1062294488294371,38564.48157952962,0.19283624604781324,258574.06579663974,252301.0,0.95,69980.26177350435,41381.80936009465,0.25683104534743373,28055.98531554247,0.8340060769179702,,,,"['knn_cv_mv', 'mlr_cv_mv', 'elasticnet_cv_mv', 'sgd_cv_mv', 'xgboost_cv_mv', 'lightgbm_cv_mv', 'mlp_cv_mv', 'knn_tune_mv', 'mlr_tune_mv', 'elasticnet_tune_mv', 'sgd_tune_mv', 'xgboost_tune_mv', 'lightgbm_tune_mv', 'mlp_tune_mv', 'stacking_mv', 'auto_arima', 'auto_arima_anom', 'knn_cv_uv', 'mlr_cv_uv', 'elasticnet_cv_uv', 'sgd_cv_uv', 'xgboost_cv_uv', 'lightgbm_cv_uv', 'mlp_cv_uv', 'hwes_cv_uv', 'arima_cv_uv', 'prophet_cv_uv', 'silverkite_cv_uv', 'theta_cv_uv', 'knn_tune_uv', 'mlr_tune_uv', 'elasticnet_tune_uv', 'sgd_tune_uv', 'xgboost_tune_uv', 'lightgbm_tune_uv', 'mlp_tune_uv', 'hwes_tune_uv', 'arima_tune_uv', 'prophet_tune_uv', 'silverkite_tune_uv', 'theta_tune_uv', 'stacking_uv', 'lstm']",,47952.40260586272,0.1062294488294371,38564.48157952962,0.19283624604781324,41381.80936009465,0.25683104534743373,28055.98531554247,0.8340060769179702,False,IAH-Int,0.08179264318419197,Forecaster,False
98,stacking_mv,stacking,"['Anomaly_2020-06-01', 'cp2', 'Anomaly_2020-09-01', 'Anomaly_2020-08-01', 'Anomaly_2021-05-01']","{'estimators': [('knn_tune_mv', KNeighborsRegressor(n_neighbors=92)), ('elasticnet_cv_mv', ElasticNet(alpha=1.6)), ('xgboost_cv_mv', XGBRegressor(base_score=None, booster=None, callbacks=None,
             colsample_bylevel=None, colsample_bynode=None,
             colsample_bytree=None, early_stopping_rounds=None,
             enable_categorical=False, eval_metric=None, gamma=0, gpu_id=None,
             grow_policy=None, importance_type=None,
             interaction_constraints=None, learning_rate=0.1, max_bin=None,
             max_cat_to_onehot=None, max_delta_step=None, max_depth=None,
             max_leaves=None, min_child_weight=None, missing=nan,
             monotone_constraints=None, n_estimators=200, n_jobs=None,
             num_parallel_tree=None, predictor=None, random_state=None,
             reg_alpha=None, reg_lambda=None, ...)), ('lightgbm_cv_mv', LGBMRegressor(boosting_type='goss', learning_rate=0.01, max_depth=1,
              n_estimators=150))], 'final_estimator': BaggingRegressor(base_estimator=MLPRegressor(hidden_layer_sizes=(100, 100, 100),
                                             solver='lbfgs'),
                 max_features=0.5, max_samples=0.9)}",minmax,249,,False,True,0,4,43552.78640423758,0.11489593452665739,37608.7395945305,0.3341555281976911,299418.38166691497,252301.0,0.95,58843.270498617036,32572.062589821533,0.12158633193234294,25637.116136340108,0.900012371825688,,,,,,43552.78640423758,0.11489593452665739,37608.7395945305,0.3341555281976911,32572.062589821533,0.12158633193234294,25637.116136340108,0.900012371825688,False,IAH-Int,0.1794767410240932,Forecaster,False
99,knn_tune_uv,knn,"['Anomaly_2020-06-01', 'cp2', 'Anomaly_2020-09-01', 'Anomaly_2020-08-01', 'Anomaly_2021-05-01', 'AR1', 'AR12', 'AR24', 'AR36']",{'n_neighbors': 96},minmax,249,True,False,True,0,4,47276.21275346428,0.13521461804464682,38675.11458333334,0.2154398154961562,323938.7604166667,252301.0,0.95,174620.26155119273,78101.40980509444,0.4881693671076044,45311.04875782471,0.4030352275576865,36,rmse,197953.19651435464,,,47276.21275346428,0.13521461804464682,38675.11458333334,0.2154398154961562,78101.40980509444,0.4881693671076044,45311.04875782471,0.4030352275576865,False,IAH-Int,0.07413482391025186,Forecaster,False
100,xgboost_cv_uv,xgboost,"['Anomaly_2020-06-01', 'cp2', 'Anomaly_2020-09-01', 'Anomaly_2020-08-01', 'Anomaly_2021-05-01', 'AR1', 'AR12', 'AR24', 'AR36']","{'n_estimators': 200, 'scale_pos_weight': 10, 'learning_rate': 0.1, 'gamma': 0, 'subsample': 0.8}",minmax,249,True,True,True,0,4,57112.778496553954,0.13635317139495418,47522.8984375,-0.14500526909025635,283152.0,252301.0,0.95,1533.5276891830354,745.4520919805274,0.0022803167484667136,552.1224921141431,0.9999456160894856,,rmse,114369.97884647014,,,57112.778496553954,0.13635317139495418,47522.8984375,-0.14500526909025635,745.4520919805274,0.0022803167484667136,552.1224921141431,0.9999456160894856,False,IAH-Int,0.08731368123907748,Forecaster,False
101,elasticnet_tune_uv,elasticnet,"['Anomaly_2020-06-01', 'cp2', 'Anomaly_2020-09-01', 'Anomaly_2020-08-01', 'Anomaly_2021-05-01', 'AR1', 'AR12', 'AR24', 'AR36']","{'alpha': 1.7, 'l1_ratio': 0.75}",minmax,249,True,False,True,0,4,47318.98245208026,0.14211993635697426,44360.29940039647,0.2140196263954951,318157.234122044,252301.0,0.95,173017.2583338589,86954.39970649766,0.48913604598516686,63703.95576242028,0.2600300568796525,36,rmse,190214.15183314713,,,47318.98245208026,0.14211993635697426,44360.29940039647,0.2140196263954951,86954.39970649766,0.48913604598516686,63703.95576242028,0.2600300568796525,False,IAH-Int,0.12064858240278992,Forecaster,False
102,lightgbm_tune_mv,lightgbm,"['Anomaly_2020-06-01', 'cp2', 'Anomaly_2020-09-01', 'Anomaly_2020-08-01', 'Anomaly_2021-05-01']","{'n_estimators': 200, 'boosting_type': 'goss', 'max_depth': 3, 'learning_rate': 0.001}",minmax,249,True,False,True,0,4,54845.665625360605,0.1619200044441655,47208.78575479597,-0.055906664037057574,346181.709254489,252301.0,0.95,159427.37910036228,86804.2198897631,0.4844599261277399,63252.89479249295,0.2625838686523536,36,mae,92233.34361572594,,,54845.665625360605,0.1619200044441655,47208.78575479597,-0.055906664037057574,86804.2198897631,0.4844599261277399,63252.89479249295,0.2625838686523536,False,IAH-Int,0.1306265783360452,Forecaster,False
103,elasticnet_tune_mv,elasticnet,"['Anomaly_2020-06-01', 'cp2', 'Anomaly_2020-09-01', 'Anomaly_2020-08-01', 'Anomaly_2021-05-01']","{'alpha': 1, 'l1_ratio': 0.5}",minmax,249,True,False,True,0,4,52750.26178308021,0.16199935540567995,49197.291735088336,0.02323487230582033,331589.42378665553,252301.0,0.95,164451.3849148335,83067.12189882943,0.47142660637169537,60082.29203078254,0.3247116092430994,36,mae,94118.19921954435,,,52750.26178308021,0.16199935540567995,49197.291735088336,0.02323487230582033,83067.12189882943,0.47142660637169537,60082.29203078254,0.3247116092430994,False,IAH-Int,0.11776838863029707,Forecaster,False
104,theta_cv_uv,theta,,"{'theta': 3, 'model_mode': <ModelMode.ADDITIVE: 'additive'>, 'season_mode': <SeasonalityMode.ADDITIVE: 'additive'>, 'trend_mode': <TrendMode.LINEAR: 'linear'>}",,249,True,True,True,0,4,64123.01192527694,0.164262472565587,56015.58670367663,-0.44334028870257836,296729.4220796274,252301.0,0.95,87264.26585688257,62684.89170441335,0.31854686990548214,46170.88401685617,0.6297216465016662,,rmse,98238.96545656912,,,64123.01192527694,0.164262472565587,56015.58670367663,-0.44334028870257836,62684.89170441335,0.31854686990548214,46170.88401685617,0.6297216465016662,False,IAH-Int,0.09187070139460587,Forecaster,False
105,theta_tune_uv,theta,,"{'theta': 0.5, 'model_mode': <ModelMode.ADDITIVE: 'additive'>, 'season_mode': <SeasonalityMode.ADDITIVE: 'additive'>, 'trend_mode': <TrendMode.EXPONENTIAL: 'exponential'>}",,249,True,False,True,0,4,64455.637700757594,0.1645752490789554,56356.812485201066,-0.45835322590658567,293997.1808842775,252301.0,0.95,139688.791420759,63741.10235650141,0.3089093792272406,48481.5020780916,0.6171384932981986,36,rmse,184042.70292729783,,,64455.637700757594,0.1645752490789554,56356.812485201066,-0.45835322590658567,63741.10235650141,0.3089093792272406,48481.5020780916,0.6171384932981986,False,IAH-Int,0.09234545572800323,Forecaster,False
106,elasticnet_cv_mv,elasticnet,"['Anomaly_2020-06-01', 'cp2', 'Anomaly_2020-09-01', 'Anomaly_2020-08-01', 'Anomaly_2021-05-01']","{'alpha': 1.6, 'l1_ratio': 0.5}",minmax,249,True,True,True,0,4,54716.44917918168,0.16619117928206045,49456.56919754468,-0.05093709066856178,339907.74403460405,252301.0,0.95,133632.90432146343,88718.10901230482,0.4984681056708786,64642.591290199045,0.22970778296184713,,mae,61072.770498712,,,54716.44917918168,0.16619117928206045,49456.56919754468,-0.05093709066856178,88718.10901230482,0.4984681056708786,64642.591290199045,0.22970778296184713,False,IAH-Int,0.11836014088041337,Forecaster,False
107,xgboost_cv_mv,xgboost,"['Anomaly_2020-06-01', 'cp2', 'Anomaly_2020-09-01', 'Anomaly_2020-08-01', 'Anomaly_2021-05-01']","{'n_estimators': 200, 'scale_pos_weight': 10, 'learning_rate': 0.1, 'gamma': 0, 'subsample': 0.8}",minmax,249,True,True,True,0,4,65362.80321456103,0.16664288799089869,57779.078125,-0.49969259351539375,283101.90625,252301.0,0.95,258.05336518251903,134.6032981571311,0.00035039864722495237,99.67682199970658,0.9999982268627243,,mae,76603.06948005698,,,65362.80321456103,0.16664288799089869,57779.078125,-0.49969259351539375,134.6032981571311,0.00035039864722495237,99.67682199970658,0.9999982268627243,False,IAH-Int,0.13608757704442434,Forecaster,False
108,lightgbm_cv_uv,lightgbm,"['Anomaly_2020-06-01', 'cp2', 'Anomaly_2020-09-01', 'Anomaly_2020-08-01', 'Anomaly_2021-05-01', 'AR1', 'AR12', 'AR24', 'AR36']","{'n_estimators': 200, 'boosting_type': 'gbdt', 'max_depth': 1, 'learning_rate': 0.01}",minmax,249,True,True,True,0,4,56617.06832837804,0.1709062474804246,50579.23328257806,-0.12521538779361308,346242.840194981,252301.0,0.95,134883.1852228512,63464.80172728574,0.3406132621816997,47380.73408148658,0.6058179787418907,,rmse,108037.626412666,,,56617.06832837804,0.1709062474804246,50579.23328257806,-0.12521538779361308,63464.80172728574,0.3406132621816997,47380.73408148658,0.6058179787418907,False,IAH-Int,0.0671407481211099,Forecaster,False
109,xgboost_tune_uv,xgboost,"['Anomaly_2020-06-01', 'cp2', 'Anomaly_2020-09-01', 'Anomaly_2020-08-01', 'Anomaly_2021-05-01', 'AR1', 'AR12', 'AR24', 'AR36']","{'n_estimators': 200, 'scale_pos_weight': 5, 'learning_rate': 0.2, 'gamma': 3, 'subsample': 0.9}",minmax,249,True,False,True,0,4,73580.06608366138,0.17138102079732198,61079.765625,-0.9004710340365643,230970.5,252301.0,0.95,54.76205953027964,27.742243709987378,6.34946941253369e-05,19.935074640551644,0.9999999246793391,36,rmse,218866.99884918632,,,73580.06608366138,0.17138102079732198,61079.765625,-0.9004710340365643,27.742243709987378,6.34946941253369e-05,19.935074640551644,0.9999999246793391,False,IAH-Int,0.08704822744995752,Forecaster,False
110,lightgbm_tune_uv,lightgbm,"['Anomaly_2020-06-01', 'cp2', 'Anomaly_2020-09-01', 'Anomaly_2020-08-01', 'Anomaly_2021-05-01', 'AR1', 'AR12', 'AR24', 'AR36']","{'n_estimators': 150, 'boosting_type': 'goss', 'max_depth': 1, 'learning_rate': 0.001}",minmax,249,True,False,True,0,4,59178.772021796234,0.17232306606297024,49652.5,-0.22934224507678258,354287.13130593084,252301.0,0.95,201652.46684381837,95655.8384676331,0.5216684405985824,71298.05224199427,0.10452405776818963,36,rmse,187529.54739065468,,,59178.772021796234,0.17232306606297024,49652.5,-0.22934224507678258,95655.8384676331,0.5216684405985824,71298.05224199427,0.10452405776818963,False,IAH-Int,0.12072764982792251,Forecaster,False
111,mlp_tune_uv,mlp,"['Anomaly_2020-06-01', 'cp2', 'Anomaly_2020-09-01', 'Anomaly_2020-08-01', 'Anomaly_2021-05-01', 'AR1', 'AR12', 'AR24', 'AR36']","{'activation': 'tanh', 'hidden_layer_sizes': (25,), 'solver': 'lbfgs'}",minmax,249,True,False,True,0,4,59481.658566794045,0.17266044602801364,49652.5,-0.24195839405832564,354980.7667124158,252301.0,0.95,233510.46746841818,101084.48935833086,0.5550814222269816,75047.88899565731,-1.5543122344752192e-15,36,rmse,185678.05106403364,,,59481.658566794045,0.17266044602801364,49652.5,-0.24195839405832564,101084.48935833086,0.5550814222269816,75047.88899565731,-1.5543122344752192e-15,False,IAH-Int,0.12260207289245059,Forecaster,False
112,mlp_tune_mv,mlp,"['Anomaly_2020-06-01', 'cp2', 'Anomaly_2020-09-01', 'Anomaly_2020-08-01', 'Anomaly_2021-05-01']","{'activation': 'tanh', 'hidden_layer_sizes': (25, 25), 'solver': 'lbfgs'}",minmax,249,True,False,True,0,4,59481.659054795346,0.1726604465657782,49652.5,-0.2419584144369542,354980.76781803137,252301.0,0.95,166715.0276403641,101084.48935833461,0.5550813859003495,75047.88956428219,-7.593925488436071e-14,36,mae,92561.56849664316,,,59481.659054795346,0.1726604465657782,49652.5,-0.2419584144369542,101084.48935833461,0.5550813859003495,75047.88956428219,-7.593925488436071e-14,False,IAH-Int,0.12260200769080747,Forecaster,False
113,mlp_cv_mv,mlp,"['Anomaly_2020-06-01', 'cp2', 'Anomaly_2020-09-01', 'Anomaly_2020-08-01', 'Anomaly_2021-05-01']","{'activation': 'tanh', 'hidden_layer_sizes': (25, 25), 'solver': 'lbfgs'}",minmax,249,True,True,True,0,4,72222.82443600292,0.1803314742565715,50315.79103131688,-0.8310063252737854,386778.58206263377,252301.0,0.95,157561.44471205672,101084.4893583308,0.5550814292403188,75047.88888587676,-2.220446049250313e-16,,mae,65761.71674272016,,,72222.82443600292,0.1803314742565715,50315.79103131688,-0.8310063252737854,101084.4893583308,0.5550814292403188,75047.88888587676,-2.220446049250313e-16,False,IAH-Int,0.11918730906300773,Forecaster,False
114,lightgbm_cv_mv,lightgbm,"['Anomaly_2020-06-01', 'cp2', 'Anomaly_2020-09-01', 'Anomaly_2020-08-01', 'Anomaly_2021-05-01']","{'n_estimators': 150, 'boosting_type': 'goss', 'max_depth': 1, 'learning_rate': 0.01}",minmax,249,True,True,True,0,4,74039.13148238165,0.19585314611147747,53734.921593577135,-0.9242590547312717,379574.76948440453,252301.0,0.95,144690.30373047566,65934.89843974459,0.3624681886048018,48722.93748522616,0.5745371547504997,,mae,60923.70701790499,,,74039.13148238165,0.19585314611147747,53734.921593577135,-0.9242590547312717,65934.89843974459,0.3624681886048018,48722.93748522616,0.5745371547504997,False,IAH-Int,0.12415419977315195,Forecaster,False
115,xgboost_tune_mv,xgboost,"['Anomaly_2020-06-01', 'cp2', 'Anomaly_2020-09-01', 'Anomaly_2020-08-01', 'Anomaly_2021-05-01']","{'n_estimators': 200, 'scale_pos_weight': 5, 'learning_rate': 0.1, 'gamma': 3, 'subsample': 0.9}",minmax,249,True,False,True,0,4,71912.0034336654,0.20145104182515344,66985.3984375,-0.8152802555067724,313428.46875,252301.0,0.95,202.60828150596686,130.48154499211074,0.0003321444913305903,96.50745947036386,0.9999983337922976,36,mae,96395.64348958334,,,71912.0034336654,0.20145104182515344,66985.3984375,-0.8152802555067724,130.48154499211074,0.0003321444913305903,96.50745947036386,0.9999983337922976,False,IAH-Int,0.13127451357201803,Forecaster,False
116,elasticnet_cv_uv,elasticnet,"['Anomaly_2020-06-01', 'cp2', 'Anomaly_2020-09-01', 'Anomaly_2020-08-01', 'Anomaly_2021-05-01', 'AR1', 'AR12', 'AR24', 'AR36']","{'alpha': 0.1, 'l1_ratio': 0.25}",minmax,249,True,True,True,0,4,76907.8626539902,0.203073143655373,70218.9896610959,-1.0762631291690297,223792.6192541552,252301.0,0.95,139204.98359162576,59233.71670146554,0.35258231084746644,42516.35703391385,0.6566248005149073,,rmse,101811.60236170441,,,76907.8626539902,0.203073143655373,70218.9896610959,-1.0762631291690297,59233.71670146554,0.35258231084746644,42516.35703391385,0.6566248005149073,False,IAH-Int,0.12111954527621954,Forecaster,False
117,knn_cv_mv,knn,"['Anomaly_2020-06-01', 'cp2', 'Anomaly_2020-09-01', 'Anomaly_2020-08-01', 'Anomaly_2021-05-01']",{'n_neighbors': 54},minmax,249,True,True,True,0,4,75516.96326383264,0.20680246044633915,58082.148148148146,-1.00184267226919,367832.8888888889,252301.0,0.95,111490.98195236558,71547.99658651448,0.455577572329126,40013.59946096332,0.49901362809296,,mae,60332.51090534978,,,75516.96326383264,0.20680246044633915,58082.148148148146,-1.00184267226919,71547.99658651448,0.455577572329126,40013.59946096332,0.49901362809296,False,IAH-Int,0.08286054317376171,Forecaster,False
118,silverkite_tune_uv,silverkite,"['Anomaly_2020-06-01', 'cp2', 'Anomaly_2020-09-01', 'Anomaly_2020-08-01', 'Anomaly_2021-05-01']",{'changepoints': 1},,249,True,False,True,0,4,91474.7124560622,0.23890508707384392,65893.47714307896,-1.93726421047847,393477.4215411374,252301.0,0.95,201990.36039655257,91885.61838145438,0.51434355633619,60795.184021457266,0.20363870965185493,36,rmse,212986.27647226103,,,91474.7124560622,0.23890508707384392,65893.47714307896,-1.93726421047847,91885.61838145438,0.51434355633619,60795.184021457266,0.20363870965185493,False,IAH-Int,0.05873676144730609,Forecaster,False
119,silverkite_cv_uv,silverkite,,{'changepoints': 2},,249,True,True,True,0,4,91474.7124560622,0.23890508707384392,65893.47714307896,-1.93726421047847,393477.4215411374,252301.0,0.95,120610.12424570209,91885.61838145438,0.51434355633619,60795.184021457266,0.20363870965185493,,rmse,122317.55307447478,,,91474.7124560622,0.23890508707384392,65893.47714307896,-1.93726421047847,91885.61838145438,0.51434355633619,60795.184021457266,0.20363870965185493,False,IAH-Int,0.05873676144730609,Forecaster,False
120,knn_tune_mv,knn,"['Anomaly_2020-06-01', 'cp2', 'Anomaly_2020-09-01', 'Anomaly_2020-08-01', 'Anomaly_2021-05-01']",{'n_neighbors': 92},minmax,249,True,False,True,0,4,85160.67413920784,0.2437337513211122,69562.69565217392,-1.5457695583621667,384826.76086956525,252301.0,0.95,182792.73961185385,79813.92114682379,0.4972922904553776,47053.3937538273,0.3765692031793537,36,mae,93646.66567028985,,,85160.67413920784,0.2437337513211122,69562.69565217392,-1.5457695583621667,79813.92114682379,0.4972922904553776,47053.3937538273,0.3765692031793537,False,IAH-Int,0.08803001078982255,Forecaster,False
121,auto_arima_anom,arima,"['Anomaly_2020-06-01', 'cp2', 'Anomaly_2020-09-01', 'Anomaly_2020-08-01', 'Anomaly_2021-05-01']","{'order': (5, 1, 4), 'seasonal_order': (1, 0, 1, 12)}",,249,False,False,True,0,4,82259.47020933188,0.2508192414578401,81708.4330747461,-1.3752685794736252,183201.0524432123,252301.0,0.95,58535.3205978984,36608.54926051483,0.1405229483799451,23240.633394469605,0.8735903891491446,,,,,,82259.47020933188,0.2508192414578401,81708.4330747461,-1.3752685794736252,36608.54926051483,0.1405229483799451,23240.633394469605,0.8735903891491446,False,IAH-Int,0.060515638477432146,Forecaster,False
122,arima_cv_uv,arima,"['Anomaly_2020-06-01', 'cp2', 'Anomaly_2020-09-01', 'Anomaly_2020-08-01', 'Anomaly_2021-05-01']","{'order': (2, 1, 0), 'seasonal_order': (0, 1, 1, 12)}",,249,True,True,True,0,4,85878.71834004397,0.2699594649275029,85490.71935883246,-1.5888805717738492,156364.37620496837,252301.0,0.95,78286.60020195748,37084.88713973256,0.12071877283039166,20829.56544679403,0.870279390648631,,rmse,74457.00698500132,,,85878.71834004397,0.2699594649275029,85490.71935883246,-1.5888805717738492,37084.88713973256,0.12071877283039166,20829.56544679403,0.870279390648631,False,IAH-Int,0.07295518161963208,Forecaster,False
123,lstm,rnn,,"{'lags': 48, 'layers_struct': [('LSTM', {'units': 100, 'dropout': 0, 'return_sequences': False}), ('LSTM', {'units': 100, 'dropout': 0, 'return_sequences': False}), ('Dense', {'units': 10}), ('Dense', {'units': 10})], 'epochs': 8, 'random_seed': 42, 'validation_split': 0.2}",minmax,249,False,False,,0,4,121395.39609890072,0.32344200116642,111605.33651563263,-4.173034092724023,208737.57080838233,252301.0,0.95,238886.64899636147,90012.35238242013,0.6115780205205104,60717.36772969752,0.21462429742996303,,,,,,121395.39609890072,0.32344200116642,111605.33651563263,-4.173034092724023,90012.35238242013,0.6115780205205104,60717.36772969752,0.21462429742996303,False,IAH-Int,0.1421706196558092,Forecaster,False
124,sgd_cv_mv,sgd,"['Anomaly_2020-06-01', 'cp2', 'Anomaly_2020-09-01', 'Anomaly_2020-08-01', 'Anomaly_2021-05-01']","{'penalty': 'l1', 'l1_ratio': 0, 'learning_rate': 'constant'}",minmax,249,True,True,True,0,4,113808.4679165792,0.3248655166419514,107687.736769934,-3.546634692963398,165758.44249677018,252301.0,0.95,54637.68958215732,34522.50064733351,0.15558666699082666,25211.166312589306,0.8833632392711727,,mae,125506.79045615961,,,113808.4679165792,0.3248655166419514,107687.736769934,-3.546634692963398,34522.50064733351,0.15558666699082666,25211.166312589306,0.8833632392711727,False,IAH-Int,0.11938023505371183,Forecaster,False
125,prophet_cv_uv,prophet,[],{'n_changepoints': 0},,249,True,True,True,0,4,104652.03142742868,0.32495423711209837,104297.24199440355,-2.844467851231755,345978.31573503104,252301.0,0.95,155923.21473400373,84658.70363761653,0.48534061252723026,52122.68048649245,0.32398196148915226,,rmse,77894.40589301808,,,104652.03142742868,0.32495423711209837,104297.24199440355,-2.844467851231755,84658.70363761653,0.48534061252723026,52122.68048649245,0.32398196148915226,False,IAH-Int,0.08659283182653668,Forecaster,False
126,sgd_tune_mv,sgd,"['Anomaly_2020-06-01', 'cp2', 'Anomaly_2020-09-01', 'Anomaly_2020-08-01', 'Anomaly_2021-05-01']","{'penalty': 'l1', 'l1_ratio': 0, 'learning_rate': 'constant'}",minmax,249,True,False,True,0,4,116394.73272471294,0.3330850645292285,110643.52788262343,-3.7556245724321773,166578.01972430575,252301.0,0.95,61237.437419902606,34943.876776961486,0.151107086580988,25698.480815663606,0.8804985630816764,36,mae,152850.09382091634,,,116394.73272471294,0.3330850645292285,110643.52788262343,-3.7556245724321773,34943.876776961486,0.151107086580988,25698.480815663606,0.8804985630816764,False,IAH-Int,0.10637887684948058,Forecaster,False
127,mlr_tune_mv,mlr,"['Anomaly_2020-06-01', 'cp2', 'Anomaly_2020-09-01', 'Anomaly_2020-08-01', 'Anomaly_2021-05-01']",{},minmax,249,True,False,True,0,4,148043.6902325119,0.41633955769404685,139490.47419287858,-6.69344249082317,144211.94768789608,252301.0,0.95,67316.06896573394,32182.306086801225,0.13921030837665124,22042.047196248088,0.8986403087121608,36,mae,184021.80622431554,,,148043.6902325119,0.41633955769404685,139490.47419287858,-6.69344249082317,32182.306086801225,0.13921030837665124,22042.047196248088,0.8986403087121608,False,IAH-Int,0.09164034508236128,Forecaster,False
128,mlr_cv_mv,mlr,"['Anomaly_2020-06-01', 'cp2', 'Anomaly_2020-09-01', 'Anomaly_2020-08-01', 'Anomaly_2021-05-01']",{},,249,True,True,True,0,4,148043.69027341466,0.4163395579118259,139490.47425276687,-6.693442495074388,144211.94754831996,252301.0,0.95,60054.419038978485,32182.30608680123,0.13921030822688993,22042.047206325245,0.8986403087121608,,mae,139516.26617813602,,,148043.69027341466,0.4163395579118259,139490.47425276687,-6.693442495074388,32182.30608680123,0.13921030822688993,22042.047206325245,0.8986403087121608,False,IAH-Int,0.09164034494688535,Forecaster,False
129,mlr_cv_uv,mlr,"['Anomaly_2020-06-01', 'cp2', 'Anomaly_2020-09-01', 'Anomaly_2020-08-01', 'Anomaly_2021-05-01', 'AR1', 'AR12', 'AR24', 'AR36']",{},scale,249,True,True,True,0,4,148210.19906489074,0.46527122503562396,147501.71830059728,-6.710758278167598,88065.18315411289,252301.0,0.95,70940.8750555269,35404.54389616154,0.15865444357904063,24741.611073161177,0.8773270060615204,,rmse,110050.50863746293,,,148210.19906489074,0.46527122503562396,147501.71830059728,-6.710758278167598,35404.54389616154,0.15865444357904063,24741.611073161177,0.8773270060615204,False,IAH-Int,0.1318724766472252,Forecaster,False
130,mlr_tune_uv,mlr,"['Anomaly_2020-06-01', 'cp2', 'Anomaly_2020-09-01', 'Anomaly_2020-08-01', 'Anomaly_2021-05-01', 'AR1', 'AR12', 'AR24', 'AR36']",{},minmax,249,True,False,True,0,4,148210.19906489097,0.4652712250356247,147501.7183005975,-6.710758278167622,88065.18315411256,252301.0,0.95,68635.06690862545,35404.543896161544,0.15865444357904082,24741.611073161173,0.8773270060615204,36,rmse,225840.59595040718,,,148210.19906489097,0.4652712250356247,147501.7183005975,-6.710758278167622,35404.543896161544,0.15865444357904082,24741.611073161173,0.8773270060615204,False,IAH-Int,0.1318724766472252,Forecaster,False
131,prophet_tune_uv,prophet,"['Anomaly_2020-06-01', 'cp2', 'Anomaly_2020-09-01', 'Anomaly_2020-08-01', 'Anomaly_2021-05-01']",{'n_changepoints': 2},,249,True,False,True,0,4,148801.21067316065,0.4670840137898451,148348.34908055706,-6.772376626341432,88049.95223356434,252301.0,0.95,117663.90438562947,60947.21194565779,0.3453514987747538,33723.478928376935,0.6496333637933482,36,rmse,242648.77467176985,,,148801.21067316065,0.4670840137898451,148348.34908055706,-6.772376626341432,60947.21194565779,0.3453514987747538,33723.478928376935,0.6496333637933482,False,IAH-Int,0.08659283182653668,Forecaster,False
132,sgd_tune_uv,sgd,"['Anomaly_2020-06-01', 'cp2', 'Anomaly_2020-09-01', 'Anomaly_2020-08-01', 'Anomaly_2021-05-01', 'AR1', 'AR12', 'AR24', 'AR36']","{'penalty': 'elasticnet', 'l1_ratio': 1, 'learning_rate': 'adaptive'}",minmax,249,True,False,True,0,4,156966.93136161676,0.49169290024847256,156358.1282009262,-7.648827670111245,84127.24707997733,252301.0,0.95,65932.77598025367,35894.05566187203,0.17239590501979965,25945.425665775958,0.8739113424638134,36,rmse,230498.58841275642,,,156966.93136161676,0.49169290024847256,156358.1282009262,-7.648827670111245,35894.05566187203,0.17239590501979965,25945.425665775958,0.8739113424638134,False,IAH-Int,0.28295770615188304,Forecaster,False
133,sgd_cv_uv,sgd,"['Anomaly_2020-06-01', 'cp2', 'Anomaly_2020-09-01', 'Anomaly_2020-08-01', 'Anomaly_2021-05-01', 'AR1', 'AR12', 'AR24', 'AR36']","{'penalty': 'l1', 'l1_ratio': 0.15, 'learning_rate': 'constant'}",minmax,249,True,True,True,0,4,162807.1153777704,0.5094441566418461,162208.14090229594,-8.304384961144198,80160.08466278431,252301.0,0.95,79468.98475331979,37063.940768489505,0.18462318874182035,27471.278552055865,0.8655582542472086,,rmse,104687.46499399071,,,162807.1153777704,0.5094441566418461,162208.14090229594,-8.304384961144198,37063.940768489505,0.18462318874182035,27471.278552055865,0.8655582542472086,False,IAH-Int,0.18277506241827296,Forecaster,False
134,mlp_cv_uv,mlp,"['Anomaly_2020-06-01', 'cp2', 'Anomaly_2020-09-01', 'Anomaly_2020-08-01', 'Anomaly_2021-05-01', 'AR1', 'AR12', 'AR24', 'AR36']","{'activation': 'tanh', 'hidden_layer_sizes': (25,), 'solver': 'lbfgs'}",scale,249,True,True,True,0,4,212970.29847997846,0.6608418778650652,210752.67599838608,-14.92131690194057,54965.823994574384,252301.0,0.95,126611.38461583781,67082.96785631886,0.23068581216400677,39071.53205460362,0.5595917017894672,,rmse,105801.27317082376,,,212970.29847997846,0.6608418778650652,210752.67599838608,-14.92131690194057,67082.96785631886,0.23068581216400677,39071.53205460362,0.5595917017894672,False,IAH-Int,0.13184945361441314,Forecaster,False
