ModelNickname,Estimator,Xvars,HyperParams,Scaler,Observations,Tuned,CrossValidated,DynamicallyTested,Integration,TestSetLength,TestSetRMSE,TestSetMAPE,TestSetMAE,TestSetR2,LastTestSetPrediction,LastTestSetActual,CILevel,CIPlusMinus,InSampleRMSE,InSampleMAPE,InSampleMAE,InSampleR2,ValidationSetLength,ValidationMetric,ValidationMetricValue,models,weights,LevelTestSetRMSE,LevelTestSetMAPE,LevelTestSetMAE,LevelTestSetR2,LevelInSampleRMSE,LevelInSampleMAPE,LevelInSampleMAE,LevelInSampleR2,best_model,Series,FcstMAPE,ObjectEstimator,Used Anomalies
prophet_cv_uv,prophet,[],{'n_changepoints': 4},,248,True,True,True,1,4,28258.8839809922,0.4489839766349875,23426.621396508206,0.7231201170735855,-54565.61086885518,-41553.0,0.95,52062.911698243515,32711.81407582779,1.850159548586779,18708.70999764483,0.6057898524251284,,rmse,34030.03939825005,,,18847.763628136636,0.024966523469861536,13343.053111966365,0.8496329644799713,83628.95982771665,0.23823833428797472,57720.57486342609,0.2923606927623289,True,Hou-Dom,0.060044304604755405,Forecaster,False
arima_tune_uv,arima,,"{'order': (0, 0, 2), 'seasonal_order': (0, 1, 1, 12)}",,248,True,False,True,1,4,26317.84809802336,0.4068378486523956,21038.742370882625,0.7598502484325387,-36719.20028688921,-41553.0,0.95,67712.03914601488,37080.93513838257,1.3416585190647508,21339.86243140294,0.4934528255003834,36,rmse,69104.08456730351,,,17672.07016910091,0.03146286954255151,15862.297064175364,0.8678071885802452,88435.393438247,0.22985692075603206,69292.73999614872,0.20868247670221163,False,Hou-Dom,0.06553798790603087,Forecaster,False
arima_cv_uv,arima,,"{'order': (0, 0, 2), 'seasonal_order': (0, 1, 1, 12)}",,248,True,True,True,1,4,26317.84809802336,0.4068378486523956,21038.742370882625,0.7598502484325387,-36719.20028688921,-41553.0,0.95,62401.747235353636,37080.93513838257,1.3416585190647508,21339.86243140294,0.4934528255003834,,rmse,31634.771600782635,,,17672.07016910091,0.03146286954255151,15862.297064175364,0.8678071885802452,88435.393438247,0.22985692075603206,69292.73999614872,0.20868247670221163,False,Hou-Dom,0.06553798790603087,Forecaster,False
hwes_tune_uv,hwes,,"{'trend': None, 'seasonal': 'add'}",,248,True,False,True,1,4,27193.615249349245,0.4542341472562836,23203.509806401955,0.7436016139640514,-33106.99652196839,-41553.0,0.95,64282.47521413251,37054.538771840394,1.1165781317553463,19675.658599677572,0.49417374829855953,36,rmse,74731.63580040194,,,21036.53563251483,0.04093827166983068,20048.970251127408,0.8126811749230416,174469.53109818272,0.42412976906575756,157866.56624539327,-2.079908016624324,False,Hou-Dom,0.06675793142916134,Forecaster,False
hwes_cv_uv,hwes,,"{'trend': None, 'seasonal': 'add'}",,248,True,True,True,1,4,27193.615249349245,0.4542341472562836,23203.509806401955,0.7436016139640514,-33106.99652196839,-41553.0,0.95,45639.94742061766,37054.538771840394,1.1165781317553463,19675.658599677572,0.49417374829855953,,rmse,32865.646448294174,,,21036.53563251483,0.04093827166983068,20048.970251127408,0.8126811749230416,174469.53109818272,0.42412976906575756,157866.56624539327,-2.079908016624324,False,Hou-Dom,0.06675793142916134,Forecaster,False
auto_arima_anom,arima,"['Anomaly_2020-04-01', 'cp2', 'monthsin', 'monthcos']","{'order': (2, 0, 4), 'seasonal_order': (1, 0, 2, 12)}",,248,False,False,True,1,4,24274.033703736066,0.49252475347022995,23623.362823424934,0.7957014467936746,-24933.171492589114,-41553.0,0.95,37838.969978752015,31878.885528729705,1.191077044657421,19181.018300308908,0.6256095159259305,,,,,,27920.500632596275,0.04179573339840979,22423.348474925864,0.6700262541408815,107856.07994983533,0.24064376086764902,87787.16190279053,-0.17703078514409754,False,Hou-Dom,0.10458365035890504,Forecaster,True
prophet_tune_uv,prophet,"['Anomaly_2020-04-01', 'cp2', 'monthsin', 'monthcos']",{'n_changepoints': 0},,248,True,False,True,1,4,29614.918361918182,0.3506139260886113,20903.25064814282,0.6959097683703214,-44170.41404657851,-41553.0,0.95,52371.08422214754,32704.82505309943,1.8523335206251572,18800.80405070939,0.6059582838884825,36,rmse,71230.82833868483,,,25647.620085846786,0.04672239432043852,22481.405942902013,0.7215628829915601,81589.31738426644,0.22298750586049504,59633.53229290281,0.3264572624407581,False,Hou-Dom,0.06062987178063842,Forecaster,True
sgd_cv_uv,sgd,"['Anomaly_2020-04-01', 'cp2', 'monthsin', 'monthcos', 'AR1', 'AR6', 'AR12', 'AR18', 'AR24', 'AR36']","{'penalty': 'l2', 'l1_ratio': 1, 'learning_rate': 'constant'}",minmax,248,True,True,True,1,4,37335.17174362825,0.6360218550042748,33327.883784143836,0.516698996656956,-23937.23450853821,-41553.0,0.95,58728.59846663252,36733.968086836234,1.2347854134081757,23141.03297327715,0.5206557726287131,,rmse,54183.53148678126,,,32765.211163216663,0.05458357453925421,28255.27839868226,0.5455784413954305,671673.2646879317,1.4748298086632663,591545.5147369157,-43.627297664107566,False,Hou-Dom,0.027731393745492043,Forecaster,True
sgd_tune_uv,sgd,"['Anomaly_2020-04-01', 'cp2', 'monthsin', 'monthcos', 'AR1', 'AR6', 'AR12', 'AR18', 'AR24', 'AR36']","{'penalty': 'l1', 'l1_ratio': 0.15, 'learning_rate': 'constant'}",minmax,248,True,False,True,1,4,36054.80154080043,0.585923576824803,31309.739646391186,0.5492791915580953,-22624.048014054017,-41553.0,0.95,55573.453562564675,39063.77106845298,1.3289027107317952,24811.908344326,0.4579240430539451,36,rmse,70922.35665098383,,,30946.035203092866,0.05664614860615427,28440.12568069443,0.5946380177893276,208059.29106154412,0.5476364303663411,159361.3214634877,-3.2821186274290755,False,Hou-Dom,0.034349866428590774,Forecaster,True
stacking_mv,stacking,"['Anomaly_2020-04-01', 'cp2', 'monthsin', 'monthcos']","{'estimators': [('knn_cv_mv', KNeighborsRegressor(n_neighbors=49)), ('elasticnet_cv_mv', ElasticNet(alpha=1.5, l1_ratio=0)), ('xgboost_cv_mv', XGBRegressor(base_score=None, booster=None, callbacks=None,
             colsample_bylevel=None, colsample_bynode=None,
             colsample_bytree=None, early_stopping_rounds=None,
             enable_categorical=False, eval_metric=None, gamma=0, gpu_id=None,
             grow_policy=None, importance_type=None,
             interaction_constraints=None, learning_rate=0.1, max_bin=None,
             max_cat_to_onehot=None, max_delta_step=None, max_depth=None,
             max_leaves=None, min_child_weight=None, missing=nan,
             monotone_constraints=None, n_estimators=150, n_jobs=None,
             num_parallel_tree=None, predictor=None, random_state=None,
             reg_alpha=None, reg_lambda=None, ...)), ('lightgbm_cv_mv', LGBMRegressor(learning_rate=0.001, max_depth=3, n_estimators=150))], 'final_estimator': BaggingRegressor(base_estimator=MLPRegressor(hidden_layer_sizes=(100, 100, 100),
                                             solver='lbfgs'),
                 max_features=0.5, max_samples=0.9)}",minmax,249,,False,True,1,4,44434.53356729953,0.7462519796355845,38425.642673721246,0.31542246818883046,-35322.021193173,-41553.0,0.95,61322.6315197105,31235.61992669717,1.2957783780295569,21355.02825337625,0.6419806791928614,,,,,,45136.59771392438,0.06221733470021325,33772.59304281915,0.1376359879762431,122157.8880918708,0.3248430575905295,91660.65795545596,-0.5080561856194576,False,Hou-Dom,0.09360519078715289,MVForecaster,True
auto_arima,arima,,"{'order': (2, 0, 4), 'seasonal_order': (1, 0, 2, 12), 'trend': None}",,248,False,False,True,1,4,23317.251930511706,0.4369034621889093,20086.350253941207,0.8114892505793263,-41466.18422887052,-41553.0,0.95,81143.0448294717,35374.465397886626,1.3099010407623486,20595.4818922891,0.5390027744377306,,,,,,38158.81647371257,0.07154509629454972,36292.38523071396,0.38365656137240134,210352.82686406863,0.34877886841124095,155733.99160589147,-3.477084218266314,False,Hou-Dom,0.08002853382478303,Forecaster,False
mlr_tune_uv,mlr,"['Anomaly_2020-04-01', 'cp2', 'monthsin', 'monthcos', 'AR1', 'AR6', 'AR12', 'AR18', 'AR24', 'AR36']",{},,248,True,False,True,1,4,38412.042787433114,0.5922658162075192,31833.544656426897,0.4884168899697142,-5822.128519045379,-41553.0,0.95,75934.15054209388,34791.33255147248,1.3197562377925176,21124.699792389794,0.5700143727022733,36,rmse,72111.63217973536,,,42309.4786005577,0.07221940991425221,33963.51773870214,0.24228073171846587,64455.98456457313,0.1799423550791142,44389.541767693954,0.5890292064740268,False,Hou-Dom,0.07988650077546153,Forecaster,True
mlr_cv_uv,mlr,"['Anomaly_2020-04-01', 'cp2', 'monthsin', 'monthcos', 'AR1', 'AR6', 'AR12', 'AR18', 'AR24', 'AR36']",{},,248,True,True,True,1,4,38412.042787433114,0.5922658162075192,31833.544656426897,0.4884168899697142,-5822.128519045379,-41553.0,0.95,54940.19413762269,34791.33255147248,1.3197562377925176,21124.699792389794,0.5700143727022733,,rmse,56394.45137666187,,,42309.4786005577,0.07221940991425221,33963.51773870214,0.24228073171846587,64455.98456457313,0.1799423550791142,44389.541767693954,0.5890292064740268,False,Hou-Dom,0.07988650077546153,Forecaster,True
elasticnet_cv_uv,elasticnet,"['Anomaly_2020-04-01', 'cp2', 'monthsin', 'monthcos', 'AR1', 'AR6', 'AR12', 'AR18', 'AR24', 'AR36']","{'alpha': 0.1, 'l1_ratio': 0.5}",minmax,248,True,True,True,1,4,44069.83838225706,0.7509600580076873,39522.193351799106,0.32661365496288053,-11975.58864971,-41553.0,0.95,80003.25987223636,42084.89383970459,1.0526914638555716,28280.665138913828,0.3708353914775776,,rmse,51945.72917049044,,,39477.91356040707,0.07238640738929872,36299.53763077808,0.34030777123803535,85003.48320123104,0.23652992381299143,57425.47197278624,0.2852438347110886,False,Hou-Dom,0.06942338383191203,Forecaster,True
weighted,combo,,"{'how': 'weighted', 'determine_best_by': 'LevelTestSetMAPE'}",,248,False,False,,1,4,43243.05450816314,0.6222128385846184,34940.500635098324,0.35164313138575953,-24761.941611686987,-41553.0,0.95,69671.01555186065,29745.58125035132,0.8900026134672739,17648.826721172507,0.6984569522090742,,,,"['prophet_cv_uv', 'arima_tune_uv', 'arima_cv_uv', 'hwes_tune_uv', 'hwes_cv_uv', 'auto_arima_anom', 'prophet_tune_uv', 'sgd_cv_uv', 'sgd_tune_uv', 'stacking_mv', 'auto_arima', 'mlr_tune_uv', 'mlr_cv_uv', 'elasticnet_cv_uv', 'elasticnet_tune_uv', 'mlp_cv_uv', 'mlp_tune_uv', 'mlp_tune_mv', 'avg', 'lightgbm_cv_uv', 'sgd_cv_mv', 'lightgbm_tune_mv', 'sgd_tune_mv', 'mlp_cv_mv', 'lightgbm_tune_uv', 'lightgbm_cv_mv', 'lstm', 'theta_cv_uv', 'theta_tune_uv', 'elasticnet_cv_mv', 'elasticnet_tune_mv', 'silverkite_tune_uv', 'silverkite_cv_uv', 'knn_cv_mv', 'knn_cv_uv', 'knn_tune_mv', 'xgboost_tune_uv', 'stacking_uv', 'xgboost_tune_mv', 'xgboost_cv_mv', 'xgboost_cv_uv', 'knn_tune_uv', 'mlr_cv_mv', 'mlr_tune_mv']","(0.03311308204098456, 0.03205199352116188, 0.03205199352116188, 0.030504317288175094, 0.030504317288175094, 0.030364262742711836, 0.029559560639878968, 0.028275545288925147, 0.02793865226641944, 0.027028675867370566, 0.02550511467887388, 0.025394974850635, 0.025394974850635, 0.02536769811666355, 0.025243949135965848, 0.02481572451419798, 0.024249970959744644, 0.024124078311215165, 0.023823255986038277, 0.023427259023059647, 0.02312329730335849, 0.023055109405922206, 0.02303305312036916, 0.022962349395022653, 0.022932326225399802, 0.02284421077814586, 0.022777706736613203, 0.022534156752045228, 0.022521347560330324, 0.02237447913638764, 0.022024683747001828, 0.021636880540228096, 0.021636880540228096, 0.020824165300004048, 0.020172972247994605, 0.019722022620210698, 0.018457215377963, 0.01696891906440133, 0.016038149364822934, 0.015949245840096153, 0.01465807614120998, 0.00899279153303344, 0.0030102801916735023, 0.0030102801855440508)",38167.498405469465,0.07271184001749562,35770.98053614693,0.38337606732642093,66754.88786927001,0.18216363953794168,45186.689136227425,0.5642519931548775,False,Hou-Dom,0.06128475026860889,Forecaster,False
elasticnet_tune_uv,elasticnet,"['Anomaly_2020-04-01', 'cp2', 'monthsin', 'monthcos', 'AR1', 'AR6', 'AR12', 'AR18', 'AR24', 'AR36']","{'alpha': 1.3, 'l1_ratio': 0.5}",scale,248,True,False,True,1,4,40208.63253133714,0.6151376857006337,33647.32076836862,0.4394427209340117,-12084.875340881916,-41553.0,0.95,64983.20793163289,36613.61983006638,1.1445687647156728,23257.56698087226,0.5237914939084369,36,rmse,71142.70144201232,,,40016.7498928551,0.07314404088521974,35175.58942587796,0.3221765176937581,71828.9359447353,0.19528103286510448,41625.15124567375,0.48963212312335813,False,Hou-Dom,0.058379110191434894,Forecaster,True
mlp_cv_uv,mlp,"['Anomaly_2020-04-01', 'cp2', 'monthsin', 'monthcos', 'AR1', 'AR6', 'AR12', 'AR18', 'AR24', 'AR36']","{'activation': 'tanh', 'hidden_layer_sizes': (25, 25), 'solver': 'lbfgs'}",minmax,248,True,True,True,1,4,34465.489992215786,0.4164399724555795,25424.642191433544,0.5881393465146938,-21748.92828863452,-41553.0,0.95,93461.24410611519,43026.708595510114,2.0610760484170245,29025.28113287383,0.34236023819315287,,rmse,53782.77075771387,,,42609.8312463143,0.07576577817469277,35614.37561564871,0.23148453218896803,85901.2594928111,0.1905135638317197,58754.28736435097,0.27006610855314295,False,Hou-Dom,0.07358393710962859,Forecaster,True
mlp_tune_uv,mlp,"['Anomaly_2020-04-01', 'cp2', 'monthsin', 'monthcos', 'AR1', 'AR6', 'AR12', 'AR18', 'AR24', 'AR36']","{'activation': 'tanh', 'hidden_layer_sizes': (25, 25), 'solver': 'lbfgs'}",scale,248,True,False,True,1,4,41855.32156149197,0.5460031292747085,31653.675755306976,0.39258885603190663,-27930.16614460297,-41553.0,0.95,60299.75577094614,39339.640680041615,1.9753872896593367,24491.45674608377,0.4502406926857834,36,rmse,69765.65402530301,,,39702.64438783922,0.07922951452931615,39401.55107985824,0.3327757039177389,142118.84737988812,0.34697420403055135,121468.37126127223,-0.9979647368862037,False,Hou-Dom,0.09289075815906955,Forecaster,True
mlp_tune_mv,mlp,"['Anomaly_2020-04-01', 'cp2', 'monthsin', 'monthcos']","{'activation': 'tanh', 'hidden_layer_sizes': (25,), 'solver': 'lbfgs'}",minmax,249,True,False,True,1,4,63331.413090558526,0.8345958645180045,47543.37184229455,-0.39065610479736446,-49967.48143968159,-41553.0,0.95,50708.359128076176,37136.842252083254,1.2467822433970552,22398.648345400095,0.5100838471119411,36,mae,63954.183754209414,,,45062.83317100958,0.08000027229134687,40484.18902438597,0.14045232378744854,122599.55811887955,0.3099364259169068,71642.94362007278,-0.4868332869290315,False,Hou-Dom,0.07812102751941355,MVForecaster,True
avg,combo,,{'how': 'simple'},,248,False,False,,1,4,46517.351883418654,0.6281402313920439,36224.851828887775,0.2497407531125554,-24654.46440461328,-41553.0,0.95,39314.20845837971,28365.85624282748,0.8511182981744579,16859.19810402864,0.7257818505648413,,,,"['knn_cv_mv', 'mlr_cv_mv', 'elasticnet_cv_mv', 'sgd_cv_mv', 'xgboost_cv_mv', 'lightgbm_cv_mv', 'mlp_cv_mv', 'knn_tune_mv', 'mlr_tune_mv', 'elasticnet_tune_mv', 'sgd_tune_mv', 'xgboost_tune_mv', 'lightgbm_tune_mv', 'mlp_tune_mv', 'stacking_mv', 'auto_arima', 'auto_arima_anom', 'knn_cv_uv', 'mlr_cv_uv', 'elasticnet_cv_uv', 'sgd_cv_uv', 'xgboost_cv_uv', 'lightgbm_cv_uv', 'mlp_cv_uv', 'hwes_cv_uv', 'arima_cv_uv', 'prophet_cv_uv', 'silverkite_cv_uv', 'theta_cv_uv', 'knn_tune_uv', 'mlr_tune_uv', 'elasticnet_tune_uv', 'sgd_tune_uv', 'xgboost_tune_uv', 'lightgbm_tune_uv', 'mlp_tune_uv', 'hwes_tune_uv', 'arima_tune_uv', 'prophet_tune_uv', 'silverkite_tune_uv', 'theta_tune_uv', 'stacking_uv', 'lstm']",,43227.17343467523,0.08184200923810692,39746.54863293379,0.20905431411641162,62031.16445677738,0.16887708966650683,39571.67323324603,0.6237390605191138,False,Hou-Dom,0.0626032916174642,Forecaster,False
lightgbm_cv_uv,lightgbm,"['Anomaly_2020-04-01', 'cp2', 'monthsin', 'monthcos', 'AR1', 'AR6', 'AR12', 'AR18', 'AR24', 'AR36']","{'n_estimators': 250, 'boosting_type': 'dart', 'max_depth': 2, 'learning_rate': 0.01}",minmax,248,True,True,True,1,4,47824.79608556666,0.8018277756259694,42584.28499978835,0.2069736027680723,-6691.701595593334,-41553.0,0.95,81387.46604059753,40198.48122631161,0.9967911757018252,25732.02065459201,0.4259746093685246,,rmse,54169.57279686211,,,44647.13859040496,0.08426643780102575,41786.88080172324,0.15623745030590408,124035.13278588558,0.31113403960011415,108429.13238179538,-0.5218571797110843,False,Hou-Dom,0.06304215828802627,Forecaster,True
sgd_cv_mv,sgd,"['Anomaly_2020-04-01', 'cp2', 'monthsin', 'monthcos']","{'penalty': 'l1', 'l1_ratio': 0, 'learning_rate': 'adaptive'}",minmax,249,True,True,True,1,4,66165.56912903891,0.8631228423779097,49840.35877707669,-0.5179081569868234,-58696.250918362304,-41553.0,0.95,54167.01171868706,35015.4998405837,1.5051975866574396,21406.67877943768,0.5644555607280761,,mae,89822.74097423021,,,47520.24441058156,0.086127395192553,42949.95411436421,0.044148742444461986,94319.36253664474,0.2451229037696973,48895.012234667105,0.11999289318712192,False,Hou-Dom,0.05421008032321652,MVForecaster,True
lightgbm_tune_mv,lightgbm,"['Anomaly_2020-04-01', 'cp2', 'monthsin', 'monthcos']","{'n_estimators': 200, 'boosting_type': 'goss', 'max_depth': 1, 'learning_rate': 0.01}",minmax,249,True,False,True,1,4,57671.912541119826,0.759348694229858,43681.53932923376,-0.15321450877932485,-35284.459167635,-41553.0,0.95,44645.32930078967,35870.2143342958,1.3630939618424531,21965.71012095089,0.5429331160248317,36,mae,58739.86299293727,,,45937.54747369703,0.0865448647734973,43297.48264286587,0.10675911126801285,92518.20076171341,0.23332493768680668,71393.260170784,0.1532819416898793,False,Hou-Dom,0.07369241777991148,MVForecaster,True
sgd_tune_mv,sgd,"['Anomaly_2020-04-01', 'cp2', 'monthsin', 'monthcos']","{'penalty': 'l2', 'l1_ratio': 0.15, 'learning_rate': 'invscaling'}",minmax,249,True,False,True,1,4,64541.086166738416,0.870002493128382,49934.894495567976,-0.44428842160128235,-57837.808098611145,-41553.0,0.95,70243.66332242933,37242.552521166166,1.5103520383990834,22178.187963918957,0.5072907783257299,36,mae,60880.30506262083,,,46875.302730003554,0.08667990088156358,43679.83594337817,0.0699181798699382,109853.06975077913,0.2818843265797718,56440.11753385455,-0.19373756469326242,False,Hou-Dom,0.04973858139886127,MVForecaster,True
mlp_cv_mv,mlp,"['Anomaly_2020-04-01', 'cp2', 'monthsin', 'monthcos']","{'activation': 'relu', 'hidden_layer_sizes': (25,), 'solver': 'adam'}",minmax,249,True,True,True,1,4,55213.65624498583,0.999986359870894,51274.30248852045,-0.056998580202140214,-2.061088875009625,-41553.0,0.95,88262.530208532,53059.78394342224,1.0000232271221559,39293.65628060386,-9.848035872095373e-05,,mae,60231.80435009065,,,50560.456585207605,0.08711277321963777,44438.19032903292,-0.08206900913664694,176586.12959721783,0.3773277905057472,153641.20354159604,-2.0845913852252065,False,Hou-Dom,0.11273162286686815,MVForecaster,True
lightgbm_tune_uv,lightgbm,"['Anomaly_2020-04-01', 'cp2', 'monthsin', 'monthcos', 'AR1', 'AR6', 'AR12', 'AR18', 'AR24', 'AR36']","{'n_estimators': 150, 'boosting_type': 'gbdt', 'max_depth': 2, 'learning_rate': 0.01}",minmax,248,True,False,True,1,4,46686.92564673322,0.7467671886176199,40465.768884123,0.24426081198565996,-7017.034241646496,-41553.0,0.95,55271.88599878173,36204.4446944013,1.1255307413733437,21454.159335474484,0.5343757461027239,36,rmse,71008.91629849061,,,45756.22323119937,0.08729658531111312,42622.5115842963,0.1137967778673229,106371.96407880662,0.29156632291754886,89346.94932968008,-0.11928020251537097,False,Hou-Dom,0.06085634711131818,Forecaster,True
lightgbm_cv_mv,lightgbm,"['Anomaly_2020-04-01', 'cp2', 'monthsin', 'monthcos']","{'n_estimators': 150, 'boosting_type': 'gbdt', 'max_depth': 3, 'learning_rate': 0.001}",minmax,249,True,True,True,1,4,55109.7228306783,0.9475386553264794,49674.56196810765,-0.053022966857940945,-7292.715678236925,-41553.0,0.95,77444.822381704,48712.49566160358,0.9452756412163937,34991.04207910577,0.1570679378747888,,mae,61223.79045488072,,,49095.6300681582,0.08783605815340448,44543.83132872905,-0.020278324562164496,96662.30734901817,0.25349749426639023,75636.79846539507,0.07573016170276081,False,Hou-Dom,0.09928185340715412,MVForecaster,True
lstm,rnn,,"{'lags': 48, 'layers_struct': [('LSTM', {'units': 100, 'dropout': 0, 'return_sequences': False}), ('LSTM', {'units': 100, 'dropout': 0, 'return_sequences': False}), ('Dense', {'units': 10}), ('Dense', {'units': 10})], 'epochs': 8, 'random_seed': 42, 'validation_split': 0.2}",minmax,248,False,False,,1,4,55553.284762437186,1.0190711509794508,51894.44736396894,-0.07004212702056223,5481.300142720342,-41553.0,0.95,,56384.6544457246,1.6564975492102787,42815.64795182009,-0.08349334190734914,,,,,,50790.79295315588,0.08824321859379912,44665.46406558342,-0.09195054852906259,1259378.775221515,3.019837363545219,1074180.0966324126,-154.08936121611174,False,Hou-Dom,0.10507314926193637,Forecaster,False
theta_cv_uv,theta,,"{'theta': 1, 'model_mode': <ModelMode.ADDITIVE: 'additive'>, 'season_mode': <SeasonalityMode.ADDITIVE: 'additive'>, 'trend_mode': <TrendMode.EXPONENTIAL: 'exponential'>}",,248,True,True,True,1,4,59760.907906624634,1.1029600867266751,56018.74650935375,-0.23827117527607,2878.8667497531997,-41553.0,0.95,109566.42030795751,55145.8196219877,1.6151109558988839,41087.388579889266,-0.11816648451395095,,rmse,53559.12215842469,,,54824.899035052,0.0897343147240412,46258.64899465116,-0.2722974759836241,91623.0094659448,0.24245904373598298,65287.426048903835,0.1579796488899985,False,Hou-Dom,0.11284580344672177,Forecaster,False
theta_tune_uv,theta,,"{'theta': 0.5, 'model_mode': <ModelMode.ADDITIVE: 'additive'>, 'season_mode': <SeasonalityMode.ADDITIVE: 'additive'>, 'trend_mode': <TrendMode.LINEAR: 'linear'>}",,248,True,False,True,1,4,59767.5287517955,1.1028358742070847,56018.96671606229,-0.2385455638743761,2910.6061079063575,-41553.0,0.95,131019.07861526479,56179.49509968913,1.627717191820342,41097.534981781806,-0.16047808213020076,36,rmse,79081.61437950766,,,54823.76520966824,0.08981273696755518,46290.16814609578,-0.272244852147278,107904.2537975581,0.3138095646752578,87046.6472867104,-0.16785954497349964,False,Hou-Dom,0.11261879699949548,Forecaster,False
elasticnet_cv_mv,elasticnet,"['Anomaly_2020-04-01', 'cp2', 'monthsin', 'monthcos']","{'alpha': 1.5, 'l1_ratio': 0}",minmax,249,True,True,True,1,4,55279.08752039477,0.9448954428695866,49708.12533442892,-0.05950526965561176,-5702.018683738245,-41553.0,0.95,126108.39483861053,50076.93559918817,0.9893982251268476,36186.654221822595,0.10918544850253942,,mae,64146.570127857674,,,49729.205057206826,0.09071191558579306,45734.10387632559,-0.0467814509546427,106241.22222653645,0.28326312262589015,86814.58697109416,-0.11653047730640975,False,Hou-Dom,0.10520854115372053,MVForecaster,True
elasticnet_tune_mv,elasticnet,"['Anomaly_2020-04-01', 'cp2', 'monthsin', 'monthcos']","{'alpha': 0.8, 'l1_ratio': 0.5}",minmax,249,True,False,True,1,4,55936.81203330462,0.8546082878017779,46980.83530627623,-0.08486778348088286,-17820.80958492842,-41553.0,0.95,77298.64019294875,45282.834790197005,1.024879381625163,30840.650620329325,0.271584755487176,36,mae,63193.52944342444,,,48819.92048029918,0.09285348234636956,46339.32192333386,-0.008851211518157154,97658.68761291243,0.26677780394955014,74924.97016652451,0.056577492503489646,False,Hou-Dom,0.0917161340341961,MVForecaster,True
silverkite_tune_uv,silverkite,,{'changepoints': 4},,248,True,False,True,1,4,50770.27854081904,0.6271852464038921,37568.54075803741,0.10628204723279322,-23335.880673062984,-41553.0,0.95,91494.56684831309,46142.30656537136,1.5857810339232474,31136.26888616185,0.21563692267292145,36,rmse,81598.65554385014,,,52163.01218318991,0.09522774593723579,45440.35805562812,-0.15175023242311592,83308.6532754936,0.21026190778776088,64355.825244157255,0.2977709582983673,False,Hou-Dom,0.0779091809028169,Forecaster,False
silverkite_cv_uv,silverkite,,{'changepoints': 1},,248,True,True,True,1,4,50770.27854081904,0.6271852464038921,37568.54075803741,0.10628204723279322,-23335.880673062984,-41553.0,0.95,98537.18746839094,46142.30656537136,1.5857810339232474,31136.26888616185,0.21563692267292145,,rmse,51097.21415394254,,,52163.01218318991,0.09522774593723579,45440.35805562812,-0.15175023242311592,83308.6532754936,0.21026190778776088,64355.825244157255,0.2977709582983673,False,Hou-Dom,0.0779091809028169,Forecaster,False
knn_cv_mv,knn,"['Anomaly_2020-04-01', 'cp2', 'monthsin', 'monthcos']",{'n_neighbors': 49},minmax,249,True,True,True,1,4,55721.442133319826,0.6812138085916999,41016.30612244898,-0.07652987297461711,-31596.51020408163,-41553.0,0.95,83521.82285050032,40264.18698471864,1.2164425481644436,24533.297554871006,0.42409654844945144,,mae,68297.90344697265,,,51506.92222205108,0.10020346602129351,48869.112244897944,-0.12295973284553052,253753.20092619606,0.512166741181957,222355.0186753947,-5.369532006585185,False,Hou-Dom,0.07963544867760466,MVForecaster,True
knn_cv_uv,knn,"['Anomaly_2020-04-01', 'cp2', 'monthsin', 'monthcos', 'AR1', 'AR6', 'AR12', 'AR18', 'AR24', 'AR36']",{'n_neighbors': 13},minmax,248,True,True,True,1,4,50444.40891353663,0.7142060366964813,40799.38461538461,0.1177179067615517,-8573.76923076923,-41553.0,0.95,118191.44509775339,35794.51654806122,1.0169503522311034,18730.11647314949,0.544860199228267,,rmse,51413.71394555492,,,54731.32871390878,0.1041902921408443,50040.769230769205,-0.26795829090231993,93646.14857878137,0.24601480299459577,53835.92343976781,0.13251033978727766,False,Hou-Dom,0.10605952471263427,Forecaster,True
knn_tune_mv,knn,"['Anomaly_2020-04-01', 'cp2', 'monthsin', 'monthcos']",{'n_neighbors': 13},minmax,249,True,False,True,1,4,53709.68414033118,0.47663879185089514,32979.057692307695,-0.00019939280259206882,-34895.230769230766,-41553.0,0.95,41524.89628607361,34730.87979901256,1.022722132729255,18378.45174165457,0.571507344060751,36,mae,55982.64807692308,,,63955.13470119451,0.10695115967329537,49879.07692307694,-0.731345810768913,74871.14377932738,0.21499426806933272,47069.5972423802,0.4454848690473946,False,Hou-Dom,0.05204974105455047,MVForecaster,True
xgboost_tune_uv,xgboost,"['Anomaly_2020-04-01', 'cp2', 'monthsin', 'monthcos', 'AR1', 'AR6', 'AR12', 'AR18', 'AR24', 'AR36']","{'n_estimators': 150, 'scale_pos_weight': 10, 'learning_rate': 0.1, 'gamma': 3, 'subsample': 0.8}",minmax,248,True,False,True,1,4,52950.4824867764,0.7788984483203081,42310.69982910156,0.027876966590558938,25025.27734375,-41553.0,0.95,1310.3867535678164,829.3720895982608,0.04561348956416805,624.9288045055462,0.9997556509553799,36,rmse,77578.9986938776,,,70015.8950624916,0.11469474129479738,53036.393798828125,-1.0750390527281874,2170.4037560532965,0.004728760722673463,1653.615301887944,0.9995340218741201,False,Hou-Dom,0.24585798473974427,Forecaster,True
stacking_uv,stacking,"['Anomaly_2020-04-01', 'cp2', 'monthsin', 'monthcos', 'AR1', 'AR6', 'AR12', 'AR18', 'AR24', 'AR36']","{'estimators': [('knn_cv_uv', KNeighborsRegressor(n_neighbors=13)), ('sgd_cv_uv', SGDRegressor(l1_ratio=1, learning_rate='constant')), ('elasticnet_cv_uv', ElasticNet(alpha=0.1)), ('xgboost_cv_uv', XGBRegressor(base_score=None, booster=None, callbacks=None,
             colsample_bylevel=None, colsample_bynode=None,
             colsample_bytree=None, early_stopping_rounds=None,
             enable_categorical=False, eval_metric=None, gamma=0, gpu_id=None,
             grow_policy=None, importance_type=None,
             interaction_constraints=None, learning_rate=0.2, max_bin=None,
             max_cat_to_onehot=None, max_delta_step=None, max_depth=None,
             max_leaves=None, min_child_weight=None, missing=nan,
             monotone_constraints=None, n_estimators=150, n_jobs=None,
             num_parallel_tree=None, predictor=None, random_state=None,
             reg_alpha=None, reg_lambda=None, ...))], 'final_estimator': BaggingRegressor(base_estimator=MLPRegressor(hidden_layer_sizes=(100, 100, 100),
                                             solver='lbfgs'),
                 max_features=0.5, max_samples=0.9)}",minmax,248,False,False,True,1,4,56983.17809331106,0.8005602707732651,45620.42366110734,-0.12583494420890995,7519.62785610576,-41553.0,0.95,31389.299701640273,20278.44257342919,0.7203294332009579,11894.277331130947,0.8539232804399925,,,,,,69478.63682058714,0.1238065992887196,58305.1231040813,-1.0433161255038224,252691.694349218,0.5670356881472886,212379.05272694165,-5.316353106182077,False,Hou-Dom,0.14782331991856332,Forecaster,True
xgboost_tune_mv,xgboost,"['Anomaly_2020-04-01', 'cp2', 'monthsin', 'monthcos']","{'n_estimators': 250, 'scale_pos_weight': 5, 'learning_rate': 0.2, 'gamma': 5, 'subsample': 0.9}",minmax,249,True,False,True,1,4,89543.03106280725,1.0470702175868065,64369.75927734375,-1.780001130245605,-106357.0078125,-41553.0,0.95,1.2714577691478006,0.8860199062385716,7.353875086664978e-05,0.6626687679650649,0.999999999721132,36,mae,63619.38794377644,,,79679.52506124106,0.1295050890654683,61564.03173828125,-1.6873637709064293,2.9335784729549266,6.637529828986406e-06,2.1422644561191775,0.9999999991487054,False,Hou-Dom,0.2034277554592671,MVForecaster,True
xgboost_cv_mv,xgboost,"['Anomaly_2020-04-01', 'cp2', 'monthsin', 'monthcos']","{'n_estimators': 150, 'scale_pos_weight': 5, 'learning_rate': 0.1, 'gamma': 0, 'subsample': 0.9}",minmax,249,True,True,True,1,4,89414.00573888615,1.078403081301611,65317.072998046875,-1.771995323028145,-106159.3828125,-41553.0,0.95,792.6720609653509,473.02794148047855,0.043987086146756386,345.8712823256007,0.9999205149589346,,mae,83691.22696234459,,,81424.30163624739,0.13004938678702277,61530.315673828125,-1.8063450580150247,1546.2865179649887,0.00373327427723872,1247.6541385290757,0.9997634818876261,False,Hou-Dom,0.16853477653266696,MVForecaster,True
xgboost_cv_uv,xgboost,"['Anomaly_2020-04-01', 'cp2', 'monthsin', 'monthcos', 'AR1', 'AR6', 'AR12', 'AR18', 'AR24', 'AR36']","{'n_estimators': 150, 'scale_pos_weight': 10, 'learning_rate': 0.2, 'gamma': 0, 'subsample': 0.8}",minmax,248,True,True,True,1,4,54823.56378658091,0.8270406525931092,44922.244064331055,-0.042115646265350914,23856.689453125,-41553.0,0.95,94.58526154690837,48.430266542201096,0.003235016442261446,37.45143645664431,0.9999991668071557,,rmse,54791.413694237504,,,87249.72536369672,0.13795436836569183,62923.01742553711,-2.2222640180248088,173.28636687160162,0.0003685288105811962,136.76983181935435,0.9999970296114753,False,Hou-Dom,0.25899422259603544,Forecaster,True
knn_tune_uv,knn,"['Anomaly_2020-04-01', 'cp2', 'monthsin', 'monthcos', 'AR1', 'AR6', 'AR12', 'AR18', 'AR24', 'AR36']",{'n_neighbors': 7},minmax,248,True,False,True,1,4,74643.88746701751,1.0079281812489984,58037.67857142857,-0.9318343712441064,30754.571428571428,-41553.0,0.95,59735.50669200525,34789.260706750254,0.9467665905645289,18264.98180592992,0.5700655829814716,36,rmse,70270.18438464364,,,98692.63449568559,0.17263917432433987,80711.1785714286,-3.122896844466867,150171.88816551634,0.4161910315234859,120995.64016172494,-1.2308057147293625,False,Hou-Dom,0.13125408486669296,Forecaster,True
mlr_cv_mv,mlr,"['Anomaly_2020-04-01', 'cp2', 'monthsin', 'monthcos']",{},,249,True,True,True,1,4,82436.59874334003,1.10457516946602,63699.019094516945,-1.3562508251768555,-52974.00619085973,-41553.0,0.95,35472.757940818505,30992.093885920694,1.2111203064748293,18935.677432784192,0.6587963636857691,,mae,94220.70706534125,,,117713.12784120708,0.2092661506144628,98605.15055923056,-4.865199435768254,69612.61227577958,0.1954815888133381,52677.42240643907,0.5206416151232234,False,Hou-Dom,0.09803100613579963,MVForecaster,True
mlr_tune_mv,mlr,"['Anomaly_2020-04-01', 'cp2', 'monthsin', 'monthcos']",{},scale,249,True,False,True,1,4,82436.59874304116,1.1045751694099364,63699.01909232121,-1.3562508251597714,-52974.0061846337,-41553.0,0.95,42486.79247158337,30992.093885920694,1.2111203064749876,18935.677432548135,0.658796363685769,36,mae,68168.21805955985,,,117713.12785816073,0.2092661506519894,98605.15057759895,-4.865199437457726,69612.61226267589,0.19548158877747743,52677.422388982865,0.5206416153036897,False,Hou-Dom,0.09803100613558444,MVForecaster,True
mlr_cv_mv,mlr,"['Anomaly_2020-04-01', 'cp2', 'monthsin', 'monthcos']",{},,249,True,True,True,1,4,181102.96484290803,0.8227528048217715,149768.29258657992,-0.10649963692120412,-70093.94827176792,-118690.0,0.95,97862.92947182692,74256.66343651107,0.866358399537463,45131.13196183597,0.7191026643048947,,mae,94220.70706534125,,,141948.3375278964,0.06562814157175374,93737.2949897609,-0.7003373636743055,190332.91896038761,0.1841361525264117,121196.48218090419,0.3671169048353654,True,IAH-DOM,0.10383520049228516,MVForecaster,True
mlr_tune_mv,mlr,"['Anomaly_2020-04-01', 'cp2', 'monthsin', 'monthcos']",{},scale,249,True,False,True,1,4,181102.96484233937,0.822752804820019,149768.2925862438,-0.10649963691425524,-70093.94827504098,-118690.0,0.95,106500.46404706303,74256.66343651107,0.866358399496383,45131.13195980741,0.7191026643048947,36.0,mae,68168.21805955985,,,141948.33752745934,0.06562814157444335,93737.29499312659,-0.7003373636638355,190332.91898305903,0.1841361525595332,121196.48219682778,0.36711690468459435,False,IAH-DOM,0.10383520048737141,MVForecaster,True
stacking_uv,stacking,"['Anomaly_2020-04-01', 'cp2', 'monthsin', 'monthcos', 'AR1', 'AR6', 'AR12', 'AR18', 'AR24', 'AR36']","{'estimators': [('knn_cv_uv', KNeighborsRegressor()), ('sgd_cv_uv', SGDRegressor(l1_ratio=0.85, learning_rate='constant', penalty='elasticnet')), ('elasticnet_cv_uv', ElasticNet(alpha=0.1, l1_ratio=0)), ('xgboost_cv_uv', XGBRegressor(base_score=None, booster=None, callbacks=None,
             colsample_bylevel=None, colsample_bynode=None,
             colsample_bytree=None, early_stopping_rounds=None,
             enable_categorical=False, eval_metric=None, gamma=3, gpu_id=None,
             grow_policy=None, importance_type=None,
             interaction_constraints=None, learning_rate=0.1, max_bin=None,
             max_cat_to_onehot=None, max_delta_step=None, max_depth=None,
             max_leaves=None, min_child_weight=None, missing=nan,
             monotone_constraints=None, n_estimators=150, n_jobs=None,
             num_parallel_tree=None, predictor=None, random_state=None,
             reg_alpha=None, reg_lambda=None, ...))], 'final_estimator': BaggingRegressor(base_estimator=MLPRegressor(hidden_layer_sizes=(100, 100, 100),
                                             solver='lbfgs'),
                 max_features=0.5, max_samples=0.9)}",minmax,248,False,False,True,1,4,157409.7559127252,0.7004185630394084,129644.80150686073,0.16408244426456697,-121912.26344829774,-118690.0,0.95,65313.797723966054,60639.56426933265,0.707597257900626,36295.089713525354,0.8126779502214838,,,,,,143328.43897000223,0.07109493742267488,101057.78447292862,-0.7335613627025976,572173.6433819558,0.4100178661959824,515036.04144715,-4.7194119253133895,False,IAH-DOM,0.06575095010178975,Forecaster,True
silverkite_tune_uv,silverkite,,{'changepoints': 2},,248,True,False,True,1,4,150739.17118093552,0.7827032306942555,137532.95712558855,0.233428972006555,-43228.929020822485,-118690.0,0.95,219051.87675494485,123505.9686215508,1.230474032956645,85217.43944365991,0.25199230490758395,36.0,rmse,201734.9309660319,,,147194.09908695502,0.0745366197071278,106537.26470747672,-0.8283329104677446,261962.53411553983,0.24451253278338014,214823.2819249502,-0.29922913716060995,False,IAH-DOM,0.08468862375413223,Forecaster,False
silverkite_cv_uv,silverkite,"['Anomaly_2020-04-01', 'cp2', 'monthsin', 'monthcos']",{'changepoints': 1},,248,True,True,True,1,4,150739.17118093552,0.7827032306942555,137532.95712558855,0.233428972006555,-43228.929020822485,-118690.0,0.95,203236.30115849184,123505.9686215508,1.230474032956645,85217.43944365991,0.25199230490758395,,rmse,134853.4014415954,,,147194.09908695502,0.0745366197071278,106537.26470747672,-0.8283329104677446,261962.53411553983,0.24451253278338014,214823.2819249502,-0.29922913716060995,False,IAH-DOM,0.08468862375413223,Forecaster,True
knn_tune_mv,knn,"['Anomaly_2020-04-01', 'cp2', 'monthsin', 'monthcos']",{'n_neighbors': 13},minmax,249,True,False,True,1,4,154100.1244101825,0.8103263426329602,141236.88461538462,0.1988642097848824,-50510.846153846156,-118690.0,0.95,137623.23312895038,81033.13402729572,0.8184195511636954,42881.242743105955,0.6654954501063008,36.0,mae,55982.64807692308,,,144635.05698362106,0.07775369102081317,109524.51923076919,-0.7653125928418032,209082.89200181482,0.22882817002347164,135480.8153120463,0.23628261555579755,False,IAH-DOM,0.06536971471514834,MVForecaster,True
xgboost_tune_uv,xgboost,"['Anomaly_2020-04-01', 'cp2', 'monthsin', 'monthcos', 'AR1', 'AR6', 'AR12', 'AR18', 'AR24', 'AR36']","{'n_estimators': 150, 'scale_pos_weight': 10, 'learning_rate': 0.1, 'gamma': 3, 'subsample': 0.8}",minmax,248,True,False,True,1,4,148137.5271048435,0.8387095825308002,140563.41674804688,0.2596614969106794,-9468.5986328125,-118690.0,0.95,5545.242637275071,2675.8391219556206,0.06076437143129176,2023.3101921801297,0.9996352487780287,36.0,rmse,185017.6901567479,,,135456.2462079989,0.07984220351475527,110249.98510742188,-0.5483621613445038,10576.842734022488,0.008658406346054436,8595.670060067807,0.9980456255640232,False,IAH-DOM,0.08718151292184828,Forecaster,True
xgboost_cv_uv,xgboost,"['Anomaly_2020-04-01', 'cp2', 'monthsin', 'monthcos', 'AR1', 'AR6', 'AR12', 'AR18', 'AR24', 'AR36']","{'n_estimators': 150, 'scale_pos_weight': 10, 'learning_rate': 0.1, 'gamma': 3, 'subsample': 0.8}",minmax,248,True,True,True,1,4,148137.5271048435,0.8387095825308002,140563.41674804688,0.2596614969106794,-9468.5986328125,-118690.0,0.95,4897.087960673206,2675.8391219556206,0.06076437143129176,2023.3101921801297,0.9996352487780287,,rmse,141648.36873836134,,,135456.2462079989,0.07984220351475527,110249.98510742188,-0.5483621613445038,10576.842734022488,0.008658406346054436,8595.670060067807,0.9980456255640232,False,IAH-DOM,0.08718151292184828,Forecaster,True
mlp_tune_uv,mlp,"['Anomaly_2020-04-01', 'cp2', 'monthsin', 'monthcos', 'AR1', 'AR6', 'AR12', 'AR18', 'AR24', 'AR36']","{'activation': 'tanh', 'hidden_layer_sizes': (25,), 'solver': 'lbfgs'}",scale,248,True,False,True,1,4,71276.9416367083,0.33810416653011255,62501.701505341385,0.8286049525485355,-110842.91259979742,-118690.0,0.95,132992.6921709058,92852.64619880072,1.4819748889611126,57603.767816379186,0.5607969697793523,36.0,rmse,168248.44778107863,,,118355.4222957517,0.08277839516298367,112152.92633537279,-0.18209068723653998,442556.9948154883,0.4545089026193927,302368.96653516655,-2.421638296797322,False,IAH-DOM,0.07654240709256625,Forecaster,True
stacking_mv,stacking,"['Anomaly_2020-04-01', 'cp2', 'monthsin', 'monthcos']","{'estimators': [('knn_cv_mv', KNeighborsRegressor(n_neighbors=49)), ('elasticnet_cv_mv', ElasticNet(alpha=1.5, l1_ratio=0)), ('xgboost_cv_mv', XGBRegressor(base_score=None, booster=None, callbacks=None,
             colsample_bylevel=None, colsample_bynode=None,
             colsample_bytree=None, early_stopping_rounds=None,
             enable_categorical=False, eval_metric=None, gamma=0, gpu_id=None,
             grow_policy=None, importance_type=None,
             interaction_constraints=None, learning_rate=0.1, max_bin=None,
             max_cat_to_onehot=None, max_delta_step=None, max_depth=None,
             max_leaves=None, min_child_weight=None, missing=nan,
             monotone_constraints=None, n_estimators=150, n_jobs=None,
             num_parallel_tree=None, predictor=None, random_state=None,
             reg_alpha=None, reg_lambda=None, ...)), ('lightgbm_cv_mv', LGBMRegressor(learning_rate=0.001, max_depth=3, n_estimators=150))], 'final_estimator': BaggingRegressor(base_estimator=MLPRegressor(hidden_layer_sizes=(100, 100, 100),
                                             solver='lbfgs'),
                 max_features=0.5, max_samples=0.9)}",minmax,249,,False,True,1,4,117645.41268524992,0.6849934259877968,115727.8918859098,0.5330717499722086,-39039.6492327275,-118690.0,0.95,126348.92878686699,77851.76630279596,1.0271328784210698,47551.77960629607,0.7037195371198146,,,,,,155113.63238500064,0.09798297630469571,135663.24771341454,-1.0303663793578575,346296.3211094722,0.34003015413205484,252343.1894631926,-1.2673259633047786,False,IAH-DOM,0.07012205535014175,MVForecaster,True
knn_cv_mv,knn,"['Anomaly_2020-04-01', 'cp2', 'monthsin', 'monthcos']",{'n_neighbors': 49},minmax,249,True,True,True,1,4,158358.58218597635,0.7528930163785369,137924.29081632654,0.15397467222695094,-98784.5306122449,-118690.0,0.95,200352.29130090354,99268.4241527974,0.7837256290617218,59799.35444743935,0.4980054376797117,,mae,68297.90344697265,,,172845.6342037084,0.10271865030739742,143101.6224489796,-1.5211071616667282,352649.34501834237,0.3671673155345008,322900.5678667689,-1.1726103420185487,False,IAH-DOM,0.0856114387544172,MVForecaster,True
weighted,combo,,"{'how': 'weighted', 'determine_best_by': 'LevelTestSetMAPE'}",,248,False,False,,1,4,143295.24257303393,0.7242017945076239,130258.45970631417,0.3072704732849523,-78590.57178545222,-118690.0,0.95,161061.76689661888,67241.37737880193,0.5616320771481614,38677.97221561643,0.7763978298198715,,,,"['mlr_cv_mv', 'mlr_tune_mv', 'stacking_uv', 'silverkite_tune_uv', 'silverkite_cv_uv', 'knn_tune_mv', 'xgboost_tune_uv', 'xgboost_cv_uv', 'mlp_tune_uv', 'stacking_mv', 'knn_cv_mv', 'xgboost_cv_mv', 'knn_cv_uv', 'avg', 'hwes_tune_uv', 'hwes_cv_uv', 'lightgbm_tune_mv', 'xgboost_tune_mv', 'prophet_tune_uv', 'mlp_tune_mv', 'knn_tune_uv', 'elasticnet_tune_mv', 'elasticnet_tune_uv', 'lightgbm_tune_uv', 'arima_tune_uv', 'sgd_tune_mv', 'arima_cv_uv', 'auto_arima_anom', 'elasticnet_cv_mv', 'sgd_cv_mv', 'lstm', 'lightgbm_cv_mv', 'elasticnet_cv_uv', 'mlp_cv_uv', 'mlp_cv_mv', 'lightgbm_cv_uv', 'theta_cv_uv', 'theta_tune_uv', 'prophet_cv_uv', 'mlr_tune_uv', 'mlr_cv_uv', 'sgd_tune_uv', 'sgd_cv_uv', 'auto_arima']","(0.03255983140599503, 0.0325598314055864, 0.03172928793228524, 0.031206410027588408, 0.031206410027588408, 0.030717656165746256, 0.03040035870871525, 0.03040035870871525, 0.029954277516459567, 0.027644320096774318, 0.026924852378604768, 0.025390040322435567, 0.024614428338648086, 0.024389794128861962, 0.024182280794250097, 0.024182280794250097, 0.023426514573821913, 0.02330011973154466, 0.023120360291281002, 0.022986611539888804, 0.022751401535987873, 0.022724637505436796, 0.022418266627893816, 0.022064325817981883, 0.021999298501860273, 0.020958559543257885, 0.020892168681560182, 0.020763675497932586, 0.020743196914703138, 0.020529173535905915, 0.02011364815936194, 0.019651638839044146, 0.01963589579524511, 0.019594439157498603, 0.019592438356019048, 0.019429315577858607, 0.018498583206371225, 0.018030046906777432, 0.017510936187980875, 0.015471602878348844, 0.01547160287834884, 0.015171401853778434, 0.012127736478533033, 0.002959984673272275)",173038.3300276895,0.10801930217546193,149624.5088497853,-1.5267315747261514,175217.73749005556,0.18320613884594533,145564.33649793547,0.4913234458407546,False,IAH-DOM,0.07192257534579749,Forecaster,False
xgboost_cv_mv,xgboost,"['Anomaly_2020-04-01', 'cp2', 'monthsin', 'monthcos']","{'n_estimators': 150, 'scale_pos_weight': 5, 'learning_rate': 0.1, 'gamma': 0, 'subsample': 0.9}",minmax,249,True,True,True,1,4,163276.41378061878,0.8016567284046001,144311.12109375,0.10061205710237486,-175957.171875,-118690.0,0.95,2212.763349667696,963.8890429310669,0.023518626035061736,700.3672934478184,0.9999526706168458,,mae,83691.22696234459,,,179000.5613067451,0.11282107654540238,154672.2470703125,-1.7038541591382987,3182.662346994494,0.0028082567401667524,2724.603626179245,0.999823039306443,False,IAH-DOM,0.12668047475486122,MVForecaster,True
knn_cv_uv,knn,"['Anomaly_2020-04-01', 'cp2', 'monthsin', 'monthcos', 'AR1', 'AR6', 'AR12', 'AR18', 'AR24', 'AR36']",{},minmax,248,True,False,True,1,4,177033.65319492223,0.9972930295885296,158450.0,-0.05733307560593204,67907.2,-118690.0,0.95,153373.69010926737,75785.5754548766,0.7688354091661866,40178.06226415094,0.7074164784768571,36.0,rmse,,,,176154.0016322365,0.11792630283290162,154371.94999999995,-1.6185417573769247,618351.0478046228,0.44250405089564604,573283.6150943395,-5.679837253074897,False,IAH-DOM,0.11256639343473623,Forecaster,True
avg,combo,,{'how': 'simple'},,248,False,False,,1,4,142122.5257571358,0.7100885904976377,128553.26473906607,0.3185625628472233,-84909.73403106311,-118690.0,0.95,79996.2926484515,67625.30572598932,0.572347684385606,38984.23785473215,0.773837135912175,,,,"['knn_cv_mv', 'mlr_cv_mv', 'elasticnet_cv_mv', 'sgd_cv_mv', 'xgboost_cv_mv', 'lightgbm_cv_mv', 'mlp_cv_mv', 'knn_tune_mv', 'mlr_tune_mv', 'elasticnet_tune_mv', 'sgd_tune_mv', 'xgboost_tune_mv', 'lightgbm_tune_mv', 'mlp_tune_mv', 'stacking_mv', 'auto_arima', 'auto_arima_anom', 'knn_cv_uv', 'mlr_cv_uv', 'elasticnet_cv_uv', 'sgd_cv_uv', 'xgboost_cv_uv', 'lightgbm_cv_uv', 'mlp_cv_uv', 'hwes_cv_uv', 'arima_cv_uv', 'prophet_cv_uv', 'silverkite_cv_uv', 'theta_cv_uv', 'knn_tune_uv', 'mlr_tune_uv', 'elasticnet_tune_uv', 'sgd_tune_uv', 'xgboost_tune_uv', 'lightgbm_tune_uv', 'mlp_tune_uv', 'hwes_tune_uv', 'arima_tune_uv', 'prophet_tune_uv', 'silverkite_tune_uv', 'theta_tune_uv', 'stacking_uv', 'lstm']",,184152.11465864428,0.11940488812663524,164353.12369358004,-1.8617250020700236,178325.62973662987,0.18625608138468405,149519.72550569315,0.4731182971146991,False,IAH-DOM,0.07312416505335197,Forecaster,False
hwes_tune_uv,hwes,,"{'trend': None, 'seasonal': 'add'}",,248,True,False,True,1,4,104455.72400591643,0.493230426785508,91338.13384712487,0.6319009958367098,-110503.41294064149,-118690.0,0.95,134713.86647412635,94842.71319829838,0.8463264285923576,52417.00343164274,0.5588989287288786,36.0,rmse,183110.65689603265,,,172405.094715976,0.12077078054837662,163611.44453170942,-1.5082722192723441,321820.7456653579,0.30919623498673504,286068.49035075866,-0.960809757159844,False,IAH-DOM,0.0757034222971184,Forecaster,False
hwes_cv_uv,hwes,,"{'trend': None, 'seasonal': 'add'}",,248,True,True,True,1,4,104455.72400591643,0.493230426785508,91338.13384712487,0.6319009958367098,-110503.41294064149,-118690.0,0.95,128595.7132355998,94842.71319829838,0.8463264285923576,52417.00343164274,0.5588989287288786,,rmse,81525.39536805381,,,172405.094715976,0.12077078054837662,163611.44453170942,-1.5082722192723441,321820.7456653579,0.30919623498673504,286068.49035075866,-0.960809757159844,False,IAH-DOM,0.0757034222971184,Forecaster,False
lightgbm_tune_mv,lightgbm,"['Anomaly_2020-04-01', 'cp2', 'monthsin', 'monthcos']","{'n_estimators': 200, 'boosting_type': 'goss', 'max_depth': 1, 'learning_rate': 0.01}",minmax,249,True,False,True,1,4,176467.91124826032,0.8105386453829181,150827.2786348895,-0.05058608856598923,-97547.16002567558,-118690.0,0.95,133010.4913013753,89356.63665676735,0.97775205764778,52949.62252989036,0.5932473556658685,36.0,mae,58739.86299293727,,,203090.4009261592,0.125745378229156,174099.75155473052,-2.480593229787051,222725.76266302489,0.22061135256261186,168253.5741674255,0.13336427291351405,False,IAH-DOM,0.06986627469722403,MVForecaster,True
xgboost_tune_mv,xgboost,"['Anomaly_2020-04-01', 'cp2', 'monthsin', 'monthcos']","{'n_estimators': 250, 'scale_pos_weight': 5, 'learning_rate': 0.2, 'gamma': 5, 'subsample': 0.9}",minmax,249,True,False,True,1,4,152719.15727830533,0.6800449132550503,128340.31884765625,0.21315861687835436,-125592.96875,-118690.0,0.95,1.4292216370814903,0.8336275129520954,1.6954885619256377e-05,0.6319395821049528,0.9999999999645985,36.0,mae,63619.38794377644,,,193560.42616220424,0.12657733323357345,173392.7637939453,-2.1616050488474956,4.056445716285934,3.417882995852399e-06,3.5184164946933962,0.9999999997125336,False,IAH-DOM,0.13056362533646143,MVForecaster,True
prophet_tune_uv,prophet,"['Anomaly_2020-04-01', 'cp2', 'monthsin', 'monthcos']",{'n_changepoints': 0},,248,True,False,True,1,4,109721.63261453832,0.6274138337783872,106828.63162720387,0.5938516646773548,-196085.041001042,-118690.0,0.95,244590.8860102977,82892.77304326725,1.1645713066012797,45657.012424231456,0.6630515130609203,36.0,rmse,177782.0980231961,,,180631.6506868362,0.12776054421927635,170926.64690231616,-1.7533547999918806,220123.45173762995,0.21688309046769774,123434.4469179526,0.08263954596381484,False,IAH-DOM,0.07708921578442784,Forecaster,True
mlp_tune_mv,mlp,"['Anomaly_2020-04-01', 'cp2', 'monthsin', 'monthcos']","{'activation': 'tanh', 'hidden_layer_sizes': (25,), 'solver': 'lbfgs'}",minmax,249,True,False,True,1,4,198587.79793275718,0.9513879782941936,173359.31558906144,-0.3304705795554346,-152804.1840086632,-118690.0,0.95,189056.37766641128,94096.38257399734,1.0625865121813816,53470.57482606294,0.5489521540996634,36.0,mae,63954.183754209414,,,211083.55344328744,0.1286409040587328,177945.11357786512,-2.759960395346083,405714.48209755076,0.4291533976265317,283877.08603068616,-1.8756544606150478,False,IAH-DOM,0.05281962603754683,MVForecaster,True
knn_tune_uv,knn,"['Anomaly_2020-04-01', 'cp2', 'monthsin', 'monthcos', 'AR1', 'AR6', 'AR12', 'AR18', 'AR24', 'AR36']",{'n_neighbors': 3},minmax,248,True,False,True,1,4,179579.55367422354,0.9756507137638382,153093.0,-0.08796251168215208,75804.66666666667,-118690.0,0.95,110442.97513876909,62463.06111496779,0.6733618024796857,34790.738993710685,0.8012426100306491,36.0,rmse,171263.32824665174,,,201284.08883141863,0.13018910125023836,168008.75,-2.418954878005109,669502.4988751513,0.5105343182154569,626791.2971698114,-6.830690947160328,False,IAH-DOM,0.10206598047526992,Forecaster,True
elasticnet_tune_mv,elasticnet,"['Anomaly_2020-04-01', 'cp2', 'monthsin', 'monthcos']","{'alpha': 0.8, 'l1_ratio': 0.5}",minmax,249,True,False,True,1,4,169257.92191854125,0.8915486596080648,157797.02109376804,0.03350822099086748,-52459.32439244322,-118690.0,0.95,146181.50848768465,117530.15796485671,0.8026022507655599,82618.31639178775,0.29631969294307303,36.0,mae,63193.52944342444,,,208686.96222556624,0.13036526721361294,180676.90817878704,-2.675065735695648,270974.5336001725,0.28368610004200867,189204.1132724038,-0.28278134144196687,False,IAH-DOM,0.10189724191730726,MVForecaster,True
elasticnet_tune_uv,elasticnet,"['Anomaly_2020-04-01', 'cp2', 'monthsin', 'monthcos', 'AR1', 'AR6', 'AR12', 'AR18', 'AR24', 'AR36']","{'alpha': 1.4, 'l1_ratio': 0.25}",scale,248,True,False,True,1,4,135836.09963528372,0.7170440081644104,126939.38251143176,0.37751260590780145,-74662.59216790626,-118690.0,0.95,152595.58059111587,89344.09753194901,0.7867973717933091,57022.29465348958,0.5933615041950104,36.0,rmse,173181.76997081187,,,196537.10675451398,0.13238185887342566,181163.21883181867,-2.2595946334993173,236342.4659784548,0.25050833591261473,151795.99025134207,0.024158677406602158,False,IAH-DOM,0.0698977541918736,Forecaster,True
lightgbm_tune_uv,lightgbm,"['Anomaly_2020-04-01', 'cp2', 'monthsin', 'monthcos', 'AR1', 'AR6', 'AR12', 'AR18', 'AR24', 'AR36']","{'n_estimators': 150, 'boosting_type': 'gbdt', 'max_depth': 3, 'learning_rate': 0.1}",minmax,248,True,False,True,1,4,114486.19222359928,0.5486541585193937,101057.90259879472,0.5578125855418392,-131445.36160480426,-118690.0,0.95,177612.5193102139,60735.39909550623,0.684517665060068,34614.859038157425,0.8120853944551064,36.0,rmse,170943.4160097482,,,191018.12902175763,0.13471156491813818,181947.9351086802,-2.079098988583064,172335.93713970133,0.1832072371737621,131002.6455282259,0.48114335910753825,False,IAH-DOM,0.059362333290517905,Forecaster,True
arima_tune_uv,arima,,"{'order': (2, 0, 0), 'seasonal_order': (1, 0, 1, 12)}",,248,True,False,True,1,4,110808.86313750257,0.5032462974655704,94495.98323408232,0.5857627464441133,-117135.46103503744,-118690.0,0.95,92041.69614217638,96951.15535036477,0.8534919931114033,54857.52457235127,0.5390687520914721,36.0,rmse,170789.6039930177,,,191493.36339681462,0.13513958713879604,182561.64132877212,-2.094439039882729,199113.48838761653,0.20141632848293148,122996.79153514553,0.24939967525164475,False,IAH-DOM,0.07328372624179623,Forecaster,False
sgd_tune_mv,sgd,"['Anomaly_2020-04-01', 'cp2', 'monthsin', 'monthcos']","{'penalty': 'l2', 'l1_ratio': 0.15, 'learning_rate': 'invscaling'}",minmax,249,True,False,True,1,4,187380.48381083182,0.867702532521279,161004.19225063812,-0.18453764476243406,-141611.09013861825,-118690.0,0.95,159094.47581000402,89521.79361620572,0.9808161319114216,53389.00958175211,0.5917423726062762,36.0,mae,60880.30506262083,,,221542.78546961583,0.14198992983713332,195045.59006327507,-3.141805503341848,291467.8187049668,0.30331897052874146,181457.93866147028,-0.4841469400014742,False,IAH-DOM,0.05942098904925976,MVForecaster,True
arima_cv_uv,arima,"['Anomaly_2020-04-01', 'cp2', 'monthsin', 'monthcos']","{'order': (0, 0, 2), 'seasonal_order': (0, 1, 1, 12)}",,248,True,True,True,1,4,106535.8438866422,0.5149479239853261,94115.16286891908,0.6170944546331509,-141830.47793856543,-118690.0,0.95,159595.39622194236,86904.51620239919,0.8243703390894074,49202.459780204284,0.6296478536533725,,rmse,78875.06839410245,,,199906.3654235419,0.14242692717533034,191229.8289434004,-2.37231181036937,214550.3905261224,0.15742073963272207,148433.98817578872,0.12850278309892504,False,IAH-DOM,0.06468603309670605,Forecaster,True
auto_arima_anom,arima,"['Anomaly_2020-04-01', 'cp2', 'monthsin', 'monthcos']","{'order': (2, 0, 2), 'seasonal_order': (2, 0, 1, 12)}",,248,False,False,True,1,4,109524.6238672285,0.49423403200408644,92803.63394059925,0.5953088602785923,-122871.46908954065,-118690.0,0.95,189314.59955699972,81126.17674211538,0.9007149627416274,46522.09209549158,0.6772604477190518,,,,,,201621.2003114921,0.1432726938634838,192927.09188818227,-2.4304166294997063,421174.0616784502,0.3869241337149179,344780.8556612276,-2.3583860692012117,False,IAH-DOM,0.07428735683851864,Forecaster,True
elasticnet_cv_mv,elasticnet,"['Anomaly_2020-04-01', 'cp2', 'monthsin', 'monthcos']","{'alpha': 1.5, 'l1_ratio': 0}",minmax,249,True,True,True,1,4,171101.65454592262,0.9608886980030569,165490.6481706944,0.012337479407060314,-18648.407204001873,-118690.0,0.95,252719.79120543256,131513.13194837558,0.8836799131463546,98592.23790176016,0.11892069926138038,,mae,64146.570127857674,,,225285.00692314445,0.1434074878115133,198308.28335495113,-3.2829110675125204,282333.8456433616,0.29393087971156967,217915.52917310182,-0.3925845312038405,False,IAH-DOM,0.11514950960076528,MVForecaster,True
sgd_cv_mv,sgd,"['Anomaly_2020-04-01', 'cp2', 'monthsin', 'monthcos']","{'penalty': 'l1', 'l1_ratio': 0, 'learning_rate': 'adaptive'}",minmax,249,True,True,True,1,4,188680.33901815064,0.8475151083730726,159141.35112252634,-0.20102888147801412,-131510.29820936784,-118690.0,0.95,232706.2807006438,86037.22177234007,0.9636672552671269,52063.99379692979,0.6229060942850463,,mae,89822.74097423021,,,225867.17191253972,0.1448162305880746,198998.98613269546,-3.3050748367791583,321755.33308040485,0.3434091134955627,227043.7674277273,-0.8086194106263798,False,IAH-DOM,0.0648102933696165,MVForecaster,True
lstm,rnn,,"{'lags': 48, 'layers_struct': [('LSTM', {'units': 100, 'dropout': 0, 'return_sequences': False}), ('LSTM', {'units': 100, 'dropout': 0, 'return_sequences': False}), ('Dense', {'units': 10}), ('Dense', {'units': 10})], 'epochs': 8, 'random_seed': 42, 'validation_split': 0.2}",minmax,248,False,False,,1,4,180047.62942737513,1.0528094997457584,177320.65793969634,-0.0936414717034959,18548.45542868972,-118690.0,0.95,,159094.80056984883,1.8040933417117813,121809.65984900932,-0.2517418875063895,,,,,,235545.8186618502,0.14755129801843622,204622.79071506858,-3.68193387369719,7339785.120060718,6.4537163665672574,6416080.96322992,-891.5905316333728,False,IAH-DOM,0.11983747500445757,Forecaster,False
lightgbm_cv_mv,lightgbm,"['Anomaly_2020-04-01', 'cp2', 'monthsin', 'monthcos']","{'n_estimators': 150, 'boosting_type': 'gbdt', 'max_depth': 3, 'learning_rate': 0.001}",minmax,249,True,True,True,1,4,172318.0402102185,0.9693575683445501,166780.6145053088,-0.0017552997500438483,-14568.337737301856,-118690.0,0.95,274119.02046238544,127312.83582655332,0.8524746594813561,94996.08605711791,0.17430217362793332,,mae,61223.79045488072,,,233530.06229939085,0.15059233164924501,207798.25283105753,-3.6021425592811553,253630.58138430727,0.26149820060990453,185236.48811439198,-0.1238255819479277,False,IAH-DOM,0.11165423292404912,MVForecaster,True
elasticnet_cv_uv,elasticnet,"['Anomaly_2020-04-01', 'cp2', 'monthsin', 'monthcos', 'AR1', 'AR6', 'AR12', 'AR18', 'AR24', 'AR36']","{'alpha': 0.1, 'l1_ratio': 0}",minmax,248,True,True,True,1,4,153396.2134287409,0.8539943317082892,147720.54602137714,0.20616647905900243,-39449.78417375013,-118690.0,0.95,207116.31862903957,110212.74257855967,0.829579458645812,76877.47031043012,0.3812141459169195,,rmse,132712.64207022212,,,224998.1482181517,0.15069595537183839,206558.2501660051,-3.2720110245123033,247099.70257375724,0.25790264381533873,156047.83096472974,-0.06669466921804212,False,IAH-DOM,0.09034349633787744,Forecaster,True
mlp_cv_uv,mlp,"['Anomaly_2020-04-01', 'cp2', 'monthsin', 'monthcos', 'AR1', 'AR6', 'AR12', 'AR18', 'AR24', 'AR36']","{'activation': 'relu', 'hidden_layer_sizes': (25, 25), 'solver': 'adam'}",scale,248,True,True,True,1,4,173400.921908088,0.9996948837562493,169862.15291222266,-0.014385329381916057,-96.81544290579419,-118690.0,0.95,247587.85719940285,139916.04488960237,0.9973326369496194,107798.61314434979,0.002732197618124932,,rmse,141563.39525132457,,,235209.43888899882,0.15096883088335547,208521.44279356918,-3.6685710102877547,317704.5946806709,0.3161620826348204,281146.91298940056,-0.7633668446063058,False,IAH-DOM,0.12214006463577318,Forecaster,True
mlp_cv_mv,mlp,"['Anomaly_2020-04-01', 'cp2', 'monthsin', 'monthcos']","{'activation': 'relu', 'hidden_layer_sizes': (25,), 'solver': 'adam'}",minmax,249,True,True,True,1,4,173441.6423873362,0.9999960122454594,169906.47622072417,-0.01486181020292432,-0.0890568531529401,-118690.0,0.95,279551.6420716077,140106.25540538607,0.9999451226661588,107983.47329393862,1.885960278136256e-05,,mae,60231.80435009065,,,235245.1817539227,0.15098200054102323,208541.95205348433,-3.66999000760853,312847.2886094536,0.31339738532371114,273822.96430099383,-0.7098596751984243,False,IAH-DOM,0.1222679839733978,MVForecaster,True
lightgbm_cv_uv,lightgbm,"['Anomaly_2020-04-01', 'cp2', 'monthsin', 'monthcos', 'AR1', 'AR6', 'AR12', 'AR18', 'AR24', 'AR36']","{'n_estimators': 150, 'boosting_type': 'dart', 'max_depth': 3, 'learning_rate': 0.001}",minmax,248,True,True,True,1,4,169354.07150140806,0.9665941996432239,165138.09637211965,0.032409847870428,-9929.770723461315,-118690.0,0.95,209408.39340531486,135484.01207529387,0.9286661879044936,103113.49190033639,0.06491120008708096,,rmse,141496.72202799117,,,234172.91274557202,0.15205570583769484,209599.28503696888,-3.6275145509030526,292006.5086534949,0.29853913672163646,246999.73873279043,-0.48963800144653913,False,IAH-DOM,0.11792229261803694,Forecaster,True
theta_cv_uv,theta,,"{'theta': 2, 'model_mode': <ModelMode.ADDITIVE: 'additive'>, 'season_mode': <SeasonalityMode.ADDITIVE: 'additive'>, 'trend_mode': <TrendMode.EXPONENTIAL: 'exponential'>}",,248,True,True,True,1,4,183439.8721381708,1.0436739844893137,178533.36148002138,-0.13523986489413686,-421.74077414191237,-118690.0,0.95,388382.78606312594,158988.00908860136,1.8172910606642987,122594.48807051514,-0.2386407837350788,,rmse,139202.291570362,,,246796.5460677878,0.1581819641586929,218515.46510076785,-4.1398758854772995,343488.2087715519,0.3145589661263838,311318.3858123438,-1.2128968372954603,False,IAH-DOM,0.12194623387538114,Forecaster,False
theta_tune_uv,theta,,"{'theta': 3, 'model_mode': <ModelMode.ADDITIVE: 'additive'>, 'season_mode': <SeasonalityMode.ADDITIVE: 'additive'>, 'trend_mode': <TrendMode.LINEAR: 'linear'>}",,248,True,False,True,1,4,183644.9174135498,1.04229494553018,178528.6077726816,-0.13777917833619835,-2039.294489218646,-118690.0,0.95,344864.2627699196,160011.8038101026,1.8446831473595051,123196.6363823185,-0.25464446702018084,36.0,rmse,192138.35044549796,,,250029.18194523695,0.1612659596143243,222535.58085176058,-4.275405855864905,432114.2313927892,0.3707332917147567,401954.43195849296,-2.5021491756214913,False,IAH-DOM,0.12197149879902207,Forecaster,False
prophet_cv_uv,prophet,[],{'n_changepoints': 2},,248,True,True,True,1,4,119746.7266197815,0.6907660805348805,115979.05567911945,0.5162427840893424,-216807.30479433978,-118690.0,0.95,87159.80254410804,82910.75526201456,1.1736719114757002,45905.74008206232,0.6629053063800461,,rmse,85527.15755219672,,,230316.79594453424,0.1646828455613173,218978.2668321016,-3.476367125668694,212593.06763061238,0.20864056436382694,111024.92050420042,0.14433142381382014,False,IAH-DOM,0.07581909060951798,Forecaster,False
mlr_tune_uv,mlr,"['Anomaly_2020-04-01', 'cp2', 'monthsin', 'monthcos', 'AR1', 'AR6', 'AR12', 'AR18', 'AR24', 'AR36']",{},minmax,248,True,False,True,1,4,133408.83837005755,0.7693964722976414,129716.72202419257,0.3995603534668025,-222864.65687065505,-118690.0,0.95,90775.62441274861,79089.70565470046,0.8849289565852043,48818.89491058471,0.681347979960164,36.0,rmse,175901.9051777567,,,249102.16707489814,0.17810612709761564,237167.9293624516,-4.236359903017661,205399.99318348253,0.21533668844643059,151018.59130321292,0.2629507152057686,False,IAH-DOM,0.08516375048114508,Forecaster,True
mlr_cv_uv,mlr,"['Anomaly_2020-04-01', 'cp2', 'monthsin', 'monthcos', 'AR1', 'AR6', 'AR12', 'AR18', 'AR24', 'AR36']",{},scale,248,True,True,True,1,4,133408.83837005755,0.7693964722976416,129716.7220241926,0.3995603534668025,-222864.65687065516,-118690.0,0.95,115064.25027812785,79089.70565470046,0.884928956585205,48818.8949105847,0.681347979960164,,rmse,149002.17842894187,,,249102.16707489817,0.17810612709761567,237167.92936245163,-4.236359903017663,205399.99318348328,0.2153366884464315,151018.59130321388,0.2629507152057633,False,IAH-DOM,0.08516375048114491,Forecaster,True
sgd_tune_uv,sgd,"['Anomaly_2020-04-01', 'cp2', 'monthsin', 'monthcos', 'AR1', 'AR6', 'AR12', 'AR18', 'AR24', 'AR36']","{'penalty': 'l2', 'l1_ratio': 0.15, 'learning_rate': 'invscaling'}",minmax,248,True,False,True,1,4,135787.1316611568,0.690646287913412,123718.16407786452,0.377961329809984,-151455.30103636486,-118690.0,0.95,157980.1616543554,84830.72342417033,0.9193869970852377,52615.57997542201,0.6334079025724527,36.0,rmse,172942.66507426515,,,250121.98092491645,0.1800821076061775,241873.24970435293,-4.279322543719578,383727.2888915991,0.40807942667375324,301454.9868101921,-1.572415098671423,False,IAH-DOM,0.054465448942234373,Forecaster,True
sgd_cv_uv,sgd,"['Anomaly_2020-04-01', 'cp2', 'monthsin', 'monthcos', 'AR1', 'AR6', 'AR12', 'AR18', 'AR24', 'AR36']","{'penalty': 'elasticnet', 'l1_ratio': 0.85, 'learning_rate': 'constant'}",minmax,248,True,True,True,1,4,140142.20431489556,0.7450768387859036,130673.86307887026,0.3374204251465097,-176575.10970187632,-118690.0,0.95,198232.45234570472,88327.04923616894,0.9633923794890714,54673.12885088198,0.6025667468107165,,rmse,145127.67030610083,,,276419.6952392417,0.20011609471423591,267583.6358758709,-5.447813167594821,1148278.1282862197,1.0838831368543669,943246.8561571831,-22.0350874242053,False,IAH-DOM,0.048893252224167294,Forecaster,True
auto_arima,arima,,"{'order': (2, 0, 2), 'seasonal_order': (2, 0, 1, 12), 'trend': None}",,248,False,False,True,1,4,145713.61683048584,0.6527194476308781,115804.33900476401,0.2836909607463425,-188465.03653660463,-118690.0,0.95,222087.10441884116,94428.44607989212,0.8938194098553938,53799.72038664001,0.5627439175293119,,,,,,366231.597355945,0.2604599889446142,344863.2415737737,-10.318427663282813,240258.27132598578,0.2374802935284482,175815.8944167685,-0.0928588706067599,False,IAH-DOM,0.0817355370987424,Forecaster,False
hwes_tune_uv,hwes,,"{'trend': 'add', 'seasonal': 'add'}",,248,True,False,True,1,4,8609.637028713581,0.2261179535436133,7963.789650882215,0.9788561427582876,-56157.59569205043,-53546.0,0.95,63835.59952748361,30282.025763650017,1.0642661157804119,16830.38920766475,0.727161510585015,36,rmse,64638.53611201521,,,7719.908245033819,0.022358131543301726,6993.796706734931,0.9790798311852403,374591.73717654275,1.7210019870707567,311819.9511019054,-12.224282921097334,True,IAH-Int,0.07093395158541888,Forecaster,False
auto_arima,arima,,"{'order': (3, 0, 3), 'seasonal_order': (1, 0, 1, 12), 'trend': None}",,248,False,False,True,1,4,12276.841280202203,0.36599988835002895,11276.227749417778,0.9570079835659132,-71513.48054780644,-53546.0,0.95,66619.94337902237,30129.539754312962,0.8713199680600549,19382.583184368796,0.7299023644214537,,,,,,14626.324088369045,0.03506146626791282,12200.250027793183,0.9249049532320501,68723.38116767688,0.411072883468791,45108.88343656993,0.5548926331801343,False,IAH-Int,0.05919375615671675,Forecaster,False
hwes_cv_uv,hwes,,"{'trend': None, 'seasonal': 'add'}",,248,True,True,True,1,4,9075.78965359205,0.15081069652027368,7748.4567767264125,0.9765045711450345,-60497.2588529646,-53546.0,0.95,54785.60955394551,29830.769232588624,0.9866991203377667,16271.857291554625,0.735232489430734,,rmse,28066.299555024205,,,12646.823535999725,0.03796037147798796,12222.34201039384,0.9438559386804288,122237.45656968968,0.6005076848397037,108874.49379078638,-0.40820004831085566,False,IAH-Int,0.066679859792387,Forecaster,False
mlr_tune_uv,mlr,"['Anomaly_2020-04-01', 'cp2', 'monthsin', 'monthcos', 'AR1', 'AR6', 'AR12', 'AR18', 'AR24', 'AR36']",{},scale,248,True,False,True,1,4,15831.188049921308,0.3565167975984638,12898.430116189124,0.9285106171142165,-81246.60829711426,-53546.0,0.95,73388.65272709931,30015.107931115974,0.5637401562103068,17244.792529774342,0.7534294257618825,36,rmse,64590.8938907938,,,16242.62208570999,0.041015268037488437,11749.026575932992,0.9073910016026585,69041.71990155321,0.42375706198060203,37579.97790100748,0.5327087810713074,False,IAH-Int,0.06351758807525032,Forecaster,True
mlr_cv_uv,mlr,"['Anomaly_2020-04-01', 'cp2', 'monthsin', 'monthcos', 'AR1', 'AR6', 'AR12', 'AR18', 'AR24', 'AR36']",{},minmax,248,True,True,True,1,4,15831.18804992126,0.35651679759846466,12898.430116189127,0.9285106171142168,-81246.60829711411,-53546.0,0.95,37248.57275746156,30015.107931115974,0.5637401562103074,17244.792529774328,0.7534294257618825,,rmse,64036.10990740644,,,16242.622085710007,0.04101526803748862,11749.026575933058,0.9073910016026583,69041.71990155452,0.4237570619806112,37579.977901007434,0.5327087810712896,False,IAH-Int,0.06351758807525015,Forecaster,True
mlp_tune_uv,mlp,"['Anomaly_2020-04-01', 'cp2', 'monthsin', 'monthcos', 'AR1', 'AR6', 'AR12', 'AR18', 'AR24', 'AR36']","{'activation': 'tanh', 'hidden_layer_sizes': (25, 25), 'solver': 'lbfgs'}",scale,248,True,False,True,1,4,20562.43229663667,0.5242434204911516,18506.472923076944,0.8793955025050013,-57897.104628440844,-53546.0,0.95,74380.34969888505,34435.6426771137,0.8845235475555531,24897.784706521208,0.6754528399103187,36,rmse,58078.179702046684,,,16822.49927533279,0.04280453621478207,14503.582733517127,0.9006605058563888,103357.61928244325,0.47672827558130176,82722.90819103796,-0.047247691213973875,False,IAH-Int,0.06138129531770574,Forecaster,True
arima_tune_uv,arima,,"{'order': (1, 0, 1), 'seasonal_order': (1, 0, 1, 12)}",,248,True,False,True,1,4,15654.555066337072,0.20863255044578305,13227.516159144156,0.9300969717625123,-42891.669855608736,-53546.0,0.95,44427.5421498357,31308.421340503377,0.8989818987561281,20002.886302750474,0.7083525881386479,36,rmse,57819.52525153134,,,15674.667306022271,0.04822989288936248,15196.224166229862,0.913754276240447,74010.94785637605,0.4331419925849549,55266.74298584946,0.48376472429205175,False,IAH-Int,0.06914720842149256,Forecaster,False
knn_tune_uv,knn,"['Anomaly_2020-04-01', 'cp2', 'monthsin', 'monthcos', 'AR1', 'AR6', 'AR12', 'AR18', 'AR24', 'AR36']",{'n_neighbors': 20},minmax,248,True,False,True,1,4,19516.429149004816,0.31483949703349434,15992.787499999999,0.8913536223016185,-57700.7,-53546.0,0.95,60702.69287436522,31327.064558401038,0.49996640347197646,19126.749528301887,0.7314032014144927,36,rmse,60244.52167363494,,,16906.097619849334,0.05136898007894681,16639.08750000001,0.8996707299908705,222776.61451155003,1.211135772816832,170651.64504717014,-3.8652326939354262,False,IAH-Int,0.16469171883512781,Forecaster,True
elasticnet_tune_uv,elasticnet,"['Anomaly_2020-04-01', 'cp2', 'monthsin', 'monthcos', 'AR1', 'AR6', 'AR12', 'AR18', 'AR24', 'AR36']","{'alpha': 1.6, 'l1_ratio': 0.25}",scale,248,True,False,True,1,4,25418.06696420468,0.46061913120359915,22284.656503214283,0.8157109327896634,-43586.74887673379,-53546.0,0.95,59364.1278338003,34467.98323644298,0.5848061722412,24659.760061229397,0.6748429505866009,36,rmse,60024.2095905342,,,26038.491957859766,0.05678415356618383,20523.80907199502,0.762002407573459,77058.68964623522,0.48892814525569334,43470.646576256084,0.4178865199494689,False,IAH-Int,0.09245881170414841,Forecaster,True
knn_cv_uv,knn,"['Anomaly_2020-04-01', 'cp2', 'monthsin', 'monthcos', 'AR1', 'AR6', 'AR12', 'AR18', 'AR24', 'AR36']",{'n_neighbors': 29},minmax,248,True,True,True,1,4,24519.018153924135,0.4617045655248619,21204.603448275862,0.8285171537809839,-44445.10344827586,-53546.0,0.95,57659.65323071229,36199.405232891244,0.666804962515221,25271.160052049447,0.6413553986159088,,rmse,60327.04440993063,,,22470.346709138554,0.05690469138930061,19500.5,0.8227605251525894,378555.8470070527,1.8644635907211375,296259.95087833435,-13.048318145390224,False,IAH-Int,0.12447897053936875,Forecaster,True
xgboost_tune_uv,xgboost,"['Anomaly_2020-04-01', 'cp2', 'monthsin', 'monthcos', 'AR1', 'AR6', 'AR12', 'AR18', 'AR24', 'AR36']","{'n_estimators': 150, 'scale_pos_weight': 10, 'learning_rate': 0.1, 'gamma': 0, 'subsample': 0.9}",minmax,248,True,False,True,1,4,19910.711678561238,0.180613594473475,12831.5302734375,0.8869194011316038,-55398.234375,-53546.0,0.95,1474.3196636555356,801.8706843879778,0.022138771583203057,620.4649381817512,0.999824017249722,36,rmse,66430.74475081037,,,20201.25120512904,0.06175047790277336,18541.5595703125,0.8567490713693005,4970.833735451913,0.013899953903937756,3879.591812997494,0.9975777280998419,False,IAH-Int,0.048943729477527995,Forecaster,True
stacking_mv,stacking,"['Anomaly_2020-04-01', 'cp2', 'monthsin', 'monthcos']","{'estimators': [('knn_cv_mv', KNeighborsRegressor(n_neighbors=49)), ('elasticnet_cv_mv', ElasticNet(alpha=1.5, l1_ratio=0)), ('xgboost_cv_mv', XGBRegressor(base_score=None, booster=None, callbacks=None,
             colsample_bylevel=None, colsample_bynode=None,
             colsample_bytree=None, early_stopping_rounds=None,
             enable_categorical=False, eval_metric=None, gamma=0, gpu_id=None,
             grow_policy=None, importance_type=None,
             interaction_constraints=None, learning_rate=0.1, max_bin=None,
             max_cat_to_onehot=None, max_delta_step=None, max_depth=None,
             max_leaves=None, min_child_weight=None, missing=nan,
             monotone_constraints=None, n_estimators=150, n_jobs=None,
             num_parallel_tree=None, predictor=None, random_state=None,
             reg_alpha=None, reg_lambda=None, ...)), ('lightgbm_cv_mv', LGBMRegressor(learning_rate=0.001, max_depth=3, n_estimators=150))], 'final_estimator': BaggingRegressor(base_estimator=MLPRegressor(hidden_layer_sizes=(100, 100, 100),
                                             solver='lbfgs'),
                 max_features=0.5, max_samples=0.9)}",minmax,249,,False,True,1,4,32008.215399409866,0.35705690018486674,24767.797679688807,0.7077614833993062,-62576.46455636241,-53546.0,0.95,22475.23993801808,17440.499390459856,0.4610518264814694,12570.559911628581,0.9097692269402554,,,,,,27964.095758304047,0.06267136554518889,22753.080091647338,0.7254999240979003,496519.195460126,1.87606794634247,433108.21236793196,-22.271514182056794,False,IAH-Int,0.1250158261694016,MVForecaster,True
prophet_tune_uv,prophet,[],{'n_changepoints': 4},,248,True,False,True,1,4,17998.555116593543,0.2868145491796559,15399.166304533639,0.9075962029797187,-81310.48785223694,-53546.0,0.95,54472.57662147163,28271.20448071503,0.8488834290314047,17012.138778702792,0.7621931223733205,36,rmse,59991.63365714165,,,21608.718483852288,0.06293362988102716,19205.010846548597,0.836092460546982,78571.2715248593,0.41256178505328545,55974.02824186827,0.4181871511353261,False,IAH-Int,0.09413884833243302,Forecaster,False
prophet_cv_uv,prophet,[],{'n_changepoints': 4},,248,True,True,True,1,4,17998.555116593543,0.2868145491796559,15399.166304533639,0.9075962029797187,-81310.48785223694,-53546.0,0.95,36604.632639303185,28271.20448071503,0.8488834290314047,17012.138778702792,0.7621931223733205,,rmse,31188.924780042125,,,21608.718483852288,0.06293362988102716,19205.010846548597,0.836092460546982,78571.2715248593,0.41256178505328545,55974.02824186827,0.4181871511353261,False,IAH-Int,0.09413884833243302,Forecaster,False
lightgbm_tune_uv,lightgbm,"['Anomaly_2020-04-01', 'cp2', 'monthsin', 'monthcos', 'AR1', 'AR6', 'AR12', 'AR18', 'AR24', 'AR36']","{'n_estimators': 250, 'boosting_type': 'goss', 'max_depth': 2, 'learning_rate': 0.01}",minmax,248,True,False,True,1,4,15265.072584309433,0.35432583859826366,14907.80555085389,0.9335320506645199,-68787.91303083535,-53546.0,0.95,37372.23711423536,29088.284842995166,0.527031857938641,17248.076794463934,0.7684218092929962,36,rmse,57801.78587964313,,,21507.03913981761,0.06401439681071058,20421.61640266671,0.8376313579447294,83569.92000427717,0.41348891456420767,61655.41171232115,0.31535665683856806,False,IAH-Int,0.06822413612572382,Forecaster,True
weighted,combo,,"{'how': 'weighted', 'determine_best_by': 'LevelTestSetMAPE'}",,248,False,False,,1,4,27072.72717742796,0.31252632936354613,19697.894433804548,0.7909363413956374,-52786.34318786783,-53546.0,0.95,42553.59547113008,25301.695604546196,0.4179073283441363,15965.06039914005,0.8314111714101071,,,,"['hwes_tune_uv', 'auto_arima', 'hwes_cv_uv', 'mlr_tune_uv', 'mlr_cv_uv', 'mlp_tune_uv', 'arima_tune_uv', 'knn_tune_uv', 'elasticnet_tune_uv', 'knn_cv_uv', 'xgboost_tune_uv', 'stacking_mv', 'prophet_tune_uv', 'prophet_cv_uv', 'lightgbm_tune_uv', 'mlp_cv_uv', 'sgd_tune_uv', 'elasticnet_cv_uv', 'avg', 'xgboost_cv_uv', 'arima_cv_uv', 'lightgbm_cv_uv', 'sgd_cv_uv', 'stacking_uv', 'auto_arima_anom', 'elasticnet_cv_mv', 'elasticnet_tune_mv', 'mlp_cv_mv', 'lightgbm_cv_mv', 'theta_tune_uv', 'theta_cv_uv', 'xgboost_tune_mv', 'lstm', 'knn_tune_mv', 'mlp_tune_mv', 'knn_cv_mv', 'sgd_tune_mv', 'sgd_cv_mv', 'lightgbm_tune_mv', 'silverkite_tune_uv', 'silverkite_cv_uv', 'xgboost_cv_mv', 'mlr_cv_mv', 'mlr_tune_mv']","(0.03511082613490912, 0.0335599897963426, 0.033206088427977135, 0.032833143473149126, 0.0328331434731491, 0.03261470774985737, 0.031952374554438764, 0.031569151519773346, 0.030908061498475314, 0.030893346115442935, 0.03030176744913654, 0.03018934452629345, 0.030157327022925614, 0.030157327022925614, 0.03002538587011738, 0.029209188887707467, 0.029050357698576817, 0.02773388174738129, 0.02590379634090419, 0.025878023729513654, 0.025615734892711996, 0.025577813617910557, 0.02504374280863857, 0.024544670030704166, 0.020180591911959866, 0.01967639131353224, 0.01907442549559504, 0.018773975074264395, 0.018675693685784624, 0.01802285502103367, 0.01802285502103367, 0.016637694774859237, 0.015600715532344869, 0.014363922633748022, 0.014256243469754796, 0.013885192619444459, 0.0133685934894608, 0.012519328989178654, 0.012481297912083663, 0.01147716198205271, 0.01147716198205271, 0.010252918132833829, 0.0031918932850288897, 0.0031918932849917384)",23653.58100117461,0.06589869246541342,22268.04133254809,0.8036030646804383,89841.86376414205,0.5694638137772271,57538.922785080016,0.21747538195183702,False,IAH-Int,0.07894084789855846,Forecaster,False
mlp_cv_uv,mlp,"['Anomaly_2020-04-01', 'cp2', 'monthsin', 'monthcos', 'AR1', 'AR6', 'AR12', 'AR18', 'AR24', 'AR36']","{'activation': 'tanh', 'hidden_layer_sizes': (25, 25), 'solver': 'lbfgs'}",minmax,248,True,True,True,1,4,27949.96487814256,0.5992442794786785,24913.189157514593,0.7771682526809629,-45638.121684970814,-53546.0,0.95,77168.47353883558,36840.01511023708,0.983829405928683,27317.30034583517,0.6285494316745788,,rmse,59175.87023120437,,,25548.821762926334,0.07070009485048853,23447.641923913252,0.770869627736433,83241.85900936759,0.3654108136134639,67576.25181071003,0.32072136039469856,False,IAH-Int,0.13925234775355236,Forecaster,True
sgd_tune_uv,sgd,"['Anomaly_2020-04-01', 'cp2', 'monthsin', 'monthcos', 'AR1', 'AR6', 'AR12', 'AR18', 'AR24', 'AR36']","{'penalty': 'elasticnet', 'l1_ratio': 1, 'learning_rate': 'invscaling'}",minmax,248,True,False,True,1,4,16522.45402777227,0.3844469758778338,16063.776427223995,0.9221311721936676,-74061.14973314301,-53546.0,0.95,118217.98624221786,30873.44479666574,0.5537765126478726,17815.09750700191,0.7391255132529124,36,rmse,64619.41461121141,,,23926.880902788336,0.0720011255976141,22523.007957609072,0.799038398350705,102909.82613444388,0.6363325939686896,58118.784336317694,-0.03819302280275361,False,IAH-Int,0.060124749618390066,Forecaster,True
elasticnet_cv_uv,elasticnet,"['Anomaly_2020-04-01', 'cp2', 'monthsin', 'monthcos', 'AR1', 'AR6', 'AR12', 'AR18', 'AR24', 'AR36']","{'alpha': 0.4, 'l1_ratio': 0.75}",minmax,248,True,True,True,1,4,33597.22461037395,0.6397953414332587,30377.637160034654,0.6780256030838913,-36384.78527618373,-53546.0,0.95,67275.77952141177,40690.88809036247,0.6712727114423068,31523.252160205455,0.5468356208222538,,rmse,57634.810084978446,,,37669.712667899,0.08278474876212906,30165.967577603762,0.5018896994162987,89383.79360989491,0.5454932498043452,63454.447712665016,0.21678322101443126,False,IAH-Int,0.15475467341563684,Forecaster,True
avg,combo,,{'how': 'simple'},,248,False,False,,1,4,35865.834030027676,0.40245244012362147,25638.94845630757,0.6330757614128996,-51302.105286305145,-53546.0,0.95,46914.81294874541,24969.51885344265,0.4088439064725815,16106.282724952976,0.8358087959766096,,,,"['knn_cv_mv', 'mlr_cv_mv', 'elasticnet_cv_mv', 'sgd_cv_mv', 'xgboost_cv_mv', 'lightgbm_cv_mv', 'mlp_cv_mv', 'knn_tune_mv', 'mlr_tune_mv', 'elasticnet_tune_mv', 'sgd_tune_mv', 'xgboost_tune_mv', 'lightgbm_tune_mv', 'mlp_tune_mv', 'stacking_mv', 'auto_arima', 'auto_arima_anom', 'knn_cv_uv', 'mlr_cv_uv', 'elasticnet_cv_uv', 'sgd_cv_uv', 'xgboost_cv_uv', 'lightgbm_cv_uv', 'mlp_cv_uv', 'hwes_cv_uv', 'arima_cv_uv', 'prophet_cv_uv', 'silverkite_cv_uv', 'theta_cv_uv', 'knn_tune_uv', 'mlr_tune_uv', 'elasticnet_tune_uv', 'sgd_tune_uv', 'xgboost_tune_uv', 'lightgbm_tune_uv', 'mlp_tune_uv', 'hwes_tune_uv', 'arima_tune_uv', 'prophet_tune_uv', 'silverkite_tune_uv', 'theta_tune_uv', 'stacking_uv', 'lstm']",,31671.73566512576,0.09777549079916008,31540.90902990618,0.6478849111910396,97177.09657549029,0.6037101329063562,67339.448589456,0.08447893326047184,False,IAH-Int,0.08024037510679179,Forecaster,False
xgboost_cv_uv,xgboost,"['Anomaly_2020-04-01', 'cp2', 'monthsin', 'monthcos', 'AR1', 'AR6', 'AR12', 'AR18', 'AR24', 'AR36']","{'n_estimators': 200, 'scale_pos_weight': 5, 'learning_rate': 0.2, 'gamma': 5, 'subsample': 0.9}",minmax,248,True,True,True,1,4,26674.69073194604,0.3492664962969603,22106.21875,0.7970386613848841,-23455.783203125,-53546.0,0.95,10.454054943740491,5.46838233966305,0.00012946199322207635,3.8156830409787736,0.9999999918157446,,rmse,62453.67744399016,,,33100.46119472223,0.09798660147607646,28407.685546875,0.6154002501223476,55.7177989739569,0.00013704466465933138,45.89713848761792,0.9999996956647057,False,IAH-Int,0.053558944388769354,Forecaster,True
arima_cv_uv,arima,"['Anomaly_2020-04-01', 'cp2', 'monthsin', 'monthcos']","{'order': (1, 0, 1), 'seasonal_order': (0, 1, 1, 12)}",,248,True,True,True,1,4,14847.092036251024,0.25107941087863467,11269.837214872061,0.9371222005461742,-59525.85863299452,-53546.0,0.95,28897.30488513639,29312.808792777214,0.7947885096867006,17323.327839062436,0.7443471389314027,,rmse,27464.25548119821,,,31904.295422068943,0.10013508278616759,31750.79330542295,0.6426948929426733,74965.31972051549,0.30065811606285886,53454.0989947341,0.4703651666293288,False,IAH-Int,0.07128001385135327,Forecaster,True
lightgbm_cv_uv,lightgbm,"['Anomaly_2020-04-01', 'cp2', 'monthsin', 'monthcos', 'AR1', 'AR6', 'AR12', 'AR18', 'AR24', 'AR36']","{'n_estimators': 200, 'boosting_type': 'gbdt', 'max_depth': 1, 'learning_rate': 0.1}",minmax,248,True,True,True,1,4,22544.297121447777,0.42534705847383514,17313.477012581774,0.8550267309950133,-95165.45253151674,-53546.0,0.95,32994.191854302015,26908.467087710564,0.5053209054150141,15703.630583448185,0.8018293456898201,,rmse,61189.80492438996,,,34665.38139568317,0.10044570656703147,29311.796236959068,0.5781744580699621,91342.91496148476,0.49242285596444485,69117.16379536902,0.18207374208179827,False,IAH-Int,0.06198933587055934,Forecaster,True
sgd_cv_uv,sgd,"['Anomaly_2020-04-01', 'cp2', 'monthsin', 'monthcos', 'AR1', 'AR6', 'AR12', 'AR18', 'AR24', 'AR36']","{'penalty': 'l1', 'l1_ratio': 0, 'learning_rate': 'constant'}",minmax,248,True,True,True,1,4,18900.664701485333,0.4748136725464483,18128.703672020485,0.8981012894552486,-78510.88225402049,-53546.0,0.95,55388.923401307984,31283.00903471616,0.550436256905815,18405.491455641506,0.7321581302430695,,rmse,62864.11485470895,,,34020.09637290851,0.10482043011980623,32275.92576307527,0.5937325887946652,333995.1275165876,0.9965684176966679,297263.78957686573,-9.935651945187319,False,IAH-Int,0.0958271338839867,Forecaster,True
stacking_uv,stacking,"['Anomaly_2020-04-01', 'cp2', 'monthsin', 'monthcos', 'AR1', 'AR6', 'AR12', 'AR18', 'AR24', 'AR36']","{'estimators': [('knn_cv_uv', KNeighborsRegressor(n_neighbors=29)), ('sgd_cv_uv', SGDRegressor(l1_ratio=0, learning_rate='constant', penalty='l1')), ('elasticnet_cv_uv', ElasticNet(alpha=0.4, l1_ratio=0.75)), ('xgboost_cv_uv', XGBRegressor(base_score=None, booster=None, callbacks=None,
             colsample_bylevel=None, colsample_bynode=None,
             colsample_bytree=None, early_stopping_rounds=None,
             enable_categorical=False, eval_metric=None, gamma=5, gpu_id=None,
             grow_policy=None, importance_type=None,
             interaction_constraints=None, learning_rate=0.2, max_bin=None,
             max_cat_to_onehot=None, max_delta_step=None, max_depth=None,
             max_leaves=None, min_child_weight=None, missing=nan,
             monotone_constraints=None, n_estimators=200, n_jobs=None,
             num_parallel_tree=None, predictor=None, random_state=None,
             reg_alpha=None, reg_lambda=None, ...))], 'final_estimator': BaggingRegressor(base_estimator=MLPRegressor(hidden_layer_sizes=(100, 100, 100),
                                             solver='lbfgs'),
                 max_features=0.5, max_samples=0.9)}",minmax,248,False,False,True,1,4,36156.62445505867,0.6156309424342523,30813.420450724727,0.6271017977456501,3911.2190075658773,-53546.0,0.95,36257.834500002,29410.84893586143,0.5698058955433777,13289.275385041054,0.7632573259119857,,,,,,39064.50868442861,0.1089084749975155,31703.47287160586,0.46431974254215025,340033.8224992596,1.690161927941608,245189.26183173354,-10.33466404064114,False,IAH-Int,0.05813910762669472,Forecaster,True
auto_arima_anom,arima,"['Anomaly_2020-04-01', 'cp2', 'monthsin', 'monthcos']","{'order': (3, 0, 3), 'seasonal_order': (1, 0, 1, 12)}",,248,False,False,True,1,4,25867.89224076909,0.5065740967638879,21147.68092904474,0.8091304634340242,-57710.44198431199,-53546.0,0.95,45652.85979719822,28048.010798360807,0.8488426837326296,17129.197248407447,0.765933145429839,,,,,,47632.79676367357,0.1446558609260673,46998.834421851534,0.20355998583642665,99749.02919598752,0.5089068849270758,78198.37688729746,0.062280169327863066,False,IAH-Int,0.13787760319302977,Forecaster,True
elasticnet_cv_mv,elasticnet,"['Anomaly_2020-04-01', 'cp2', 'monthsin', 'monthcos']","{'alpha': 1.5, 'l1_ratio': 0}",minmax,249,True,True,True,1,4,58907.514909076985,0.9598973129191395,52656.755024369995,0.010180657090301581,-9129.264479550113,-53546.0,0.95,114400.78055718928,55793.32895869779,0.9160536350132887,47001.415379150305,0.14802671425200764,,mae,64146.570127857674,,,57877.530150850536,0.1487859092173626,50070.17753775108,-0.17587426991822275,135160.13885966231,0.5589946169885444,116922.86093418827,-0.7908601616010815,False,IAH-Int,0.20504601941121794,MVForecaster,True
elasticnet_tune_mv,elasticnet,"['Anomaly_2020-04-01', 'cp2', 'monthsin', 'monthcos']","{'alpha': 0.8, 'l1_ratio': 0.5}",minmax,249,True,False,True,1,4,57792.68933397754,0.8938274406971503,48850.379373733864,0.04729083805796552,-26015.210096900897,-53546.0,0.95,99647.51239578874,47916.03873208519,0.7768471631739203,38937.04484199914,0.37161871438674277,36,mae,63193.52944342444,,,53878.815339510904,0.15371677979852194,50669.57940335483,-0.019006569342518098,111875.5810084982,0.5533099317922702,93617.98344856498,-0.22697305216276087,False,IAH-Int,0.17405715715786677,MVForecaster,True
mlp_cv_mv,mlp,"['Anomaly_2020-04-01', 'cp2', 'monthsin', 'monthcos']","{'activation': 'relu', 'hidden_layer_sizes': (25,), 'solver': 'adam'}",minmax,249,True,True,True,1,4,60368.66820315855,0.9999114828711841,54804.36917471116,-0.03953166472599112,0.5822634014883715,-53546.0,0.95,104342.6816185276,60442.860189077364,0.9998206752672159,51418.60178247106,0.00011180206936156623,,mae,60231.80435009065,,,60905.85708752713,0.15617785333374842,52880.25152550328,-0.30214403506064413,154652.38208580943,0.5589524840483497,134555.11806078156,-1.3446479609847213,False,IAH-Int,0.22129371299172823,MVForecaster,True
lightgbm_cv_mv,lightgbm,"['Anomaly_2020-04-01', 'cp2', 'monthsin', 'monthcos']","{'n_estimators': 150, 'boosting_type': 'gbdt', 'max_depth': 3, 'learning_rate': 0.001}",minmax,249,True,True,True,1,4,58523.33629938373,0.8913901239398764,51282.77051856949,0.023049216215043522,-11006.772114000947,-53546.0,0.95,88758.43773797713,54102.36649388169,0.8612711262108468,45129.70165150509,0.198886681597502,,mae,61223.79045488072,,,56811.278293811614,0.1569829037081884,51745.42377523224,-0.13294813869450417,134900.13357363825,0.5434353269323559,117668.16891388164,-0.7839766936321824,False,IAH-Int,0.1804836530783021,MVForecaster,True
theta_tune_uv,theta,,"{'theta': 0.5, 'model_mode': <ModelMode.ADDITIVE: 'additive'>, 'season_mode': <SeasonalityMode.ADDITIVE: 'additive'>, 'trend_mode': <TrendMode.LINEAR: 'linear'>}",,248,True,False,True,1,4,61857.25807391051,1.0438453198846995,56387.02726609657,-0.09142994050403108,857.5467140219781,-53546.0,0.95,124456.64116106225,60682.650015874075,2.006099912818561,51446.51463887991,-0.08653317043022146,36,rmse,76624.70732543322,,,63424.204850821196,0.16233048802334904,55467.75872620258,-0.4120529094290255,397410.0954472418,1.1630666196493205,372022.1371731815,-13.876602697393643,False,IAH-Int,0.22542172780624903,Forecaster,False
theta_cv_uv,theta,,"{'theta': 0.5, 'model_mode': <ModelMode.ADDITIVE: 'additive'>, 'season_mode': <SeasonalityMode.ADDITIVE: 'additive'>, 'trend_mode': <TrendMode.EXPONENTIAL: 'exponential'>}",,248,True,True,True,1,4,61857.25807391051,1.0438453198846995,56387.02726609657,-0.09142994050403108,857.5467140219781,-53546.0,0.95,117389.37998778184,60682.650015874075,2.006099912818561,51446.51463887991,-0.08653317043022146,,rmse,61743.40711274222,,,63424.204850821196,0.16233048802334904,55467.75872620258,-0.4120529094290255,397410.0954472418,1.1630666196493205,372022.1371731815,-13.876602697393643,False,IAH-Int,0.22542172780624903,Forecaster,False
xgboost_tune_mv,xgboost,"['Anomaly_2020-04-01', 'cp2', 'monthsin', 'monthcos']","{'n_estimators': 250, 'scale_pos_weight': 5, 'learning_rate': 0.2, 'gamma': 5, 'subsample': 0.9}",minmax,249,True,False,True,1,4,82786.22064146542,1.0322211902078375,64996.50817871094,-0.9549274557271283,-116595.6796875,-53546.0,0.95,1.7151626972565148,0.8376539249766976,2.1706675427465482e-05,0.6363064747936321,0.9999999998079604,36,mae,63619.38794377644,,,60870.603521551144,0.17367672348146515,55819.79162597656,-0.30063705568622523,2.3863652448754693,5.565777901140375e-06,1.8341847545695755,0.9999999994417378,False,IAH-Int,0.04670673135294245,MVForecaster,True
lstm,rnn,,"{'lags': 48, 'layers_struct': [('LSTM', {'units': 100, 'dropout': 0, 'return_sequences': False}), ('LSTM', {'units': 100, 'dropout': 0, 'return_sequences': False}), ('Dense', {'units': 10}), ('Dense', {'units': 10})], 'epochs': 8, 'random_seed': 42, 'validation_split': 0.2}",minmax,248,False,False,,1,4,63596.69896476143,0.9812786042053703,56651.041309894616,-0.15367552829119413,8818.153586369754,-53546.0,0.95,,64142.748655631505,0.9749682713118779,52612.66165578605,-0.08348941467376703,,,,,,63165.216873232945,0.1821709108386623,58139.07186855824,-0.400544430474542,1252204.181083414,5.585709103963641,1073381.4401453137,-151.0165257720429,False,IAH-Int,0.14741583554701074,Forecaster,False
knn_tune_mv,knn,"['Anomaly_2020-04-01', 'cp2', 'monthsin', 'monthcos']",{'n_neighbors': 13},minmax,249,True,False,True,1,4,55068.76557760419,0.5626651183839366,34530.32692307692,0.1349818586546797,-58453.92307692308,-53546.0,0.95,56217.676425744496,27454.14090509437,0.44638222374935527,15684.268505079828,0.7937104899040308,36,mae,55982.64807692308,,,69373.09882279029,0.19230182780596788,54987.134615384624,-0.6893634601333152,65579.5371792283,0.4052961618919945,42775.91582002897,0.5783995054424913,False,IAH-Int,0.09374198467518663,MVForecaster,True
mlp_tune_mv,mlp,"['Anomaly_2020-04-01', 'cp2', 'monthsin', 'monthcos']","{'activation': 'tanh', 'hidden_layer_sizes': (25,), 'solver': 'lbfgs'}",minmax,249,True,False,True,1,4,65570.49655386273,0.8051021065248465,43800.657028951806,-0.2263981248952316,-61016.07623498483,-53546.0,0.95,51395.86952574303,38142.81782054104,0.818283853133056,25472.112124163275,0.6018130935011491,36,mae,63954.183754209414,,,63834.52240459045,0.19318385799126558,57942.401486364004,-0.4303823234021269,164513.08888667668,0.8310974416743295,129911.95413943719,-1.653171541966886,False,IAH-Int,0.14375217951098543,MVForecaster,True
knn_cv_mv,knn,"['Anomaly_2020-04-01', 'cp2', 'monthsin', 'monthcos']",{'n_neighbors': 49},minmax,249,True,True,True,1,4,59379.93247890216,0.6303670760032373,40664.61734693878,-0.005759009534078263,-48506.836734693876,-53546.0,0.95,84211.31886154377,36126.18566503044,0.6095683365108127,24522.451289949942,0.6428047729943106,,mae,68297.90344697265,,,63421.500901192616,0.19622323941026215,58894.34693877552,-0.4119325125376354,717284.4843494878,3.2687470258826847,603305.8863111285,-49.436772782775435,False,IAH-Int,0.08305630825653583,MVForecaster,True
sgd_tune_mv,sgd,"['Anomaly_2020-04-01', 'cp2', 'monthsin', 'monthcos']","{'penalty': 'l2', 'l1_ratio': 0.15, 'learning_rate': 'invscaling'}",minmax,249,True,False,True,1,4,73755.83505377475,0.8820438242945151,52876.752198777016,-0.5516983616941937,-76419.87044829589,-53546.0,0.95,54349.13758733295,31995.628896993552,0.6538809336881529,19487.254836596025,0.719816387964102,36,mae,60880.30506262083,,,65346.26657675759,0.20045484754545145,61677.11857301374,-0.4989338520030744,175664.26247319413,1.0027609365873056,127312.47907652945,-2.0250408954256143,False,IAH-Int,0.09669206220350511,MVForecaster,True
sgd_cv_mv,sgd,"['Anomaly_2020-04-01', 'cp2', 'monthsin', 'monthcos']","{'penalty': 'l1', 'l1_ratio': 0, 'learning_rate': 'adaptive'}",minmax,249,True,True,True,1,4,75029.63812867131,0.8797641919873396,53081.38176038305,-0.6057585253653761,-77157.50732168209,-53546.0,0.95,51158.12904735919,30630.00968849645,0.6199850701290488,18221.339818829605,0.7432232509001071,,mae,89822.74097423021,,,68292.48443247293,0.20741141088390516,63212.067407857656,-0.6371434401867799,96295.030633125,0.605148738472776,53466.04758011706,0.09098265884631385,False,IAH-Int,0.06445421019614399,MVForecaster,True
lightgbm_tune_mv,lightgbm,"['Anomaly_2020-04-01', 'cp2', 'monthsin', 'monthcos']","{'n_estimators': 200, 'boosting_type': 'goss', 'max_depth': 1, 'learning_rate': 0.01}",minmax,249,True,False,True,1,4,62636.79716541179,0.49359545640698543,37747.16026286235,-0.11911216875058539,-54209.28204681313,-53546.0,0.95,51339.91583763646,31893.78522529082,0.568010646685991,20402.290807253878,0.7215972258309272,36,mae,58739.86299293727,,,69899.72160464124,0.2077229340861031,61102.56797056722,-0.7151092915469293,141045.39582922246,0.41542204369186975,108383.77007931091,-0.9502138881608488,False,IAH-Int,0.07695484337185902,MVForecaster,True
silverkite_tune_uv,silverkite,,{'changepoints': 2},,248,True,False,True,1,4,66312.88701273873,0.8660542431070042,54793.73345564296,-0.25432594223281146,-4797.8532157282125,-53546.0,0.95,102926.3743651505,50280.27751874289,0.9086518713640346,37768.99397678696,0.24780382733162865,36,rmse,82823.55586506196,,,69079.50172030034,0.21594809267374773,66172.61687572367,-0.6750944518422894,107417.79672314298,0.37217013111857034,84272.29576241162,-0.08744731576194575,False,IAH-Int,0.13506690311027053,Forecaster,False
silverkite_cv_uv,silverkite,,{'changepoints': 0},,248,True,True,True,1,4,66312.88701273873,0.8660542431070042,54793.73345564296,-0.25432594223281146,-4797.8532157282125,-53546.0,0.95,74361.05070069875,50280.27751874289,0.9086518713640346,37768.99397678696,0.24780382733162865,,rmse,56767.44867770127,,,69079.50172030034,0.21594809267374773,66172.61687572367,-0.6750944518422894,107417.79672314298,0.37217013111857034,84272.29576241162,-0.08744731576194575,False,IAH-Int,0.13506690311027053,Forecaster,False
xgboost_cv_mv,xgboost,"['Anomaly_2020-04-01', 'cp2', 'monthsin', 'monthcos']","{'n_estimators': 150, 'scale_pos_weight': 5, 'learning_rate': 0.1, 'gamma': 0, 'subsample': 0.9}",minmax,249,True,True,True,1,4,84716.07164205951,0.8615072477872029,60316.91748046875,-1.0471334312556264,-96897.5078125,-53546.0,0.95,773.3579921099913,342.9144863990182,0.008951368438092591,250.37569096403303,0.9999678165133474,,mae,83691.22696234459,,,76857.75902118877,0.2259762168635309,68557.26708984375,-1.073558738854397,1307.500935756861,0.005403709691918604,1012.423381301592,0.9998324098716174,False,IAH-Int,0.06537258492218812,MVForecaster,True
mlr_cv_mv,mlr,"['Anomaly_2020-04-01', 'cp2', 'monthsin', 'monthcos']",{},,249,True,True,True,1,4,87972.76775367274,0.7247064497442848,53101.227354674076,-1.207552517831311,-79206.49882286039,-53546.0,0.95,66821.15355153984,28166.31646462761,0.5215038169866542,17135.566123025394,0.7828691477984391,,mae,94220.70706534125,,,106546.37785790261,0.28381504866661633,80651.60322651091,-2.9849078944414376,69060.79587714213,0.42094323496926006,42202.86850663583,0.5324505236769168,False,IAH-Int,0.06752269327718623,MVForecaster,True
mlr_tune_mv,mlr,"['Anomaly_2020-04-01', 'cp2', 'monthsin', 'monthcos']",{},scale,249,True,False,True,1,4,87972.7677549302,0.7247064497885577,53101.227356861215,-1.207552517894419,-79206.49882529421,-53546.0,0.95,39668.68248387572,28166.31646462761,0.5215038169860685,17135.566122883516,0.7828691477984392,36,mae,68168.21805955985,,,106546.37785672622,0.28381504866692064,80651.60322707464,-2.9849078943534417,69060.79587287774,0.4209432349486223,42202.8684990315,0.5324505237346575,False,IAH-Int,0.06752269327753273,MVForecaster,True
