V1,auto_select,avg_all,avg_top2,avg_top4,elasticnet,knn,lasso,lightgbm,ridge,xgboost
H1,0.43837229407002454,0.9712448551709179,0.5896431720482098,0.7331782770818542,2.150628979179025,0.43837229407002454,2.5001980915112116,0.7973419451527675,1.4454526456137682,1.2982982612056277
H2,0.5397697475907759,0.5397697475907759,0.8023900768916699,0.8194549061192508,0.8435980677203017,1.522601981847993,0.7665492607688251,1.3135740683134747,0.8772487545520168,0.48108336952647673
H3,2.1874835063399765,1.3649979655652271,1.6725579696304376,1.5570150819921689,1.226799290995813,1.8802777725690227,2.1874835063399765,1.0008307060159312,1.1708952401658785,1.2641961896605503
H4,2.0919261547591126,1.919317007993219,2.5539898694681584,2.165167920876805,1.323497702285286,2.0919261547591126,1.362653672506625,1.2437443888305717,1.3697947406834494,4.26230846548771
H5,3.267483517870872,2.7458028423327674,2.8892991354821396,2.5372582904802967,3.023704464214515,3.267483517870872,3.1457017780314525,2.6349642282531223,2.991009027738431,1.4911859683480428
H6,2.0509509417781158,1.587990197343101,1.7665406433352804,1.8380140914846337,1.1646434201449618,2.0509509417781158,1.161161157946186,1.4912459787282446,2.0538234841481255,1.3631971432105294
H7,0.29627104503382284,0.29627104503382284,0.327327248617827,0.3206245052524632,0.5548184750594123,0.7009609465962592,0.5199946706655623,0.5524435796466016,0.4879577814956848,0.47819594002622484
H8,0.6733238493005445,0.6986471069751647,0.6263885428853411,0.6548679995828989,0.7664177768686443,0.6733238493005445,0.7664755146711477,0.8181008648034976,0.767480782996038,0.9285738065620427
H9,0.9222674770430414,0.6384032218905736,0.6276446022887372,0.6578788514103311,0.748581598775112,0.6075633840363254,0.6391059992334471,0.7128175828822325,0.9222674770430414,0.3366098787564547
H10,2.022236948626372,2.018676719406022,2.022236948626372,2.0388915780397174,2.095243316538841,2.1027844603362205,2.166457343568621,1.8882785618995719,1.9799386756792678,2.0579818015109486
H11,1.0631121983326581,0.9889238843323969,1.105888803399864,1.1366931063726655,1.0631121983326581,1.0797348605925001,1.148665408467069,0.34855528977290545,1.2291060152910682,1.3264125088201264
H12,0.5219677824888125,0.5992007615082791,0.5219677824888125,0.5085503680099922,0.5200350376471912,0.8917880021460858,0.5794472867861773,0.8606562634495765,0.5251607045449559,1.2913054174384546
H13,1.5937161984978094,1.592208874790881,1.5926195933368397,1.5923022225419965,1.5962765052075207,1.5966310744617123,1.5954710640514824,1.5937161984978094,1.5965835248927516,1.5919212029164005
H14,1.1365477136706281,1.3438913066713456,1.0171707984745337,1.0241595025690309,1.0830548846002794,1.1365477136706281,3.858102131196624,1.2540284404942075,0.7521214213266579,1.7583086482002266
H15,0.8321013392004392,0.7495276596962093,0.8321013392004392,0.799903251376789,0.8423470781305112,1.1859453952084906,0.8418109162049818,0.7769362981883501,0.8483604681213351,0.8066044960241419
H16,0.8847163504999398,1.0124334967703523,0.8859358958423833,0.8856310095067723,0.8841742735781195,1.342895725144202,0.8876975181066462,1.4450530409921343,0.8847163504999398,1.0976437866261584
H17,0.6743700304877989,0.7620956553563134,0.6708305166219228,0.6823392028233918,0.6743700304877989,0.7251065192100931,0.882996979598075,0.6674721075328769,0.9081291661263912,1.1469135200115355
H18,0.7337645836068216,0.7337645836068216,0.6882854408344309,0.6933003228254035,1.3225776304464618,0.6989542667874665,1.3120159792161417,0.6828369770383592,1.3257964918036569,0.70826999165959
H19,0.5527702030272733,0.71413802976145,0.7122587011477567,0.709660494999881,0.49918287708016695,0.8851130494563946,0.8091629455962746,0.5527702030272733,1.0033545574700828,0.75378476878898
H20,0.8701363463121267,0.6661848004052022,0.8701363463121267,0.8437265167810863,0.6366165247895744,2.669131044309371,0.7677350205875444,0.8090590839615419,0.6253717973982024,0.9355514806589055
H21,0.9659304450550481,1.429919271788946,1.6724306529322508,1.2229533540424775,2.272859477233845,1.1172323248195655,2.3812982080194924,0.9659304450550481,2.13971269335665,2.5208794613947454
H22,0.7151438399184487,0.6805579021602806,0.6432044135551039,0.7151438399184487,1.0467907566667054,1.3380975313926966,0.9749440617146248,0.7334881249731258,1.0236435742688281,0.7501089069512595
H23,0.7307511277428127,0.7307511277428127,1.6292604304712017,1.1859337143062925,0.5974941741827804,1.442246095692837,1.8293786480042977,0.3640785900189561,0.6052959317228142,1.5330667661228556
H24,1.3901793302384624,1.1072025017419302,1.2465264825250388,1.0132830711526815,0.9218124189629316,1.1035978108915159,2.537777290073343,1.3901793302384624,0.4168325157545586,0.46281484448815574
H25,0.9464087958235586,0.9866988611206728,0.8827029968194067,0.8529786996992095,1.4789736911000084,0.6835740153853691,1.5882715186186602,0.9464087958235586,1.2769809040580578,0.775416786836111
H26,1.6363766529123513,1.2348144202173168,1.5970801234132532,1.606793168650468,1.6363766529123513,0.9695868533424272,1.6142395877338895,1.0753913209316506,1.5799206590926165,1.4323469165515443
H27,1.2511150370254733,0.8549323469940371,1.2557275868894284,0.9595530769702516,1.2511150370254733,0.42513077761238055,1.2603401367533833,0.5644592675654189,1.32020699937345,0.699697931170206
H28,1.8986286624712974,2.11858894141889,2.9671904484843585,2.700050001981094,1.333756806135969,2.1538111552950143,1.0083866787021467,3.780569741673707,1.106318036607528,1.8986286624712974
H29,0.513382002694923,0.5882134572617159,0.6138335933560176,0.6499640295129665,0.7933820456665626,0.513382002694923,0.762589597556945,0.7297956867136943,0.7499482600627649,1.332060201088829
H30,1.526100240756213,1.9487572207973722,1.8519179452256742,1.822132347601322,1.7327755547282646,1.7383031638280582,2.0984715442234205,1.526100240756213,2.64262132032089,2.1777356496951334
H31,0.5054834175332409,1.3570320017327715,1.7575401124653942,1.6831205494629295,1.4598618604555336,2.0488253492325126,1.466254875698277,0.5243835810172996,1.4220732761184518,0.5054834175332409
H32,1.276356039156701,1.276356039156701,1.6671523533266301,1.5924648129578203,1.3683011403511467,1.9660035663021147,1.3684021918513898,0.42992794485776603,1.3552053160879167,0.5755005757761913
H33,1.7007908946535464,1.8168516054940922,2.2306677381100233,2.0900491130745413,1.879950065531989,1.9228004333301716,1.7007908946535464,2.581385410688061,1.6681932379680973,1.153331370125986
H34,1.4698193305602143,1.6309819069604148,1.5235147594654377,1.69427111618254,2.222787251964397,1.6290055858790595,1.4281963334841026,1.616086670303574,1.5322055915312476,1.4698193305602143
H35,1.2784293700740104,0.8951705076900685,1.2603796100058808,1.2468062604600005,1.225066356487359,0.7781174927844317,1.257927861295699,1.5291074319982922,1.2784293700740104,1.2132052134333753
H36,0.4484906567643783,0.8160644790984399,1.0162336797081233,0.8843494052977066,0.7108052817988547,0.8784453116466415,0.7113995129202189,0.4484906567643783,0.7824649575578919,2.0038501060996365
H37,1.264641966221516,1.5723358454826486,1.4318902491027874,1.4629068626811554,2.1306712521715445,1.264641966221516,1.6037396798236303,2.451825447487048,1.5705824829883972,1.645215388623737
H38,2.3232019492370966,3.050395967038988,2.2838428718201036,2.521969199270719,3.6064320807765418,3.2363481816225548,3.760558058645559,2.244483794403113,4.426331600536217,2.3232019492370966
H39,0.3407520059183016,1.4972199672512279,0.876224262018064,1.1276086122218336,1.9231873546926057,2.9086911684493266,1.9272349215024724,0.3407520059183016,1.8817616628331424,1.5078381537587315
H40,0.9217947510251907,0.7082562398234661,0.6521807833959106,0.6357939799164745,0.5304721728194344,2.2102077560889537,0.8874836728075735,1.1912720376577624,0.6115455383974763,0.9217947510251907
H41,1.3950941043542442,1.3950941043542442,1.8816833077872677,1.5971618540242318,1.8316509820629563,0.6263992196671376,1.89042476702654,0.7657520895386855,1.9317872825576212,0.7039890407783399
H42,0.7208748853736819,0.7744058245606158,0.7263829130652786,0.7004636606627461,0.7412545538580957,0.7208748853736819,3.4730937763273495,0.9253049542291445,0.7338302165550841,1.231595794290688
H43,1.1426254971797407,0.793128686963575,0.8820605652532196,0.7242876970566907,0.9363818655902879,0.586441009297008,1.2036487325030296,0.65585523677609,0.6966686200519848,1.1426254971797407
H44,0.8037249883785395,0.8649423585340803,0.7982622528144391,0.787326165102731,0.7514023650149766,0.7979522300859565,2.924870677729045,0.7562234062129061,0.7167590615470689,0.8037249883785395
H45,0.6270863101664976,0.6497383512507895,0.6270863101664976,0.641607242805286,1.0856741126469482,0.7509836803101746,1.0822494058959409,0.5488633437721322,0.6451855690530923,0.828970682372003
H46,0.8851479606165691,0.722293753253151,0.8851479606165691,0.8638284094525918,0.927592131262517,0.7454888260948112,0.7998697559606582,0.7700796754985882,0.6067711632382535,1.180590798363288
H47,0.6267898416845216,0.656478941955745,0.6267898416845216,0.6504626623844414,1.0056993340460876,0.7556239227298089,1.0743620418576618,0.5466192635787737,0.6308491863785011,0.8265052434411008
H48,1.3509015674593698,1.384374145169683,1.3034242468343722,1.3031155803138668,1.3450361791813634,1.3068815514605352,1.3795219200432514,1.9563710163399268,1.3509015674593698,1.2727183586098776
H49,0.8352782970166795,0.9694868372011226,0.8352782970166795,0.8975857552463553,1.2647512372442675,1.0277624259260831,1.365031118490125,1.0967279401872854,1.3070253208756668,0.7335900904832361
H50,0.29414303305931433,0.5292089751442417,0.5193880146041592,0.45349840880784176,0.5778482706337751,0.6562217296011472,0.7789351168468044,0.29414303305931433,0.9174273266343015,0.26850753153176443
H51,1.5035123227195213,1.5925957627737317,1.9934998684927137,1.8688911664307652,1.0893226629736619,1.3605359832764619,0.9848273163487261,3.115154877164017,1.5035123227195213,1.1089066494344841
H52,0.5776846681902195,0.49635674505285465,0.5979587779435,0.5890367099087153,0.6387552111241761,2.2025736118650645,0.5776846681902195,0.46615326414476926,1.0380783014524413,0.6086676929444493
H53,1.073649962887808,1.1744921273932825,0.8915712396210738,0.8764456244700446,0.9155715573011999,1.073649962887808,1.3599716973026976,2.3495923297878516,0.7690721828488138,1.4615024277529243
H54,1.585734128810203,1.3332165214919471,1.1509477962775752,1.284968874259673,1.402364376842352,0.9151398479158807,1.9350351852838463,1.585734128810203,1.6926030089278403,0.7165776480278205
H55,1.0104500631973892,0.6024559939327099,0.6536082881845355,0.6843535275386943,0.5602894687734874,0.7376935149056233,1.1406213640541565,0.5721473161671105,0.5844207228540681,1.0104500631973892
H56,1.107385134195511,1.7934879232371692,1.7747973968979354,1.7711512077595437,1.7604788545775645,2.4771915616370563,1.754619427572789,2.0272238389430575,1.8043538925784406,1.107385134195511
H57,0.6807747040422873,0.9602112165708264,0.6807747040422873,0.9813884884146593,0.6122364265367871,0.5979701117144426,2.1876533992232075,1.4343693479115172,0.7528987502593038,1.0362879620053924
H58,1.5674304200927311,1.5797291567910474,1.6631880951565061,1.6439769772407278,1.5674304200927311,1.7672446374800181,1.6450004337104547,1.2344874577759384,1.5918574106771237,2.3750395066982457
H59,1.470153628440516,1.384706974337376,1.5975871330443125,1.470153628440516,1.3240494333318988,1.7153180162198072,1.2694470790126293,1.1282911198342376,1.2684744941910902,1.4936155697968598
H60,0.8496156123188991,0.5432306905611042,0.5444599453816692,0.5843608513697917,0.6986080536854355,0.5586836847892251,0.5982590934150389,0.8496156123188991,0.8340849876369891,0.8834563102647986
H61,1.18499468076552,1.023239091035869,1.18499468076552,1.146639339708167,1.2300905875565933,1.147468310924139,0.9344232115525106,0.7200900152753988,1.0562918897162654,1.0219846251560725
H62,0.8981169458439853,0.9669269905324717,0.9348610159845469,0.9694424465580448,1.6383091426149083,1.203393967524714,1.1591766312251266,1.1343934086478527,1.090174673833399,0.8981169458439853
H63,1.8022619413169318,1.4043372157988867,1.1976179651280643,1.1980232814724925,1.1992392305057753,1.8938253435251946,1.196845487107682,1.9200097762338264,1.1983904431484476,1.8022619413169318
H64,1.8484409754703954,1.6603552921085811,1.9963316162339935,1.8484409754703954,1.4257981834222397,1.3496830488628961,1.4295837494039656,1.3157799680168134,1.396201684312441,2.6385322927229318
H65,0.504344460790075,0.4653461964913068,0.504344460790075,0.5173548529427688,0.5816851304323294,0.45762192633286547,0.6006460410550702,0.5988253613032039,0.5716478320594166,0.5038351308366549
H66,0.5740155836757557,0.7396873773719933,0.596530242361335,0.6634495339517976,0.9081455052342022,0.5740155836757557,0.8976196038324412,1.3564334984824633,0.8650196137953841,1.1954283705288378
H67,0.9254736622973924,0.8901584046620861,0.8976406820101306,0.9254736622973924,0.8966496045528036,1.1135016132680011,0.8986317594674593,1.1548803659414293,0.9216107778730872,1.430161749329064
H68,0.966507817692305,0.3517193633199124,0.44508377891107687,0.37502144358293316,0.5156509558960747,1.2583215454273082,0.5165909294409412,1.0083254281108538,0.49465110961672387,0.966507817692305
H69,0.8351909057208671,0.9779918592782542,0.831937003106372,0.8304639324667558,0.8303748181189421,1.0297227429625662,0.8351909057208671,1.5025596267250547,0.8261586057448344,1.3624631974616197
H70,1.414284937317648,0.4898404395400254,0.8558662989731267,0.626068008391147,0.5709626970367564,1.414284937317648,0.6267984012304287,0.4785782828021683,0.6678651148228464,0.5673676921237262
H71,2.2872276293062255,1.8973277933239754,1.9864130284583843,2.0616166786703456,2.2872276293062255,2.3175269171403063,2.1490836566875977,1.9081033790872768,1.8237424002291713,0.8255728749292468
H72,1.0843659780542447,1.2562655769551097,1.0185032267692742,1.0291060453523588,1.063646010000002,1.0843659780542447,0.9834612658163593,2.2018445104994226,1.2771815036318375,1.8854044783084736
H73,1.3028849747663103,1.337653054227354,1.3595475805961468,1.358373970555988,1.5561305427343606,1.3076071375857097,1.3774023858439226,1.30862964357758,1.3028849747663103,1.4470722806501302
H74,0.6478760163030721,0.663368670280879,0.6397161282659849,0.6368075977225931,0.7203322022890953,0.6442479369753134,0.718613561224509,0.6338461846647493,0.7165787992186532,0.6478760163030721
H75,1.1072455250049054,1.1776448816930114,1.1781557288038802,1.1600292174401632,1.1072455250049054,1.5523677463408028,1.1056496833490173,1.1545769686776026,1.1037880685847727,1.3143715000037721
H76,1.2850224059605437,1.2850224059605437,0.5660457063856636,0.5695406245317335,0.5631782704853548,1.9557005944318633,0.5690491506554907,3.522204019493018,0.5850800458347071,2.4519091873491474
H77,1.266013897321829,1.2140604998586326,1.3566578535791305,1.2976522292907908,1.0991742220082865,1.0772988118862599,1.0964578956015019,1.5026479663718026,1.1279379560944647,1.266013897321829
H78,0.7298787831381042,0.7575723763494167,0.7298787831381042,0.7382667180899853,0.8009706145214063,0.8482184462425005,0.9207792070657838,0.825307860244931,0.9360122717752659,0.9158545580632467
H79,0.7229815547245142,0.6865449244161563,0.6908510601041129,0.6896400128147848,0.7271366139469573,0.6974347687513346,0.6639256377425407,0.7221619097852445,0.7229815547245142,0.865528201554425
H80,0.5097928209086833,0.5255691362146311,0.5298379769172561,0.5097928209086833,0.5265178665523003,0.9191641074910991,0.5263960728017193,0.48640819559818194,0.5332457783394248,0.5954667374388344
H81,0.6901217621971504,0.5163640162855704,0.48208063650141353,0.5110185118183227,0.5982812051585449,0.5177622541441751,0.6901217621971504,0.6582911363651391,0.7037081619179877,0.8091991882032916
H82,0.8120237477774617,0.8120237477774617,0.9516672582064564,0.8444965363943604,0.8782910042347019,1.0462247592128282,0.982026889248509,1.0576863226014028,1.0917123501520325,0.9094823920739477
H83,0.7592386154688056,0.7163205627232907,0.7797136410377649,0.7444448646708639,0.6529988408117667,1.026204884523334,0.8176950129690721,0.7592386154688056,0.6765644690865973,0.8539656060758976
H84,0.4872091086965571,0.32678887995054484,0.3081852172122359,0.27502680819053227,0.17731112585360886,0.4872091086965571,0.04915860549107913,1.191694776655841,0.19260679579350895,0.5561318642924566
H85,0.9085142020702933,0.9231147640177302,0.916976432226928,0.9143963335812626,0.9577834307661177,0.9092685695131798,0.9577459969163369,0.9256023504137441,0.9578996188557488,0.9085142020702933
H86,0.7677618702265727,0.8922658936806576,0.7677618702265727,0.7966419765108388,1.6833943531010065,0.6218433159202267,1.9626962108651764,0.7923898426784423,1.0043000440762413,0.9268523249662588
H87,0.6106369221111884,0.6690546311525252,0.5509222637089541,0.6412140525821004,1.3232184077640292,0.7437734287324129,1.2822835988840926,1.114319083103305,0.6106369221111884,0.7661376730525721
H88,0.6916367713692435,0.514479878015134,0.45312537455083735,0.5293085816724006,0.45358766016059393,0.8743176752201706,0.45266308894108087,0.5252649187193925,0.4557550812478959,0.6916367713692435
H89,0.9133715086454106,1.0354347165641336,0.9346674781973459,0.939605787410368,1.394734216447433,0.920249474023126,0.9544207150494355,1.3058196680988299,0.9564562557575137,0.9133715086454106
H90,1.6357483394039076,1.6703600319059106,1.6598565057065429,1.6637679707949975,1.6740902295432316,1.6357483394039076,1.6755023660603607,1.683897868425275,1.683964672009179,1.686052303303792
H91,0.6162736134375597,0.9499132059757673,0.9607855816881723,1.013562520658894,0.9367793023657953,0.6162736134375597,0.9105057917453243,0.9892103847389154,1.027450064662595,1.1762345365647073
H92,0.5181594638601295,0.5751121162175183,0.5185158250112685,0.5178164820013984,0.5157184529717888,2.5038978814441535,0.5188721861624073,0.5041007978078952,0.5181594638601295,0.4876484786531149
H93,1.1757777778625838,0.7863327280224813,0.7926269147643832,0.7942153458000478,0.7982679206343072,0.787090911235593,0.7986119225653804,1.1757777778625838,0.7992906142834559,0.76165797078185
H94,0.644198222506493,1.0682142307546931,1.0075428778500108,1.0592419432809212,1.3708875331935284,0.644198222506493,1.2769572805726523,0.25374238620856787,1.2143391395736538,1.7720264886867838
H95,1.4787842219571825,1.4787842219571825,1.8371934884146808,1.7556459266274251,1.5461535960368513,2.12823338079251,1.5348479903119245,1.056642118295399,1.5110032412656573,0.4635850811545508
H96,1.9723546028784829,1.1293646106332034,1.5692007930745429,1.4216304875036028,1.1660469832706033,1.9723546028784829,0.9752207504104398,0.9997956289125531,0.9789195707907823,0.5267109290988872
H97,0.7180327047427412,0.5699749119685538,0.6168538978126041,0.5963491212475865,0.567587457595254,0.7180327047427412,0.5693739243907959,0.43677158184866316,0.5749023403613673,0.7792844296382297
H98,0.26471019838633425,0.2714288495895988,0.26471019838633425,0.2672157138631819,0.2810869744375374,0.28381413073374834,0.2847677758463468,0.27568985585408223,0.2874466428258731,0.2983383925014611
H99,2.448949090708104,2.95065485950674,2.6211099675182985,2.590543483374998,2.448949090708104,2.567908414793563,2.4991596284592568,2.6620154466361807,2.6767001820344882,5.758856205187502
H100,0.46778644960467564,0.4041416385628027,0.41076087494538016,0.3865101630130221,0.3588709867026623,0.46778644960467564,0.5346176858783285,0.3204996794451795,1.3622356528942046,1.7618219649543563
H101,0.9305349838532904,0.7296300790008143,0.5715899344073816,0.5723121727277702,0.5578445121926601,1.1559725518796737,0.5744788876889357,0.9305349838532904,0.5858232964844668,0.9455731988220953
H102,2.355935969034582,1.3904254945186107,1.2622720399561653,1.262436024073531,1.2622720399561653,1.2030762795733931,1.2622720399561653,1.2629279764256325,1.254652630069824,2.355935969034582
H103,1.3758307326540147,0.9019596377482949,0.7338143728655984,0.8470442799391577,1.3758307326540147,0.6074636612833602,1.39923993244693,0.9060751030253749,1.4351915936964064,0.6525822361348406
H104,1.0445566376944662,1.1530140238683135,1.0122669335082555,1.0513036392917636,1.0644001157965877,1.0445566376944662,2.2736738486731696,0.980020673230151,0.8741462004009222,1.1696968355625699
H105,1.4295797643832602,1.4295797643832602,1.405484854727229,1.4043013885360942,1.4033862061751479,2.218967440948024,1.4007509899626904,0.8185789883436417,1.407583503279309,1.49311973855115
H106,2.815527745057525,2.9292241818835127,3.2260673131800752,3.110026025567434,3.077154966497913,3.3749796598622366,2.475467575817543,2.815527745057525,2.761902162729509,2.6003762022315224
H107,1.5358558337209325,1.3178194826102898,0.9633633422256295,1.1002189948797376,0.9708000245911825,1.5358558337209325,1.679802496629062,1.6308392067300015,0.9947722722689378,1.7422685954097092
H108,1.0827907488775752,1.0839806092286528,1.049693193242445,1.0827907488775752,1.0053960502339192,1.1014453065653296,1.0444710524996785,1.2365716620701368,1.003114748609087,1.3084548404037497
H109,0.7699403028778314,0.7425447147755189,0.8156982399773016,0.8314862019018953,0.7699403028778314,0.6624570870174293,0.8652140251676592,0.6087099972402906,0.8901781610092416,0.587549867622648
H110,0.9460679938896536,0.8764106989413564,0.8992013008393457,0.8880504455328309,0.8545978796132825,0.8396508163572938,0.8545978796132825,0.8792984758845593,0.852084071624849,0.9460679938896536
H111,0.7366728263547497,0.6837324131421416,0.7708749055719132,0.7187755150166906,0.7387042407261363,0.825210631729438,0.7387287255625716,0.5756774650686879,0.7366728263547497,1.222737429802656
H112,1.2683943567592886,1.2683943567592886,1.1657940111637806,1.1680130265036415,1.1604366391708962,1.6567072134798781,1.1718174714519742,1.3696167721577526,1.1746700725232246,1.380198955570318
H113,1.1738423513608232,1.3569511736725586,1.1463149424678827,1.190671893198056,1.123699694311228,1.8765011772247375,1.1738423513608232,1.7245407538835664,1.3644943850276543,1.4020941538907632
H114,0.2529121975993334,0.48311130724335616,0.5245297122932369,0.560682883104094,0.7207945509052475,0.692872144394155,0.7620220635582691,0.5449509465434634,1.035307416499413,0.2529121975993334
H115,1.976986155373306,1.6084850984785215,1.9631092673732937,1.9366863707073236,1.858232161754112,2.003615371867478,1.9492323793732815,1.6959954670491568,1.976986155373306,0.7554347457309128
H116,0.9664197981821341,0.9664197981821341,0.953518366855839,1.0576337744494912,0.8075908951074299,1.047092534609884,0.8004613827394965,1.4206187064396714,0.9243779253009469,1.282671546974298
H117,0.6178681812904276,0.6582412471374046,0.6166724601419271,0.6169713904290521,0.6167616093823212,0.708603963620462,0.6165833109015333,0.7701125439157062,0.6178681812904276,0.9539407779000403
H118,1.6828579641630261,1.5371847101264535,1.6828579641630261,1.6029469090587507,1.2753324653440519,1.6914448403060987,1.2752299778663305,1.6762820083420227,1.3901700670131305,1.7384143163052581
H119,0.8813513417231451,0.8903517536816898,0.902576221367788,0.8947766236634891,0.9060710370872181,1.193540772266246,0.9063553288445507,0.8813513417231451,0.9062703321753274,0.9127605583429583
H120,1.326990991642564,1.2694807306979967,1.2701769359056132,1.2516481677838809,1.1987216160945209,1.593786954971929,1.1999858340129639,1.1199078505288251,1.2141427408222847,1.326990991642564
H121,0.6734999452582489,0.8661602630071927,0.7112994335749275,0.7788021421199463,0.6734999452582489,0.755926963537287,1.00645112239456,1.3381682730695044,0.749098921891605,1.1255388393058552
H122,1.4021328521374001,1.4925198050762565,1.4486672026625416,1.4828479775741594,1.5235732021348218,1.5903663824228915,1.660999715747415,1.4021328521374001,1.50052025891816,1.51373311295094
H123,0.7903120778514019,0.7970825833996855,0.7903120778514019,0.8142992191668073,0.8900335874471944,1.1642838911449598,0.9150644559492902,0.8826536617255698,0.7262443604893809,0.7506733834479964
H124,1.318697999862331,0.8743356769945816,1.0850321089197639,0.9935083475327271,0.7595617380087345,1.318697999862331,0.8336039679627456,1.0248531141867299,0.8292086301154729,0.7941765740270197
H125,0.8367982110462037,0.9448149063295187,0.8367982110462037,0.9022121343554576,1.0664758962552967,0.8278153961424835,1.062396119684304,1.2870282706414387,1.0635579315826453,0.9151709879596154
H126,0.6776039167864032,0.720054205682537,0.6776039167864032,0.7911733010224444,0.7971124983153146,1.1630371178303882,0.5834230765892459,0.755664281078718,0.8543448643974374,0.6026758409983193
H127,0.4403338240888582,0.4733190666321807,0.4403338240888582,0.44726726751950485,0.7522321890975638,0.5627410365964642,0.7475294606785707,0.5439078319966918,0.7528119586524037,0.44646143804189964
H128,0.7808359807407688,0.6395053118224044,0.746005782624211,0.7429288988022424,0.7729183167720618,0.7808359807407688,0.8296103472443651,0.7702413986660335,0.8710687064987035,0.6448707980095285
H129,0.562627778032045,0.4870452789792246,0.5973312590161437,0.632456185493061,0.7638723923525854,0.562627778032045,0.32967806894749574,0.37513419957957617,0.7931008042496477,0.3619363178158299
H130,0.36880707511318744,0.3684378976045456,0.36879926398799423,0.3687612486501278,0.36880707511318744,0.3803566437334198,0.36879133192095304,0.36869454929770173,0.3759675601047807,0.37934366585307694
H131,1.0717755727483926,0.9943698884316732,1.0572118391131329,1.0731733918984503,1.1500381680553753,1.1776837237779683,1.0607548207419002,1.0717755727483926,1.2291483590343066,1.0293696897869529
H132,0.5190250549694666,0.6893126851468345,0.5190250549694666,0.4800196738103216,0.8832420735648066,0.5809526825018273,0.4376638215355494,3.6944324787635647,0.5734851326112331,0.5094350649254864
H133,0.44348407827347197,1.4408898361656801,0.8955268066891922,0.8058269962846714,2.1468202330113675,0.44348407827347197,2.5061275831344236,0.5331757596716709,1.2737780859473347,1.2013508704016709
H134,0.3185700359161957,0.19347814138452302,0.30887111788835364,0.29602556062608126,0.30033864422996215,0.21134521022750777,0.3105321530171399,0.14909002990715262,0.3185700359161957,0.1467242257859544
H135,0.2566379278905182,0.25871405398641645,0.25808283903899876,0.2665147167245736,0.3499584329514601,0.2566379278905182,0.4108713773095386,0.3175061214775817,0.3019753723086854,0.3019603086724106
H136,1.1397807890061071,1.2826459662759737,0.8927765892389982,1.1397807890061071,2.1139865638200153,0.9411913003866288,1.9265014384029548,1.9098727138136609,1.9261630383676958,0.8613612953731256
H137,0.5147355831875209,0.4754889168930867,0.41592515924937046,0.40042038011715597,0.4619031987432774,0.5147355831875209,0.4519068154880926,2.118610687449837,0.46323693414359407,0.3749169204718762
H138,0.41892285072379276,0.46386976231831045,0.46030230180875137,0.47379983731312875,0.7314752713313877,0.5693753610458806,0.42098178986036516,0.5483743786036559,0.833388342754633,0.41892285072379276
H139,0.39831698254893727,0.3264290885244518,0.39831698254893727,0.3681704531496864,0.6746773802994573,0.40079610710236424,0.2754802173723224,0.3784541738937235,0.7908132896882569,0.43533326992548127
H140,0.5651984292549376,0.5651984292549376,0.48071826103237486,0.4213747547706884,0.2931003218778837,0.5536520150339739,0.29317223533853365,2.2656216512400085,0.28983604704761834,0.5854967019360207
H141,0.37570206882377066,0.9794107253644817,0.5451588758996597,0.586721691050136,1.7093469014670042,0.7471377469233934,2.055268211216365,0.7314679700112297,1.4302473625180732,0.37570206882377066
H142,0.7410489169680791,0.579063590832986,0.5732138506493858,0.5660975152878248,0.6759383847916411,0.622529614061903,0.6397279251375387,0.5680566193211893,0.7560471166771194,0.7410489169680791
H143,1.4165251907884686,1.3184780398530536,1.4165251907884686,1.3780135981905928,1.373701286685327,1.5216764021850833,1.270350024431266,1.437830975639461,1.372459997049525,1.3153986657938153
H144,0.6532312927932904,0.8762688708289172,0.7343675973336944,0.7458616261228876,0.9943332963000469,0.6532312927932904,1.686059346130754,1.1991662343011495,0.9365286418685543,0.8599263628740972
H145,0.6007554517678664,1.1876014279864164,0.6610594930193869,0.6007554517678664,2.3626811946026294,0.43834025462037707,2.333767228937922,0.7769387311876226,2.269440252258904,0.5711369313670998
H146,1.1535094287702201,0.9664454191306111,1.1528006737419807,1.1526937666220558,1.1535094287702201,0.8271190800834021,1.1523730452622822,0.8126491538798641,1.1521113558262888,0.8184051208067722
H147,1.8074222635672719,1.5224192721401804,1.807452039258921,1.8074726129007388,1.8074222635672719,1.2141954823375591,1.8074818149505705,1.520431592422167,1.807534333826191,1.523159378911583
H148,0.7879887393601034,0.7504827653146897,0.7841990307218767,0.7736228809710395,0.8214207023912388,0.7879887393601034,0.9252818303158472,0.6482459277090457,0.8807112116602359,0.8769520514726654
H149,1.5205022298792406,1.4492773805479495,1.5556905427307988,1.5205022298792406,1.440652996204379,1.5075363171522191,1.4429048908909872,1.6304277044782522,1.451703061021336,1.4833663164131443
H150,1.183241244493574,1.336846368170041,1.1449635027095955,1.183241244493574,1.4428455263616535,1.688232766185122,1.470197580833687,1.0817205833098873,1.4443508718920344,2.2721576665704966
H151,1.5938019118698874,1.5938019118698874,1.5535169780911524,1.6030635963235413,1.5526966770869395,2.0773783730764857,1.55346582516749,1.553460024313127,1.5535681310148148,1.8700649166231242
H152,0.9615761982643343,0.9261048767102902,0.9603651300952833,0.9671827045535865,0.9877365823989909,1.407569456598161,0.959158394353389,1.569705651480517,0.9615761982643343,0.6734881330591947
H153,0.8622693600924661,1.3008400432733724,1.2748408399039906,1.349401459962522,1.356050560311132,0.8622693600924661,1.6375531033105757,1.577542263104498,1.2007295664231799,1.630561975512203
H154,0.6650616519672029,0.6650616519672029,0.7995072060213674,0.6803376558754111,0.6900509805596191,1.3744099962962129,0.6888161399536302,0.38592266993196717,0.700331111431091,0.38039652201515406
H155,1.273263272733639,1.273263272733639,1.302528287561169,1.3130279835349559,1.3050698943826133,1.4268013408632758,1.2999866807397242,1.2663939484269242,1.3497295371863394,1.165676151794153
H156,0.5347247417283885,0.5262298683788242,0.5347247417283885,0.5747571457085859,0.520653216273852,0.5823057347410467,0.6413268738449468,0.8628099779572653,0.785787116633317,0.6101654715844279
H157,1.6424363392089607,1.4666075832371332,1.2950922044529887,1.6424363392089607,1.1501893892488675,1.3205429898712964,1.1756344484307695,1.1563538135456841,1.4752891911978152,2.734003881138759
H158,1.4414606656085542,1.4331416364679335,1.4414606656085542,1.4365883782274969,1.423083451360082,1.459837879857026,1.423606787263148,1.4219715160843247,1.4235107564253717,1.435284347682303
H159,0.45608115138988303,0.5017580165012849,0.45608115138988303,0.4680264499718461,0.9816349360822657,0.582741106872963,0.9743053707679206,0.5473917744698649,0.9632068471664241,0.5874604445316822
H160,0.8694876857762579,0.9158641747025827,0.8090995300924662,0.881546252165395,1.1150771579451264,0.9916607802627585,1.0386320216701808,0.884884950929279,1.141897181959325,0.8694876857762579
H161,0.6878634191175033,0.7482491503283911,0.6878634191175033,0.6582217207150624,1.4486794384947388,0.7615428389295708,1.8797932367203523,0.8791294804576968,1.1885511714170307,0.8536104753384489
H162,1.388434539694797,1.351910909491384,1.3617472389594907,1.3564020006930204,1.340366285893609,1.388434539694797,1.3401272336970236,1.3400445774870717,1.3366705467413267,1.3594808035484953
H163,0.50127638092512,0.4452826658954588,0.50127638092512,0.48089935410703616,0.5051993544757567,0.6221926931095104,0.49448014261681594,0.5172187671245941,0.5076523793296763,0.4711894204600554
H164,1.0843781409844768,1.2172079442005614,1.2126390659522401,1.0843781409844768,1.6496461255937889,0.7666270926116978,2.3784646863954197,0.9709615455093699,1.3510555208896433,1.5737963932833439
H165,1.1002775186483886,1.880412847741653,1.1265410057800507,1.1002775186483886,1.8199197669527072,0.9306235299272198,3.2568892714396567,1.1067698042679375,0.924019612108895,1.329943157399231
H166,1.3263196868709128,0.6635225988903937,1.3263196868709128,0.7420484090074876,2.1764481430691376,0.9086452343303251,3.0490476390497347,1.6384699510343017,2.5142335057388503,1.8624591062885616
H167,0.9905104668738838,1.3055044902058257,1.104270410368459,1.1547329775841866,1.526620022592812,0.9905104668738838,2.073653481860815,1.3013927916865753,1.2574847310623527,1.2271092352931616
H168,1.1818437441835064,1.379001512482819,1.3123639925710533,1.3525431580200853,1.5226239208703167,1.1818437441835064,1.5226239208703167,1.534395115121586,1.6765196002773561,1.6612057250947316
H169,0.9381492386684173,2.3637873540890992,0.8040303393071714,1.4720658779995621,3.3422624744898464,0.9381492386684173,3.7286361515217656,2.766051301743808,1.8396541625818457,0.7629205164437632
H170,0.4501857543312434,0.5566591918009698,0.40875360962736296,0.3700643191210554,0.36776792911240014,0.27708703374778854,0.2539964476021428,0.7161877482450998,0.4501857543312434,1.7637557296549229
H171,0.18518050997222985,0.35006039888721446,0.14579365902270142,0.1429524781492227,0.4348893580058947,0.18518050997222985,2.4687485583997777,0.1648579670156406,0.30101398797401296,0.16069339547872663
H172,0.49860159835503054,0.41475872821608284,0.4802795540873957,0.4678216595642422,0.46861839833229185,0.4466019417475758,0.4057869187531977,0.49860159835503054,0.42515754509833914,0.7850071434836128
H173,0.37298756807757455,0.3635850127023013,0.3700389672845611,0.3698466420584742,0.3670903664915425,0.3653965537159469,0.3519319789386228,0.36995922171584494,0.37298756807757455,0.3512360850314348
H174,0.07981033382385185,0.17087485019040582,0.07981875801652853,0.05061336562410321,0.26178695940273267,0.08532188582913927,0.48037056997968947,0.6689180016294398,0.07981033382385185,0.18491657986070578
H175,1.117651904352007,1.4453280894247604,1.031232970930517,1.02844391558684,1.0200767495557812,2.135977512271249,1.117651904352007,1.8385850363978067,0.9448140375090097,2.4926443185180007
H176,0.9057201345653959,0.9057201345653959,0.7684693205121739,0.6765856438111932,1.8528945607858747,1.4306967288856012,1.6002902673175694,0.7410086769437504,0.5229598181373686,0.8855175336613234
H177,0.7859311431433383,0.8059940076843835,0.7842414926168879,0.7645674562649778,0.7825636179517241,0.7088502204003919,0.803376193663303,0.8707927442475172,0.7859311431433383,0.9509458422393888
H178,0.23590574937319875,0.24690666007894985,0.2495701244280403,0.22164743655148023,0.2681994715111357,0.19894481732470798,0.31486945164995284,0.2800865093514301,0.23590574937319875,0.3158490353728992
H179,0.2574394716689322,0.26128448471787774,0.2574394716689322,0.2638641889233019,0.28973704482231205,0.2818907907582259,0.2921007605942785,0.251963477790226,0.30166170870990006,0.25933494822847364
H180,0.5233278227360794,0.5770018803491016,0.4746310109117159,0.5199183392461497,0.7005927667390859,0.6433154773029743,0.7005927667390859,0.5233278227360794,0.42686632908604005,0.6978541586309279
H181,1.1365858900144252,2.310156069641949,0.6436309999533347,0.608937794730386,2.5864798332289185,3.3323854561426858,10.67533450807706,1.4806418035876812,1.5320609054909256,1.1365858900144252
H182,1.9254235060204015,1.8074310646047178,1.8606593316709317,1.8363512824850086,1.6380807122351673,1.850855142237782,1.784236810522531,2.2010520622965157,1.7893744101176685,1.9254235060204015
H183,0.486221886420621,0.4374183132531556,0.4399097883869432,0.3641160150260454,0.409584028719171,0.5483230926779221,0.41671184602874534,0.6898814125055861,0.486221886420621,0.7829362925677787
H184,0.7382486025785894,0.5111009119321859,0.46284911619670666,0.44888061494248266,0.7382486025785894,1.1838366586445224,1.1327899173798675,0.6687688630468671,0.4871741358993931,0.6588812002420819
H185,0.5290625954075693,0.5459435490080973,0.5290625954075693,0.5549287130141369,0.9539842772878787,0.8661552706173066,0.482498800867091,0.6780696070862444,0.35427064762165417,0.6188956413604789
H186,0.48370428488398903,1.5992894484777316,0.3389605153683098,0.35747641337756353,4.950826431536366,0.48370428488398903,6.058639168462151,0.8396074313088582,1.255850050753989,0.3233765527638764
H187,1.5813354001321962,1.6176841213213748,1.5667590087638328,1.5895452689778522,1.6717215221319544,2.044399388735906,1.6579040496199209,1.5813354001321962,1.7311394618851654,1.5913428133908278
H188,0.32866609270713365,0.3335026649862694,0.3290321481130296,0.31439995625276207,0.32866609270713365,0.32939820351892785,0.2690076194832928,0.259964278256522,0.6900425323014652,0.2705033806719614
H189,0.4812058687838541,0.8101351546964541,0.5148594065735937,0.882837047032711,1.2251169850638202,0.5596213011365758,0.7735779178044675,2.916917197858743,0.4812058687838541,2.2387382486879748
H190,0.420258620689654,0.4033569455845375,0.4654818865133084,0.5008474809802441,0.4658090019473263,0.420258620689654,0.4584639498433022,0.5715646404117937,0.4651547710792843,2.3702618153811836
H191,0.31396145332613457,0.2893080117394503,0.3066181963583712,0.3028748578878169,0.30054194674133305,0.5685131195334798,0.3051020408163346,0.27771660657361197,0.31396145332613457,0.5432049959288484
H192,0.5062229461403642,0.5062229461403642,0.5564212660855832,0.5996651512756418,1.6569853270439554,0.9706546924784588,0.655926423948626,0.7826850881234089,0.6722899360906284,0.6531370071940885
H193,0.7720163895018014,0.6285936119597393,0.8285360629039265,0.8076622350209043,0.8865104284304285,0.7675624442461921,0.6834217270924636,0.7450407513718935,0.7720163895018014,0.7159185442953168
H194,0.31988985190023567,0.28473239003335477,0.31988985190023567,0.3103022678025849,0.34872475651626056,0.3818364101317995,0.29902579282179853,0.26823647869493517,0.3070907308358657,0.29546187200462637
H195,0.24604523337281387,0.24604523337281387,0.3258099593995891,0.3107642012263185,0.23451507354628312,0.4040775401069454,0.265626926706487,0.2584320540069054,0.4376032209875101,1.4067267894742503
H196,1.5683829227697725,1.5683829227697725,0.9501971210701676,1.1942041888584924,1.0931605514283003,1.9457645525629346,1.0503909643787745,3.7995241383545477,0.8077221975531828,1.7459659531880742
H197,0.2720015653705622,0.22669180500397978,0.2378549263785088,0.2341938211962488,0.23238809481419004,0.24279979691739842,0.3323170138314984,0.2720015653705622,0.23883228027337092,0.31649746148189917
H198,0.43111612806741884,0.4705162299148185,0.4255445714405542,0.42334430050586724,0.41997301481368204,0.5574474644375358,0.41674348770181524,0.5512487584379651,0.43111612806741884,0.5387121139137186
H199,0.379598299846399,0.3546597371210137,0.38367840832716116,0.379598299846399,0.7523194246145957,0.4518602253856845,0.6972897842751792,0.39845529133478563,0.5141524886141327,0.4073856441392928
H200,0.37656244930335864,0.6510650925722845,0.37247177177270246,0.37656244930335864,1.0727554694110273,0.8122083821506156,3.130353088475053,0.43629823628364495,0.31663913028466817,0.4855747181531799
H201,0.38539921548642564,1.015516890269707,0.6948863533411066,0.6040131713139912,2.4784242561211878,0.8088162822787337,2.4670721278259378,0.7725681019106152,0.38539921548642564,0.6066536058069756
H202,0.09776258447277177,0.16080940748213085,0.09572134075101535,0.0996366046615599,0.14418800114260097,0.13056521739130394,0.7308819449950481,0.1295609535930495,0.09776258447277177,0.16107856568122356
H203,0.6594355739563252,0.7329731465558466,0.7031875955463569,0.7144700647359238,0.8199147585230665,0.8449684116293144,0.774570651364388,0.8146208761870543,0.6594355739563252,0.7721939865737736
H204,0.6656969391521265,0.6351608257792115,0.634210025868163,0.6388707857204983,0.6656969391521265,0.6074646994203645,0.6859799001081571,0.6106571246183098,0.6625696802593939,0.6269915134211209
H205,0.4487099123082684,0.4487099123082684,0.444911080979251,0.4504503348575638,0.4533951742839376,0.433011731169835,0.46706809649250985,0.43647402025244764,0.4364269876745611,0.4679418727560809
H206,0.42964801068822445,0.3543474501554685,0.42964801068822445,0.41863589160821807,0.40820935364701794,0.31707317073170177,0.4782400765184195,0.4627001693636184,0.3855995343681956,1.977591259024536
H207,0.41595865781165753,0.4446251052157344,0.4247696085600329,0.39932137323994077,0.43358055930840556,0.4335600532732487,0.6301360662343571,0.4985361951039763,0.33388047848867364,0.41595865781165753
H208,0.5803500937103331,0.4883333849489651,0.6819421832744996,0.6565441608834536,0.6778316221371316,0.6166325573462994,0.7572351376938604,0.7200323627865264,0.5803500937103331,0.7937615385719511
H209,0.5036819001977301,0.3721583258625848,0.4955819949131609,0.4679846664709842,0.4878650975118618,0.40232487922705484,1.5236449518529378,0.38946033541415526,0.5036819001977301,0.4140907906238834
H210,0.5509158604969614,0.2935570834144342,0.35783202808479486,0.34397642814593654,0.2928407758910293,0.3150503660308316,0.37612675371162557,0.5509158604969614,0.3024096283293616,0.31815965244349026
H211,1.7173957704466236,0.5946216027350513,0.6195783310364643,0.6299435735814187,0.7754411801195142,0.4780137636449756,0.842017598994307,1.7173957704466236,0.6689374255347009,1.0689696865457392
H212,0.6371332734762755,0.7680237901289713,0.6371332734762755,0.6281679682522345,1.4566066318188144,0.6751784668824508,1.1622483022686383,0.8220131849145088,0.6078447267794715,0.6309635966790131
H213,1.1046483323027356,1.3262925965429084,1.1046483323027356,1.973471657884792,2.2262707681776925,1.0906295855865342,1.4733282312840488,4.641468670171212,1.1427913139332317,2.3453673381075912
H214,0.43223393551431794,0.446200614281511,0.4388684911980174,0.43663282240444934,0.4745111960481829,0.4299258160237386,0.5026552237920385,0.44550304688172093,0.43223393551431794,0.4092743823896215
H215,0.5184258716117128,0.65340011681196,0.4778606004426963,0.4671438900631882,1.4045204121437704,0.5184258716117128,1.3937406016105183,0.9903792355427845,0.448469502036361,0.6421454857155853
H216,0.30198144372220637,0.38986764228697474,0.30198144372220637,0.3312725474326247,0.43675173282924007,0.24083175803402393,0.43675173282924007,0.43229896358379183,0.6019211405202933,0.437469777622576
H217,0.5071337301415295,0.8493494666536572,0.5071337301415295,0.51303193609984,0.695833523150285,0.5603915035402066,4.287956998679993,0.6960399740376033,0.378716594698968,0.41526992790712347
H218,0.3164643668621452,0.46818913244207316,0.3610885419683527,0.367785436071551,1.1296252531412376,0.533251950110762,0.5466469818548675,0.4452015633940065,0.3164643668621452,0.45527170807295436
H219,0.7342855978376687,0.7342855978376687,0.7510491224249669,0.7600399247097475,0.7912370657679293,0.6377816086525316,0.7105525860438406,0.78569476646362,0.8123690144766958,0.8776165527969404
H220,0.4913236052975748,0.6778942609945884,0.4913236052975748,0.372402069696101,1.6766734605322378,0.6600981502326244,3.328398615708182,2.2600956700328294,0.35534725163181147,1.412592892222447
H221,0.5064917435503191,0.519125890445078,0.4781260598419145,0.5064917435503191,1.5174116997514742,0.5828746016985509,0.7689149111088069,0.5515946186494745,0.4122658621311202,0.6380259537870309
H222,0.8963821593086985,0.9292940886536762,0.8541865689343939,0.8679868287042117,0.8216943328438859,1.036604241748765,1.0367810032442843,1.1603620787412323,0.8963821593086985,1.1830260401763801
H223,0.03748567015498226,0.027377554463951036,0.053888146103817605,0.03748567015498226,0.02687890853581081,0.024295303497771654,0.040306799159788895,0.01961037409975975,0.035116148528526715,0.07320783294257122
H224,0.0509673108002997,0.07157627264644084,0.047157555809765536,0.0509673108002997,0.11513900295894072,0.046804558356988143,0.2225589830707359,0.06605886883784318,0.049648152237834586,0.0686273215913362
H225,0.3162224402040088,0.3179652293421442,0.3162224402040088,0.2862843457098515,1.4118881006834938,0.4086267418359747,1.2145226473456223,0.8218264091215537,0.30971584674162067,0.2905687392996707
H226,0.4656817621130167,1.038758240980786,0.4656817621130167,0.5198649090113012,1.0931387695178585,0.6453900709219855,3.5293806570922355,1.5112685690854124,0.37269815765082814,0.7646614901260891
H227,0.3943863208623895,0.2728822574788602,0.3943473163563881,0.3936271969906163,0.3943083118503822,3.058911345888383,0.3914668388932927,0.2646970401715879,0.3943863208623895,0.3335263015375791
H228,0.6270142142053954,1.6598781378372323,0.46630914029907233,0.8168846992943821,4.475175818072882,1.7347918296139444,5.206862104827447,0.3872969200819616,2.3697316344107326,0.6270142142053954
H229,1.3592723468789967,1.1609971919461153,1.3592723468789967,1.3429451731970259,1.1485491851367662,1.556997873607081,1.5332502156487942,1.3036856726081876,0.6672401741077318,1.1615468201509072
H230,0.11706325476623661,0.12986219614047512,0.1241660865822661,0.11706325476623661,0.31219495628845145,0.1295617925230838,0.36540544647095696,0.11463906420137782,0.09575475931814659,0.11877038064144924
H231,1.5793663519603207,0.9411713724073142,1.5793663519603207,1.7231512627798438,2.111949501841507,0.7509521794329285,1.2143794895284694,2.166210588267174,0.6118423554049592,2.602290494658714
H232,0.3586786454280344,0.42366731993020623,0.341993260585885,0.33187792822417045,1.0918418326472368,0.3850383051344247,1.3172303569602921,0.3261760396946503,0.3586786454280344,0.3084948552160785
H233,1.1481255590168733,1.3860737120421427,1.1481255590168733,1.1666562792899406,3.359360791336867,1.8796775974934712,2.0003101977116433,1.379299897152761,1.2774848312107567,1.118689724065726
H234,0.44050212168039843,0.3830638099030713,0.438321187920762,0.3972345883074526,0.43614025416112945,0.4265624999999994,0.42453198836786676,0.4346860752192659,0.44050212168039843,0.4192379282954698
H235,0.41718589626757746,0.5373872278976721,0.41718589626757746,0.4320942284417859,1.3526613776261351,0.6050372384240066,1.1707375972024487,0.622574626713118,0.3994219844921328,0.4890013356017181
H236,0.6273542233125673,0.6772727410092227,0.6309836528836563,0.666228555071116,0.7852821966630198,0.6164164903389491,0.7946816044072041,0.6273542233125673,0.7719632616334946,0.6346130824547416
H237,1.3781678388830543,1.3781678388830543,1.5871374339550717,1.4327337883519795,1.5611355813226109,1.0582723279648638,1.9547762072221246,1.0681300050413114,1.619646974469718,1.2601264835373958
H238,0.4791332374728964,0.546009408221313,0.47806901482732245,0.49778962239185504,0.6772534132501211,0.5763651181744072,0.6772861180237487,0.4886094623074355,0.4791332374728964,0.6027115768343756
H239,0.5912658887192586,0.5019656651731917,0.5855698890930504,0.5692110639963951,0.4646902559245214,0.3184480560595799,0.5798738894668429,0.5912658887192586,0.4168769656284331,0.5201345887064313
H240,0.17754114578822278,0.47004949709540217,0.11851375671656278,0.16037164771535486,0.3723114789538558,0.17754114578822278,0.6916737210569965,4.071689788206639,0.1713580427155702,0.6425126138152972
H241,2.199859240011372,2.3865034519197432,2.3066122108016662,2.3523525718608536,2.7587316266513597,2.461126415671858,2.347569417336862,2.4725676144264854,2.199859240011372,2.5286920368864627
H242,1.397728678480027,1.46588858265281,1.319403626717453,1.2943221944702237,1.2190778977285297,1.397728678480027,1.165000410570356,2.0831276574225104,1.2410785749549005,2.1317740584329337
H243,0.5814759036144606,0.5727101042053497,0.537568290009418,0.516892098945497,1.1815181278261526,0.5814759036144606,2.505736985502007,1.4779033215338195,0.44250188784131855,0.9520125880851114
H244,0.017225352428583057,0.026221909313519882,0.01642515215035499,0.017725344823286193,0.0544140051381962,0.01961081013235956,0.08688042225513046,0.02257031203132745,0.017225352428583057,0.01739496910612568
H245,0.33211870207362026,0.31273132731767517,0.32938796412670274,0.32277531216914507,0.33105060810124604,0.3187742839071128,0.3313445415855737,0.5960005681132345,0.3299540316933119,0.33211870207362026
H246,0.3406159873755229,0.40265950243636356,0.3468015485845677,0.36314590988735274,0.493912809395694,0.3406159873755229,0.4993340606239096,0.5985866257893175,0.49002642954303277,0.3529871097936051
H247,0.04413781210312215,0.10486069145914367,0.05187241176317252,0.052340792298668344,0.24039420225699581,0.05927444858364758,0.39699676698752984,0.05305690870646022,0.04413781210312215,0.06198785730473314
H248,0.11133762849336659,0.42633286694070255,0.11133762849336659,0.11720143311279257,0.6051019368020666,0.1421993063394189,3.2002542415544206,0.16068046928846758,0.29495220735250705,0.09458476928620685
H249,0.050567291080610595,0.08087945815674312,0.050567291080610595,0.0607149947190786,0.13027249676383393,0.056420730150626104,0.25419799433955326,0.09528487050760015,0.04738332351891607,0.057476030669001234
H250,0.6085596133978263,0.7749393117833702,0.7953647248070193,0.6085596133978263,0.9853421244504157,1.0666299559471364,2.6035025798682097,0.8202168040541308,0.3765139694788509,0.7833333540592968
H251,0.21827534358510983,0.44081442621622713,0.24659836290775453,0.21827534358510983,1.9324875816195672,0.23168392411472766,1.0052784408174418,0.2805778455897536,0.2612991415571433,0.2625819433050733
H252,0.5521435692921275,0.3780582743354813,0.33215498402313803,0.326834016483712,0.3310574272305984,0.5521435692921275,0.32142644514316776,0.5507575832823985,0.33526189624511105,0.3730952555850403
H253,0.3008268613472269,0.3267271113375942,0.3008268613472269,0.3059944577157909,0.3131810709500798,0.5202533352953221,0.5253773615509395,0.31224722809846017,0.3213512965919562,0.30469786967158197
H254,0.2475675476588201,0.2799090206220329,0.2475675476588201,0.24097003991259228,0.306842253462675,0.2062980611097483,0.6047579094378123,0.3293171672287441,0.19518536492195815,0.2643775965415596
H255,0.06532200192423851,0.10436211400518715,0.07079493343363838,0.0922763329414919,0.2821399531358051,0.06532200192423851,0.44054870001618457,0.15853399770955098,0.08864016184490692,0.16865524593823106
H256,1.1459809634160256,1.544134778301075,1.1459809634160256,1.1156619396061531,2.8503409667889295,1.3548462986198229,3.238271705009254,1.1829146950210894,1.2285365895084701,1.1337044666821607
H257,0.3452986354280161,0.375540248717506,0.34481348627142344,0.35151772345381627,0.4164751020008758,0.37416309237368106,0.41574384975803447,0.3452986354280161,0.35466780060052017,0.4145144207120693
H258,0.40579265561423555,0.3481643841177846,0.35928112126956685,0.351974013862997,0.35051421255967574,0.40579265561423555,0.3767011030459196,0.3432458211873265,0.34946158436986985,0.37181180040254747
H259,0.2641680836007576,0.3701205967680644,0.334949528129795,0.30229653049594246,1.7106541581295824,0.3784658040665466,1.0532240539673756,0.5760065367836713,0.2641680836007576,0.7935903377859785
H260,0.4594262579547336,0.4773869443747821,0.3979364584869286,0.4594262579547336,0.8067310301092334,0.5196897374701688,2.2455310479005823,0.6094738842924768,0.7915601124828983,0.3917609744580322
H261,0.6361971007495342,1.7119485846801483,0.9435099211887934,0.6361971007495342,5.56050076175463,1.0565521427991817,5.136513438610857,0.870275563191611,0.8774759663531666,0.5101538364984093
H262,2.968742906366545,1.4910499346140578,1.4899437399819349,1.4665009374138007,1.5292404951221343,1.4539724420990938,1.3097851637833808,4.109090088642063,1.5007121100699266,2.968742906366545
H263,0.32020531853454626,0.42316863404347976,0.33950164805133204,0.35887298167765225,0.3691311250013266,0.4487383922708963,1.401482037332341,0.42916819794386674,0.32020531853454626,0.4561138368032426
H264,0.895259818469669,1.5331267439509633,0.895259818469669,0.8445946392635177,3.108203165798573,1.3587150285309142,7.9904843677146165,0.9249466982607597,1.2932401932947628,0.8770564114289545
H265,0.51856240126382,0.5124921103381905,0.45947221933759563,0.43376757389895776,0.9193306437118309,0.51856240126382,2.4421615380544095,0.516909538434136,0.6201988308827194,0.7131884290143775
H266,0.5931037864213795,0.7881339004211411,0.6335862069848323,0.5931037864213795,3.9620000788984706,0.984928716904268,0.9286485324331247,0.5498384348556805,0.7919173099092423,0.6101635585248706
H267,0.15783874124870156,0.19755872729793683,0.16761011214016297,0.1663213287553218,0.3488764900781017,0.27260263853570965,0.2737864727113467,0.19428710061995247,0.18657645807637083,0.15783874124870156
H268,0.05074333910953769,0.06440657047955577,0.04755107026493914,0.0496787560474868,0.1131327958780518,0.053691520467836235,0.11352564978057844,0.07530267518417852,0.05074333910953769,0.06975444518858062
H269,6.206213699221028,6.051167175326707,6.353793989529233,6.206213699221028,10.629768009662875,7.460091743119243,9.835786644566323,5.725789901319282,5.258447924663118,5.86022385763469
H270,0.3052875187551862,0.5316192736709537,0.39063254406365966,0.7267831803848259,0.7628389661235049,0.5569692536349895,1.0210932142968785,2.2940617500901226,0.3052875187551862,0.4092049500010355
H271,0.03404868087643689,0.31337523262208233,0.033684126784601816,0.06126994635129332,0.8454646034111285,0.03404868087643689,1.4662389346525644,0.1666619039520934,0.5764238722498091,0.035427084794895994
H272,0.0980841942661656,0.21557003454208315,0.08161491908811414,0.08920640087936649,0.4429846974862533,0.18229254231165004,0.41892913825018496,0.09982226174462452,0.4795827976650807,0.0980841942661656
H273,0.685051407331907,0.7543676478902476,0.7311051997296745,0.7803137592427111,0.7821265286441751,0.7892278953922746,0.685051407331907,0.5890169426150571,0.7869061954372262,0.9507537003917503
H274,1.079196522988903,1.317706545881414,1.1272323182151278,1.079196522988903,2.4733210265427665,1.2962394345660886,1.9193662031041998,1.104526781133805,1.2795543741414273,1.1641034118599611
H275,1.2683524543100224,1.469778028616489,1.221573323966839,1.2683524543100224,2.1927445294639893,1.7606248083667273,4.506056689210213,1.531936891749957,1.1450035636757232,1.0739335866108477
H276,1.2452107279693452,1.9147779151019153,1.2808895275510548,1.2624762766392381,2.4976900662233694,1.2452107279693452,2.4536198783372383,4.412143407656883,1.449218268010561,1.3552960034074508
H277,0.9696491391280425,3.1235014102977408,0.9252569260735962,0.9696491391280425,1.9367629935499258,1.5240200764818734,21.636306564960805,0.8111839691399418,1.143186809357432,1.3027435242563126
H278,0.3990518062335129,0.5094669158841747,0.39239542122673465,0.4264472694955589,0.4233755807617637,0.647612894450494,0.6053714825337069,0.6578787915596408,0.3990518062335129,1.1921652011330466
H279,0.5422169548586339,0.7838773200932136,0.526160017126643,0.5830750066338317,0.5170428023522943,0.7967085668131172,0.497633297875579,1.9127546272568283,0.5422169548586339,1.3980189540492447
H280,0.9075887065547488,0.7926089548030424,0.801996735673901,0.790168893280657,0.7295629325737565,0.9400705052878897,0.6878681586343772,0.9075887065547488,0.7546853661009214,0.8257012804324055
H281,0.31858898088018067,0.27426020697121845,0.3079339922425167,0.31858898088018067,0.355401130783941,0.4106078084736849,0.35148340258710375,0.5801958009350838,0.2778192623283877,0.7209073142779989
H282,1.067930489731432,1.2259477307745457,1.6264308701248507,1.7938632349476005,1.3573337315001335,1.067930489731432,4.147880904908419,2.3999758265114353,0.8202510332542602,2.766881070313428
H283,0.5378614600712941,1.0017047046044663,1.2627481345332872,0.9459629082709482,0.7927419974554302,0.2665367202545843,3.668251843181137,3.03365810297815,0.5378614600712941,1.2673910830375803
H284,1.258066659564871,1.2667873457999823,1.1138929038351895,1.131955562571687,4.332978235138199,1.0350509838770332,1.640184779829731,1.212454385647648,1.258066659564871,1.0742785183148635
H285,0.5835547129214045,0.5054669971957204,0.5683731011415527,0.544531538323443,0.45631219412524804,0.5531914893617063,0.43237119087157194,0.5835547129214045,0.47300684986910035,0.43239490095174526
H286,1.4358434625744787,1.5541179562230472,1.5227361133196013,1.5608474758663378,1.6701611409249995,2.1611853158311973,2.1476214979178216,1.6511479068028478,1.7123024670167797,1.4358434625744787
H287,1.3267951734483008,1.4875664503540273,1.236625110035799,1.3267951734483008,3.048032505649655,1.4383728138012586,1.637129269023678,1.2862164144868158,1.314783729226877,1.2696175418169566
H288,0.5127318502801617,0.7145026049086184,0.691864462116179,0.7419019650669175,0.9147242147868015,0.9489696734059081,1.146635652722797,0.5127318502801617,0.8929778587743683,0.3284813575084475
H289,0.08619051264692926,0.0789368693893822,0.05324640757483312,0.08834013790210132,0.10228008218894702,0.0816653322658108,0.3307335264933707,0.33819647583650064,0.08619051264692926,0.24116113625043814
H290,0.5991180171396379,0.5021301884440561,0.5991180171396379,0.666043228108959,0.5701609626250774,0.40870758811151175,0.5094224945618793,0.42004445371209165,0.6280750716542012,0.8706055203275347
H291,0.4145939560291495,0.5614027866219606,0.5052073165809599,0.5248033925611002,0.5988692017959629,0.6892556179775273,1.1162976887730052,0.4145939560291495,0.5835916205015144,0.43975650814109546
H292,1.527309328839553,1.527309328839553,1.0366358131577533,1.5548944001772536,1.1728756678935617,1.4144704433497757,1.5087393391709512,3.1844634116255905,0.9067839684125191,1.5289151751680619
H293,0.7129798903107797,1.0041092522416404,0.5708322158212773,1.265294997423168,0.5504065251143164,0.7129798903107797,0.7188945654730354,0.5867632090848122,0.6141574895913495,3.4201265096235844
H294,0.4206049085478519,0.35191095444734233,0.4206049085478519,0.381930805222835,0.34537849885211813,0.41680589399116164,0.46470730500680024,0.37418899645629994,0.34851003230790434,0.4248434590236658
H295,0.8115767045454123,0.5517237410888272,0.4595216993053437,0.5036432790537637,0.6993798185450247,0.8973046875000372,0.8115767045454123,0.348339242530604,0.7325172137117544,0.4263683830520675
H296,0.32804253714995746,0.3347404870732312,0.29548895243909656,0.31177911037741346,0.6781053557696244,0.37328174320334356,0.848895224518881,0.34152587874129925,0.32804253714995746,0.42625029933937847
H297,0.5681429392052934,0.506726915274657,0.7106800017252445,0.5681429392052934,0.3934743422512975,0.8596101653096452,0.3807767539719558,0.5518879569201104,0.5660766091759295,0.25445622756485264
H298,0.6291400678069221,2.1403123611537818,1.9040101345237908,1.6632172558223197,0.7688970840835756,0.9410111780434112,1.9069334737671557,6.188738228729175,0.6291400678069221,3.181004331465501
H299,0.4797516560135149,0.4797516560135149,0.5517591973366471,0.5607607412638834,0.3863556467574524,0.5040598078734178,0.3793682603335342,0.6604643091096158,0.5386186166521096,0.6075701588200193
H300,0.8317182689192917,0.8150785152896487,0.7177116367282692,0.8116198589013146,2.257195412616149,1.2132248872145266,0.8358947908108258,0.7645555598959463,0.8317182689192917,0.6894267225385634
H301,0.4443941288893838,0.4006267392165899,0.41150588337378485,0.4002729442441256,0.4231033087236643,0.44082044384667407,0.41688418949561623,0.43041254278972013,0.4188490933553872,0.4443941288893838
H302,0.43579173890735523,0.814158488267903,1.1602631355488247,1.000887344907384,0.5602631964883678,0.5341825732769347,0.7397572078907896,2.002944610034824,0.43579173890735523,0.4834749295966339
H303,0.8002100181018057,2.3495413705906456,1.5031397300010383,0.9755662382783613,5.359366488955937,0.558437055174632,14.511102948822428,2.8346880469000473,0.8002100181018057,3.379352071708274
H304,0.6700252363449599,0.6127289009445531,0.6690215372106301,0.6683846888365187,0.5456094235916565,0.4839032853968962,0.6664741437141875,0.6680178380762994,0.5376878817812939,0.6700252363449599
H305,0.3338604859446124,0.26879449844984427,0.3451019898923273,0.3896777133500567,0.3563434938400333,0.7103743068391988,0.6139063616396851,0.4409532098566298,0.3338604859446124,1.382904649054962
H306,0.5434258879865618,1.163843238359786,0.58498485235337,0.3474570965842592,0.472725049109207,0.6306526330403003,8.371948868752558,1.8550572951120732,0.5434258879865618,0.6381951158454733
H307,0.9365144385518339,0.7104864105844604,0.9365144385518339,0.8522458668725903,0.5851190642296612,1.0134818288393816,0.3429073856975356,0.5994401518348444,0.5673734306850089,0.8595470482642924
H308,0.4666461562284183,0.4570404622738294,0.4299143017449447,0.4312710133266294,0.4367264268901684,0.4666461562284183,0.6198652916799372,0.4286016223343366,0.404659044193789,0.45837209155618647
H309,0.41399070940330285,0.4602876630680504,0.41399070940330285,0.40375185830607974,0.9023983565117476,0.4934552717499828,0.8517241888114808,0.37449300330095003,0.38174544781204633,0.3512871954383157
H310,0.5301278149725944,0.8064031348463347,0.4941209020038835,0.5203700826971565,0.5992414684208809,0.5301278149725944,0.9168758650415958,2.57155600805462,0.4605207893394786,0.46249118424698377
H311,0.28676470588235525,0.25109721355351056,0.2481565817432893,0.25317921002140575,0.5790638583190886,0.28676470588235525,1.3364114818766994,0.32527478607114146,0.5315929552849872,0.5667430549582736
H312,1.3248400206261222,0.9484368228334495,0.9239684563024052,1.035901722471741,1.3717015209796326,0.681310211946054,1.2943723653987713,1.3248400206261222,1.232536054325495,0.9150781106102877
H313,0.25030301796787563,0.42845213523027614,0.3772849331163973,0.29779372346551114,0.854750561376152,0.42526919475655506,1.291782407407394,0.25030301796787563,0.5233798173379046,1.1208148942639433
H314,0.6868401032303303,1.0558442776981836,0.9559736764520981,0.9866320978006662,0.6884042227033357,1.4198929807993814,0.6868401032303303,2.5435993479712757,0.684997908133488,1.1274726207664711
H315,1.4404181184668912,1.636105542567375,1.5094776310795566,1.5680005512772708,1.6906451576295007,1.4404181184668912,1.6651422764227597,1.7435693118703748,1.743802416191186,1.8398968915386962
H316,1.792703771526996,2.0061157560226404,1.902501293343989,1.792703771526996,1.5686437913352997,2.638088536335732,1.668508378796534,1.2816547618751877,1.5235779908279121,4.044830048950194
H317,0.3119041909215431,0.27973233920361296,0.3028470130728934,0.2870343629326718,0.24192273114733678,0.3119041909215431,0.21987649401110565,0.3739796660947369,0.2945231996155643,0.22014708086608764
H318,0.3937678240210193,0.3937678240210193,0.38237759548848704,0.3389152241610548,0.22670838703305934,0.8196557245796803,0.1756215731636016,0.8333342289545256,0.28836367052835493,0.6259732035945703
H319,0.3644321585310673,0.3644321585310673,0.3442921424446753,0.34914532120258057,0.35538605206134666,0.48851551364982876,0.34672341678548274,0.2846589533769554,0.3798616166180018,0.44560225762532113
H320,0.4135346732683985,0.40788818785854614,0.40029726157022966,0.3989403415232974,0.40918758866832167,0.4709433962264197,0.47650358239010854,0.4789044906441707,0.4135346732683985,0.433372472904783
H321,3.212393093173503,3.6630835515485782,3.212393093173503,3.6184293368697222,8.336247184869766,4.874999999999975,3.8466977868033903,4.048237890736736,2.933997630288721,3.578203700837606
H322,0.4917185144216152,0.47400606899532743,0.4917185144216152,0.5067424916147227,0.4367251058742268,0.4858761395511956,0.5786223796583903,0.4393381271966448,0.44810991590389976,0.503699900510693
H323,0.34756859428729686,0.6177061395895354,0.3368781390159348,0.34756859428729686,0.6941584384530899,0.3499979541041194,4.074000070145208,3.4885191748261652,0.32804947808803386,1.5333143671490324
H324,0.4337834462948827,0.7447697965146719,0.3238004618689828,0.6736723986325852,3.049875658310924,0.4337834462948827,3.26572566006592,2.355843654701853,0.3852640107201223,0.6131155639132528
H325,0.13926247606911538,0.1609424383197351,0.1424165672332503,0.13926247606911538,0.22932675638092825,0.12793455062840933,0.6615903643969079,0.16106141405067972,0.1307582940653928,0.13174306527967958
H326,0.5111397583768332,0.5306054718298107,0.5146719517982058,0.5109638876131402,0.5247934126041576,0.5226327789699607,0.9003417785812133,0.5252811261631078,0.5111397583768332,0.7625776231848556
H327,1.1594410194621712,0.3113433304154874,0.8503426799740179,0.374677556655297,1.504827576098943,0.6193063150786908,1.5160725754426265,2.5656787883135146,1.1594410194621712,1.7894990985731738
H328,1.1091168052757152,1.1917470853096623,1.1765490873509834,1.1966307045370095,1.3343975503501446,1.1091168052757152,1.7595270313464906,1.2731880725268627,1.2647767354397637,1.1761893973280564
H329,1.139235524060211,1.0950370363956272,1.1821271474534116,1.139235524060211,1.0381391054586522,1.2249371650208158,1.044006919955089,1.0416264331409362,1.0248203414902508,1.1435189929853515
H330,1.1396822193332348,1.0025097278902932,1.192178762925488,1.1396822193332348,1.1809560160688681,0.9069828434076859,1.1139943458805348,0.6204506056939404,1.20546790576077,1.0181221066326795
H331,1.2549201961649457,1.3419991731314838,1.2005174074401797,1.2060471390473886,1.3442764230194082,1.4473495097570361,2.3723703525923003,1.1507260015917578,1.2723253496540239,1.2549201961649457
H332,0.2921444418814062,0.7589032990514932,0.42096023833846036,0.6253249786534798,1.4938402375593287,0.649442612137203,1.4870084546973197,0.342502625623325,1.4941729476110048,0.2921444418814062
H333,3.239721733609262,3.2063752710552516,3.239721733609262,3.0429149317968696,2.250050448650586,2.670153494697848,3.0520617128198646,5.0868057496539425,3.5876923003258114,3.605993700680941
H334,0.7651960914678068,0.7783437576371026,0.7651960914678068,0.7614305429346289,0.7506968396505391,0.8592143834277898,0.7329266561585774,0.7986626679283276,0.7681983417144045,0.89022930957646
H335,4.76510394399285,3.4833815490787385,3.2542679381953326,3.105039879798559,2.69644970809901,3.91353452293763,2.69644970809901,3.6739762352926633,4.264559152185412,4.76510394399285
H336,0.7991254278940068,0.7991254278940068,0.8773793188325625,0.8888261183406417,0.8997258783984579,0.8748940914358038,0.9286890400889249,1.1653590518754946,0.8605519157164698,0.8450776990790034
H337,2.56323208672557,2.56323208672557,3.590711419411453,2.9307404935960975,1.6085444611963462,2.4800054868316037,1.5119059964313482,4.055238991748126,1.6327215985630217,5.330558667993795
H338,0.9527128256055204,0.8854224301373084,0.859247190416087,0.810470825231538,0.9905764365991414,1.2113747842097358,1.182347925470046,0.6834175867197556,0.9527128256055204,0.8223587891885755
H339,1.8357710172143076,1.1603244548317577,1.5056700083047885,1.3355757253941487,0.8578157705531371,1.8357710172143076,0.8786203037241147,1.206584995392637,0.8372513507232937,1.3614046499403134
H340,1.2825406489156492,1.3379838546639173,1.2825406489156492,1.3070512240867191,1.3889817145300345,1.265347082602293,1.387284978168371,1.3973795138659817,1.3936789376293346,1.3050698530802294
H341,1.4194240534932696,1.8591186205863155,1.508658832751527,1.6651629616103278,1.789987049251999,2.501893178859172,2.284978124857227,2.8705778107291993,1.630667634232836,1.4194240534932696
H342,1.7024558352513095,1.7024558352513095,1.7253424788830163,1.7280026806146962,1.7359832858097346,1.7670862142073647,1.727525836997151,2.0128484770833133,1.7232410823044684,1.7518127859986166
H343,1.6968944322195014,1.7545718154859362,1.6968944322195014,1.7234483023721916,1.885657589963164,1.6116737476418521,1.8780631723609895,1.8423699164936984,1.9726873950618737,1.815006770636747
H344,0.8575685485589861,0.8473555374589086,0.8645506177234719,0.8575685485589861,0.9972682520055398,0.8965363336689589,0.950924358782411,0.8502629445279966,0.8562493299080703,0.8371514433186672
H345,1.063635508653557,0.975984486314275,1.059080919399346,0.9933576994115119,1.1427329305318303,1.063635508653557,1.2434453139340713,0.9368422930643208,1.0820952253102938,1.0729990174610784
H346,1.7508247142871474,1.7508247142871474,1.7210062805330228,1.6341443879543,1.7560963590295473,2.917207570458139,1.7381790747323234,1.6749827797553982,1.737772593744836,1.7697053926994522
H347,2.0210818473911663,1.7938865846163785,2.0210818473911663,1.9273292658975256,1.5344588153580567,1.6159897878659244,1.7663322546233486,1.6701912176447542,1.52954388091562,2.43977226424695
H348,0.8990750467738835,0.9005479756715986,0.9234945629517332,0.8990750467738835,0.9870072008450307,0.8566731199728139,0.9685779578646474,1.0841742598916257,0.8896454139178004,1.0018590181314178
H349,2.187007293358158,2.1798303663231176,2.31057369931543,2.187007293358158,2.3106489458529245,2.3119345908831126,2.3180696934209655,1.8869890476890014,2.310498452777937,1.8349772605907608
H350,0.9932446803561873,1.2015743555593426,0.6903490380835655,0.9932446803561873,1.5413121120728732,0.8499742110083256,2.0322283237247767,1.9473402581186872,1.384763887893483,0.6068795125984886
H351,0.3052926480983953,0.375076305880107,0.2924196278165002,0.3052926480983953,0.6590716075612828,0.29353024230278735,0.6956632674785523,0.3524357725960808,0.6261877188504268,0.3299140104463048
H352,0.8176400846101153,0.8532035023637765,0.8176400846101153,0.8150591129450216,1.038191119662842,0.9695380159091909,1.029366493842947,0.9723199635982196,1.0279605629577784,1.0455461516789961
H353,1.3728329626122528,1.6164370837506334,1.4039629388052401,1.4125601683730666,1.437638066264073,1.3728329626122528,1.4383518570765452,1.429287243509247,1.4350929149982274,3.1905319983098916
H354,1.424051727755273,1.424051727755273,1.299821389122695,1.3445417553478678,1.535182796422904,1.457036810990408,1.7316484391727818,1.5133298824876409,1.4651922123745873,1.2046495990141628
H355,1.2160873131769006,1.216245709229249,1.2160873131769006,1.2202646053624036,1.2421103532308349,1.2534547738693465,1.2521906782132513,1.262466792719727,1.2927537503273254,1.1930206428847652
H356,2.2070984987689157,2.0511023708661282,2.2070984987689157,2.1680294307247236,2.0903915364285597,2.301899864710107,2.09936814115237,2.464713772063922,2.08196438615004,2.427104857713987
H357,0.8026835907179035,0.8783417830025424,0.8026835907179035,0.7859247346939304,0.9779321159518977,0.817549603174911,1.396274748746076,1.054964148268708,0.7646996757656447,0.8298489417697508
H358,3.6020974662006493,2.58801561140928,3.575954148118724,3.1088695188042395,1.7076156308607866,1.895158503490743,1.7866030425126516,3.5498108300367996,1.47942100730072,3.6020974662006493
H359,0.49994182001018445,0.4751050128119657,0.5257687727064944,0.48573725325195377,0.5593034925530342,0.49994182001018445,0.5043612543620156,0.5064082330761677,0.7526058683369081,0.47602609122312783
H360,0.5269112065588768,0.453173262089615,0.46558556845368543,0.5269112065588768,0.4898703913371122,0.42727183377451816,0.4191654531081304,0.6496001188635581,0.6253568519297318,0.7631148151961603
H361,0.7436457029066557,1.0268407461024442,0.8842749616985529,0.8905606772649388,1.0767820355255282,0.7436457029066557,1.801752504617648,1.2173935771592397,1.0504091085161513,1.1960641828447702
H362,0.4938417529747898,0.6462316115247057,0.4265761165521832,0.488174987851125,0.9868155971226351,0.8011826309491854,2.1773721798074037,0.4088664534869393,0.7528884907840974,0.4938417529747898
H363,1.09728778319697,1.135392372865852,1.080598891106745,1.0915364044077867,1.09728778319697,1.7727039653600727,1.0699635369188694,1.2745639391651622,1.1350047617186687,1.179127094941471
H364,0.9421329292208649,0.9421329292208649,0.9930542456625836,0.8895516925564968,0.7883939563734006,1.5899282079653134,0.7660854421804687,1.467990222334284,0.7284656762073963,1.1151971658548872
H365,1.3059120956009367,1.283702379270673,1.3059120956009367,1.3075937967096938,1.26543985223964,1.3882906916945228,1.2657516513683262,1.231330409241063,1.2723844772672908,1.3457769944772555
H366,0.5108114097010239,0.9450972184511947,0.6240719645171935,0.7620928850783032,1.1655090891645177,1.2125818980198364,1.4154345565799464,0.9858867541235445,1.3516402478320422,0.5108114097010239
H367,1.1732014253990886,1.0254254606046729,1.1571526900357432,1.15928079902419,1.1732014253990886,0.8593674640686794,1.1438422027988009,0.9335699914496681,1.1713051208269867,0.9400312756346773
H368,0.8566372123431618,0.8546446599944255,0.861268898890077,0.8626330976924392,0.8659005854369922,1.0575381393957524,0.8566372123431618,0.8481926129554154,0.8741473723535808,0.8607970204228312
H369,2.0611874028579393,2.052658010904935,2.06204015269381,2.0632671918071908,2.0611874028579393,2.038641216080585,2.062892902529681,2.087987259144599,2.066948309147333,2.080769661911326
H370,1.5701193671224145,1.353322021393055,1.4222143516865657,1.4101465728994038,1.3341957922226926,1.3208481359465623,1.3971409712388188,1.3621911125731323,1.445663351809023,1.5701193671224145
H371,1.056865467795725,0.9496050105796161,1.0492657692950331,1.0461237129387442,1.056865467795725,0.5849720842903126,1.0391895771340205,1.340422359457753,1.043099100544494,1.0186443398242633
H372,0.9817679606618525,0.9834095607040397,0.9817679606618525,0.930726114101575,1.313338066445806,1.0190136227872078,1.386158306168714,0.853721602796359,1.2001676177527298,0.976036220591388
H373,0.7193719036023176,0.8856348026070493,0.805053872732064,0.8627194131233689,1.3979733918947768,0.7193719036023176,1.4003976330849972,1.0190736423120803,1.4032402407939346,0.48909264067697
H374,1.9530311086610628,1.7713598501115406,1.831203806681914,1.9530311086610628,1.8671190220218892,2.044927586890486,2.7369171733847666,2.072244551817354,1.9611378766988639,1.9695721449561727
H375,2.4346692446700526,2.6521693276546,2.706563521445476,2.66400166983841,2.654569970967402,2.738829405825092,2.521920419515203,2.4346692446700526,3.013732627274662,2.545162910218322
H376,2.01644717077704,2.01644717077704,2.02947997540151,2.025997173917679,2.019136698294628,2.265053128689492,2.0422633037632867,1.9878214171480688,2.018224915259844,1.821869729692292
H377,1.9601079878944843,1.9083054058330187,1.9196432958296126,1.9673901843441082,2.1982757193741183,1.9020503387192742,2.1424176282529377,1.9601079878944843,2.1317161762879433,1.2361152871280312
H378,0.8749871328347121,1.0749128263185697,0.7400747121991139,0.7947951300385748,1.3583292125885518,1.2203921940310218,2.5932011147926133,0.7233960590840138,1.0525365932566064,0.8749871328347121
H379,1.1259343177745562,1.0190915416826392,1.0830354666183555,1.0714315041956732,1.1136050344594255,1.052286786883576,1.6056801732188637,1.0348924846896013,0.9509496639458176,1.1259343177745562
H380,1.07876364256855,1.0919646461266619,1.076744376973931,1.07876364256855,1.097041137932501,1.2803679767871268,1.1071150320530525,1.0722914887080135,1.1047377441426232,1.231133722436145
H381,1.5313864267519905,1.512378640217987,1.527224364430273,1.522599315826311,1.5305718929407712,1.6002476294014616,1.5273005624841014,1.4543944330404133,1.5313864267519905,1.532038954237406
H382,1.3837507339170296,1.1920756352604382,1.2729576245465422,1.2571251332741717,1.2030681583239642,0.6550238830234201,1.6991255939826018,1.2920759464529747,1.211588836504049,1.3837507339170296
H383,0.5514166892076083,0.8358381202802572,0.8045713609055627,0.8159404151376355,0.9448382106316038,0.5514166892076083,1.300172054059831,0.9444694712506024,0.9735031091144293,1.3552401092588362
H384,0.8967106044951796,0.7733373962710709,0.8161642625596708,0.7717690088682924,1.0560082015096044,0.8967106044951796,1.055728345056516,0.8777260460389008,0.7805863630792849,0.8642079918743719
H385,1.2837793271553006,1.211803383822459,1.3204277079202256,1.2837793271553006,1.2340012977254742,1.1822643704630966,0.9454446560955861,1.5355831045353185,0.9488607527407862,1.458591045377355
H386,1.4404927428376146,1.4335932724519085,1.4661576276193187,1.446092444593183,1.4231872804506935,1.4404927428376146,1.4212171710191015,1.4057235380160176,1.426660191382223,1.5023080880867261
H387,0.9464801065019666,0.9551002510518922,0.9464801065019666,0.9185928841769311,0.9124228706441736,1.0702239908689004,0.9893253023330015,1.290041899270821,0.9294005745630104,1.2626868223924341
H388,1.4163569540231382,1.4300290810301075,1.4005611423240043,1.4163569540231382,1.4709144839400188,1.3465449768902067,1.470541010574298,1.4305132072014457,1.4863326617783994,1.4646759788500479
H389,1.0454282959346068,1.1522046958193348,1.1112388994584863,1.1609682123330605,1.4164022794863647,1.6019784060413154,1.4131572686161618,1.0454282959346068,1.397892471979618,1.2360427754578394
H390,1.0318131045076195,1.0352689440813454,1.014804779348945,1.0231392023323669,1.118052483843182,1.226824346440155,1.1142289267253513,1.0318131045076195,1.1315949702222845,1.0249159637605465
H391,2.6027917436690613,2.1431284726178377,2.172776683569264,2.0870599626827477,1.936161569415356,2.077552337211441,2.0183208326429414,2.6027917436690613,2.569303070715292,2.422675571172814
H392,0.6613282712100393,0.6722668456388365,0.6745584124757513,0.6753444477425066,0.6680923868646876,0.6861447944320873,0.6680891724324218,0.6613282712100393,0.6680818612217752,0.691481037767408
H393,0.6812048186420708,0.6640649698638439,0.6812048186420708,0.6569115770412038,0.7732589362332561,0.716847613062612,1.108855704715309,0.7224218874544347,0.7193136726133603,0.7255724325387943
H394,3.3797673545742803,2.756442848054216,3.592481724562118,3.1759964511593304,2.2178871209544093,2.0717209152433123,2.467803111408647,3.8113194130615495,3.505694138775639,3.3797673545742803
H395,2.372510955685244,2.7380053106256925,3.2435873454750386,3.0184766700201036,2.377458485416459,3.202528828646571,2.372510955685244,3.3938127499187254,2.3900080355075177,2.130817845643556
H396,1.4009027612754184,1.6726420682571899,1.558358034472315,1.6053064091378677,1.7479677303999346,1.4009027612754184,1.758115639593182,1.789309837608986,1.7653672439526868,1.82818884860251
H397,0.8586391366282216,0.8586391366282216,0.8712402320729946,0.8692607115721944,0.870296908673837,0.8986607594572839,0.8856327616016846,1.0040018616100395,1.0581812922062581,0.9659184098031974
H398,1.2023753528346772,1.1980797721952923,1.0181013491984057,1.1231001935064797,1.4987962018299348,0.9420246800731265,1.5080766893716746,1.191624589895954,1.538758825176378,1.2023753528346772
H399,1.9777898122523037,1.8413579538692306,1.9938241042924878,1.765966888220617,2.051932231400081,1.8336750721854713,2.0546806815750687,1.4232112903014111,2.061959350700687,1.9777898122523037
H400,1.8701274055811226,1.7991967328542815,1.8241206222097663,1.8160898114452417,1.798036904793337,2.1687536908947154,1.7931931835044557,1.8701274055811226,1.776649411906248,2.3503790215722833
H401,1.1793644802157142,1.1032249059240447,1.2596571487320907,1.132512607936838,1.2658500220684656,1.1793644802157142,3.1720662511927675,1.5654734312103469,1.2033374303890687,1.3257248479020594
H402,0.9971257741498845,0.9971257741498845,0.8612544964967905,0.812333784669587,0.9747982856907071,0.8316810596079307,2.20759946004135,1.2615942528727133,0.7093006266931916,0.8982929944793417
H403,0.725096743816002,0.8338978651671083,0.8077759209620032,0.7764394946344992,1.0178992300512784,0.725096743816002,1.2103214214549964,0.9729346880734593,0.7379431702159278,0.8589767738844214
H404,3.380139810690374,2.0379522947312037,2.2474265590286815,2.1136824075553378,1.9652286016247014,1.169078848183085,2.4121453850958265,1.7560494141821021,1.530813171138183,3.380139810690374
H405,1.830992063661513,1.9597023975074308,2.05216137322018,2.1248694364728893,2.3429936262310154,2.3174890672932573,2.3274065027879347,1.830992063661513,2.3695365400505866,2.2467436054537533
H406,0.7026504878960821,0.7026504878960821,0.7327789731916268,0.7306688357415131,0.7953920074427675,0.7516925525926967,0.7633028666436628,0.6500383677111232,1.285926621595576,0.7127527333994426
H407,2.392179075775581,2.0146889858017287,2.1768284626634395,2.2677485395815267,1.5616685513524815,2.392179075775581,2.4895154590521638,1.9296351171168002,1.538740879155576,1.9597415161651102
H408,1.3481299518409773,1.5954693574520427,1.2236721548736473,1.237031496480752,1.955701702472727,1.5962252373599672,3.927156291580159,1.2197841216440222,1.801778828810269,1.3481299518409773
H409,1.730025336786619,1.5923146629285956,2.468012776721553,2.2870921903286656,1.7443304311500039,2.0385974747720956,1.730025336786619,5.9641192181514775,1.7572431362051977,3.18068873696346
H410,0.9451866212149536,0.9573630978723308,0.9451866212149536,0.970994459494639,1.1576136356832762,0.7543470579538623,1.1972254585797395,1.2833261124494408,1.1296123451744535,0.7473743900050702
H411,0.9137055013409745,0.8735450119179659,0.9080090405241779,0.9037270703325883,0.9044832442026267,0.8550625096465503,0.9137055013409745,1.3190935280057312,0.8998932496453064,0.8869470158416354
H412,1.215102636201221,1.2422420208825256,1.24686320765917,1.264075346948807,1.228813386677225,1.4797542637080503,1.2226208917826105,1.215102636201221,1.2309731536338835,1.3356618379989098
H413,0.9869183143974937,1.1844355611519934,0.9869183143974937,1.0393609827531012,1.5697896753691278,0.94526211400073,1.4859533092804713,1.4427645323484248,1.2262117751475627,1.038123198196947
H414,0.6663667636824324,0.4945803902301148,0.659544172761231,0.681980461362061,0.656173833533123,0.3358392557201609,0.7574236115889176,0.29750448681833785,0.6663667636824324,0.2563534593467979
